company,item_code,item_name,item_group,opening_stock_qty,valuation_rate,safety_stock_qty,stock_uom,warehouse,weight_per_unit,weight_uom,warranty_period_days,country_of_origin,brand,description,is_bundle,has_expiry_date,expiry_date,shelf_life_in_days,is_sales_item,min_selling_quantity,sales_lead_time_days,standard_selling_price,uom_standard_selling_price,currency_standard_selling_price,maximum_selling_price,uom_maximum_selling_price,currency_maximum_selling_price,minimum_selling_price,uom_minimum_selling_price,currency_minimum_selling_price,is_purchase_item,min_purchase_quantity,standard_purchase_price,uom_standard_purchase_price,currency_standard_purchase_price,maximum_purchase_price,uom_maximum_purchase_price,currency_maximum_purchase_price,minimum_purchase_price,uom_minimum_purchase_price,currency_minimum_purchase_price,cost_price,uom_cost_price,currency_cost_price,facet_value,has_batch_no,batch_number_series,has_serial_no,serial_no_series
Ultimax Supply Sdn Bhd,01214,Bending Iron for 2.7mm LCP,Insertion & Driving Instruments,1000,10,0,Nos,WH-00351,0.35,Kg,0,Malaysia,,VA 2.7/3.5 mm set (Instruments),FALSE,FALSE,,0,TRUE,1,0,0,Nos,MYR,99999999,Nos,MYR,0,Nos,MYR,TRUE,1,0,Nos,MYR,0,Nos,MYR,0,Nos,MYR,0,Nos,MYR,"{""Instrument Category"":""Small Fragment System"",""Function Type"":""Bending Tool"",""Diameter"":2.7}",FALSE,,FALSE,
Ultimax Supply Sdn Bhd,010010,Drill Bit ⌀2.5mm(Short),Drilling Instruments,1000,10,0,Nos,WH-00351,0.05,Kg,0,Malaysia,,"VA 3.5 mm set (Instruments), VA 2.7/3.5 mm set (Instruments)",FALSE,FALSE,,0,TRUE,1,0,0,Nos,MYR,99999999,Nos,MYR,0,Nos,MYR,TRUE,1,0,Nos,MYR,0,Nos,MYR,0,Nos,MYR,0,Nos,MYR,"{""Instrument Category"":""Small Fragment System"",""Function Type"":""Drill Bit"",""Diameter"":2.5,""Drill Type"":""Drill Bit"",""Compatible Screw Diameter"":2.5}",FALSE,,FALSE,
Ultimax Supply Sdn Bhd,010020,"Drill Bit, ⌀3.2mm",Drilling Instruments,1000,10,0,Nos,WH-00351,0.05,Kg,0,Malaysia,,VA 4.5/ 5.0 mm set (Instruments),FALSE,FALSE,,0,TRUE,1,0,0,Nos,MYR,99999999,Nos,MYR,0,Nos,MYR,TRUE,1,0,Nos,MYR,0,Nos,MYR,0,Nos,MYR,0,Nos,MYR,"{""Instrument Category"":""Large Fragment System"",""Function Type"":""Drill Bit"",""Diameter"":3.2,""Drill Type"":""Drill Bit"",""Compatible Screw Diameter"":3.2}",FALSE,,FALSE,
Ultimax Supply Sdn Bhd,010030,Drill Bit ⌀3.5mm,Drilling Instruments,1000,10,0,Nos,WH-00351,0.05,Kg,0,Malaysia,,"VA 3.5 mm set (Instruments), VA 2.7/3.5 mm set (Instruments)",FALSE,FALSE,,0,TRUE,1,0,0,Nos,MYR,99999999,Nos,MYR,0,Nos,MYR,TRUE,1,0,Nos,MYR,0,Nos,MYR,0,Nos,MYR,0,Nos,MYR,"{""Instrument Category"":""Small Fragment System"",""Function Type"":""Drill Bit"",""Diameter"":3.5,""Drill Type"":""Drill Bit"",""Compatible Screw Diameter"":3.5}",FALSE,,FALSE,
Ultimax Supply Sdn Bhd,010040,"Drill Bit, ⌀4.5mm",Drilling Instruments,1000,10,0,Nos,WH-00351,0.05,Kg,0,Malaysia,,VA 4.5/ 5.0 mm set (Instruments),FALSE,FALSE,,0,TRUE,1,0,0,Nos,MYR,99999999,Nos,MYR,0,Nos,MYR,TRUE,1,0,Nos,MYR,0,Nos,MYR,0,Nos,MYR,0,Nos,MYR,"{""Instrument Category"":""Large Fragment System"",""Function Type"":""Drill Bit"",""Diameter"":4.5,""Drill Type"":""Drill Bit"",""Compatible Screw Diameter"":4.5}",FALSE,,FALSE,
Ultimax Supply Sdn Bhd,020010,Tap ⌀3.5mm,Insertion & Driving Instruments,1000,10,0,Nos,WH-00351,0.15,Kg,0,Malaysia,,"VA 3.5 mm set (Instruments), VA 2.7/3.5 mm set (Instruments)",FALSE,FALSE,,0,TRUE,1,0,0,Nos,MYR,99999999,Nos,MYR,0,Nos,MYR,TRUE,1,0,Nos,MYR,0,Nos,MYR,0,Nos,MYR,0,Nos,MYR,"{""Instrument Category"":""Small Fragment System"",""Function Type"":""Tap"",""Diameter"":3.5}",FALSE,,FALSE,
Ultimax Supply Sdn Bhd,020020,Tap ⌀4.0mm,Insertion & Driving Instruments,1000,10,0,Nos,WH-00351,0.15,Kg,0,Malaysia,,VA 2.7/3.5 mm set (Instruments),FALSE,FALSE,,0,TRUE,1,0,0,Nos,MYR,99999999,Nos,MYR,0,Nos,MYR,TRUE,1,0,Nos,MYR,0,Nos,MYR,0,Nos,MYR,0,Nos,MYR,"{""Instrument Category"":""Small Fragment System"",""Function Type"":""Tap"",""Diameter"":4}",FALSE,,FALSE,
Ultimax Supply Sdn Bhd,020030,"Tap, ⌀4.5mm",Insertion & Driving Instruments,1000,10,0,Nos,WH-00351,0.15,Kg,0,Malaysia,,VA 4.5/ 5.0 mm set (Instruments),FALSE,FALSE,,0,TRUE,1,0,0,Nos,MYR,99999999,Nos,MYR,0,Nos,MYR,TRUE,1,0,Nos,MYR,0,Nos,MYR,0,Nos,MYR,0,Nos,MYR,"{""Instrument Category"":""Large Fragment System"",""Function Type"":""Tap"",""Diameter"":4.5}",FALSE,,FALSE,
Ultimax Supply Sdn Bhd,020040,"Tap, ⌀6.5mm",Insertion & Driving Instruments,1000,10,0,Nos,WH-00351,0.15,Kg,0,Malaysia,,VA 4.5/ 5.0 mm set (Instruments),FALSE,FALSE,,0,TRUE,1,0,0,Nos,MYR,99999999,Nos,MYR,0,Nos,MYR,TRUE,1,0,Nos,MYR,0,Nos,MYR,0,Nos,MYR,0,Nos,MYR,"{""Instrument Category"":""Large Fragment System"",""Function Type"":""Tap"",""Diameter"":6.5}",FALSE,,FALSE,
Ultimax Supply Sdn Bhd,030100,T-Handle with Quick Coupling,Insertion & Driving Instruments,1000,10,0,Nos,WH-00351,0.15,Kg,0,Malaysia,,VA 4.5/ 5.0 mm set (Instruments),FALSE,FALSE,,0,TRUE,1,0,0,Nos,MYR,99999999,Nos,MYR,0,Nos,MYR,TRUE,1,0,Nos,MYR,0,Nos,MYR,0,Nos,MYR,0,Nos,MYR,"{""Instrument Category"":""Large Fragment System""}",FALSE,,FALSE,
Ultimax Supply Sdn Bhd,201120,Double Drill Guide 2.5/3.5mm,Drilling Instruments,1000,10,0,Nos,WH-00351,0.15,Kg,0,Malaysia,,"VA 3.5 mm set (Instruments), VA 2.7/3.5 mm set (Instruments)",FALSE,FALSE,,0,TRUE,1,0,0,Nos,MYR,99999999,Nos,MYR,0,Nos,MYR,TRUE,1,0,Nos,MYR,0,Nos,MYR,0,Nos,MYR,0,Nos,MYR,"{""Instrument Category"":""Small Fragment System"",""Function Type"":""Drill Guide"",""Dual Size"":true,""Drill Type"":""Drill Guide""}",FALSE,,FALSE,
Ultimax Supply Sdn Bhd,201160,Bending Iron for 3.5mm LCP,Insertion & Driving Instruments,1000,10,0,Nos,WH-00351,0.35,Kg,0,Malaysia,,VA 2.7/3.5 mm set (Instruments),FALSE,FALSE,,0,TRUE,1,0,0,Nos,MYR,99999999,Nos,MYR,0,Nos,MYR,TRUE,1,0,Nos,MYR,0,Nos,MYR,0,Nos,MYR,0,Nos,MYR,"{""Instrument Category"":""Small Fragment System"",""Function Type"":""Bending Tool"",""Diameter"":3.5}",FALSE,,FALSE,
Ultimax Supply Sdn Bhd,201170,Bone Holding Forceps,Insertion & Driving Instruments,1000,10,0,Nos,WH-00351,0.35,Kg,0,Malaysia,,"VA 3.5 mm set (Instruments), VA 2.7/3.5 mm set (Instruments)",FALSE,FALSE,,0,TRUE,1,0,0,Nos,MYR,99999999,Nos,MYR,0,Nos,MYR,TRUE,1,0,Nos,MYR,0,Nos,MYR,0,Nos,MYR,0,Nos,MYR,"{""Instrument Category"":""Small Fragment System"",""Function Type"":""Reduction Clamp""}",FALSE,,FALSE,
Ultimax Supply Sdn Bhd,201180,"Reduction Forceps, Serrated Jaws",Insertion & Driving Instruments,1000,10,0,Nos,WH-00351,0.35,Kg,0,Malaysia,,"VA 3.5 mm set (Instruments), VA 2.7/3.5 mm set (Instruments)",FALSE,FALSE,,0,TRUE,1,0,0,Nos,MYR,99999999,Nos,MYR,0,Nos,MYR,TRUE,1,0,Nos,MYR,0,Nos,MYR,0,Nos,MYR,0,Nos,MYR,"{""Instrument Category"":""Small Fragment System"",""Function Type"":""Reduction Clamp""}",FALSE,,FALSE,
Ultimax Supply Sdn Bhd,201190,Reduction Forceps with Points,Insertion & Driving Instruments,1000,10,0,Nos,WH-00351,0.35,Kg,0,Malaysia,,"VA 3.5 mm set (Instruments), VA 2.7/3.5 mm set (Instruments)",FALSE,FALSE,,0,TRUE,1,0,0,Nos,MYR,99999999,Nos,MYR,0,Nos,MYR,TRUE,1,0,Nos,MYR,0,Nos,MYR,0,Nos,MYR,0,Nos,MYR,"{""Instrument Category"":""Small Fragment System"",""Function Type"":""Reduction Clamp""}",FALSE,,FALSE,
Ultimax Supply Sdn Bhd,201200,"Depth Gauge 80mm, ⌀3.5mm",Measurement Instruments,1000,10,0,Nos,WH-00351,0.15,Kg,0,Malaysia,,"Omnail set (Instruments), VA 2.7/3.5 mm set (Instruments)",FALSE,FALSE,,0,TRUE,1,0,0,Nos,MYR,99999999,Nos,MYR,0,Nos,MYR,TRUE,1,0,Nos,MYR,0,Nos,MYR,0,Nos,MYR,0,Nos,MYR,"{""Instrument Category"":""Nail System"",""Function Type"":""Depth Gauge"",""Diameter"":3.5,""Measurement Type"":""Depth Gauge"",""Measurement Range"":80}",FALSE,,FALSE,
Ultimax Supply Sdn Bhd,206110,Double Drill Guide 6.5/3.2mm,Drilling Instruments,1000,10,0,Nos,WH-00351,0.15,Kg,0,Malaysia,,VA 4.5/ 5.0 mm set (Instruments),FALSE,FALSE,,0,TRUE,1,0,0,Nos,MYR,99999999,Nos,MYR,0,Nos,MYR,TRUE,1,0,Nos,MYR,0,Nos,MYR,0,Nos,MYR,0,Nos,MYR,"{""Instrument Category"":""Large Fragment System"",""Function Type"":""Drill Guide"",""Dual Size"":true,""Drill Type"":""Drill Guide""}",FALSE,,FALSE,
Ultimax Supply Sdn Bhd,206120,Double Drill Guide 4.5/3.2mm,Drilling Instruments,1000,10,0,Nos,WH-00351,0.15,Kg,0,Malaysia,,VA 4.5/ 5.0 mm set (Instruments),FALSE,FALSE,,0,TRUE,1,0,0,Nos,MYR,99999999,Nos,MYR,0,Nos,MYR,TRUE,1,0,Nos,MYR,0,Nos,MYR,0,Nos,MYR,0,Nos,MYR,"{""Instrument Category"":""Large Fragment System"",""Function Type"":""Drill Guide"",""Dual Size"":true,""Drill Type"":""Drill Guide""}",FALSE,,FALSE,
Ultimax Supply Sdn Bhd,206150,"Reduction Forceps , Serrated Jaws, Large",Insertion & Driving Instruments,1000,10,0,Nos,WH-00351,0.35,Kg,0,Malaysia,,VA 4.5/ 5.0 mm set (Instruments),FALSE,FALSE,,0,TRUE,1,0,0,Nos,MYR,99999999,Nos,MYR,0,Nos,MYR,TRUE,1,0,Nos,MYR,0,Nos,MYR,0,Nos,MYR,0,Nos,MYR,"{""Instrument Category"":""Large Fragment System"",""Function Type"":""Reduction Clamp""}",FALSE,,FALSE,
Ultimax Supply Sdn Bhd,206160,"Reduction Forceps with Points, Large",Insertion & Driving Instruments,1000,10,0,Nos,WH-00351,0.35,Kg,0,Malaysia,,VA 4.5/ 5.0 mm set (Instruments),FALSE,FALSE,,0,TRUE,1,0,0,Nos,MYR,99999999,Nos,MYR,0,Nos,MYR,TRUE,1,0,Nos,MYR,0,Nos,MYR,0,Nos,MYR,0,Nos,MYR,"{""Instrument Category"":""Large Fragment System"",""Function Type"":""Reduction Clamp""}",FALSE,,FALSE,
Ultimax Supply Sdn Bhd,206240,Trephine,Drilling Instruments,1000,10,0,Nos,WH-00351,0.15,Kg,0,Malaysia,,VA 4.5/ 5.0 mm set (Instruments),FALSE,FALSE,,0,TRUE,1,0,0,Nos,MYR,99999999,Nos,MYR,0,Nos,MYR,TRUE,1,0,Nos,MYR,0,Nos,MYR,0,Nos,MYR,0,Nos,MYR,"{""Instrument Category"":""Large Fragment System""}",FALSE,,FALSE,
Ultimax Supply Sdn Bhd,206270,Bending Iron for Recon LCP,Insertion & Driving Instruments,1000,10,0,Nos,WH-00351,0.35,Kg,0,Malaysia,,VA 2.7/3.5 mm set (Instruments),FALSE,FALSE,,0,TRUE,1,0,0,Nos,MYR,99999999,Nos,MYR,0,Nos,MYR,TRUE,1,0,Nos,MYR,0,Nos,MYR,0,Nos,MYR,0,Nos,MYR,"{""Instrument Category"":""Small Fragment System"",""Function Type"":""Bending Tool""}",FALSE,,FALSE,
Ultimax Supply Sdn Bhd,206280,Hex Screwdriver,Insertion & Driving Instruments,1000,10,0,Nos,WH-00351,0.15,Kg,0,Malaysia,,VA 4.5/ 5.0 mm set (Instruments),FALSE,FALSE,,0,TRUE,1,0,0,Nos,MYR,99999999,Nos,MYR,0,Nos,MYR,TRUE,1,0,Nos,MYR,0,Nos,MYR,0,Nos,MYR,0,Nos,MYR,"{""Instrument Category"":""Large Fragment System"",""Function Type"":""Screwdriver"",""Drive Type"":""Hex""}",FALSE,,FALSE,
Ultimax Supply Sdn Bhd,206290,"Bone Holding Forceps, Self Centering",Insertion & Driving Instruments,1000,10,0,Nos,WH-00351,0.35,Kg,0,Malaysia,,VA 4.5/ 5.0 mm set (Instruments),FALSE,FALSE,,0,TRUE,1,0,0,Nos,MYR,99999999,Nos,MYR,0,Nos,MYR,TRUE,1,0,Nos,MYR,0,Nos,MYR,0,Nos,MYR,0,Nos,MYR,"{""Instrument Category"":""Large Fragment System"",""Function Type"":""Reduction Clamp""}",FALSE,,FALSE,
Ultimax Supply Sdn Bhd,206300,Screw Holding Sleeve for Hex Screw,Insertion & Driving Instruments,1000,10,0,Nos,WH-00351,0.05,Kg,0,Malaysia,,VA 4.5/ 5.0 mm set (Instruments),FALSE,FALSE,,0,TRUE,1,0,0,Nos,MYR,99999999,Nos,MYR,0,Nos,MYR,TRUE,1,0,Nos,MYR,0,Nos,MYR,0,Nos,MYR,0,Nos,MYR,"{""Instrument Category"":""Large Fragment System"",""Function Type"":""Screwdriver"",""Drive Type"":""Hex""}",FALSE,,FALSE,
Ultimax Supply Sdn Bhd,221180,Allen Key,Insertion & Driving Instruments,1000,10,0,Nos,WH-00351,0.15,Kg,0,Malaysia,,"VA 3.5 mm set (Instruments), VA 4.5/ 5.0 mm set (Instruments), VA 2.7/3.5 mm set (Instruments)",FALSE,FALSE,,0,TRUE,1,0,0,Nos,MYR,99999999,Nos,MYR,0,Nos,MYR,TRUE,1,0,Nos,MYR,0,Nos,MYR,0,Nos,MYR,0,Nos,MYR,"{""Instrument Category"":""Large Fragment System"",""Function Type"":""Screwdriver"",""Drive Type"":""Hex""}",FALSE,,FALSE,
Ultimax Supply Sdn Bhd,226100,Drill Guide 4.1mm,Drilling Instruments,1000,10,0,Nos,WH-00351,0.15,Kg,0,Malaysia,,VA 4.5/ 5.0 mm set (Instruments),FALSE,FALSE,,0,TRUE,1,0,0,Nos,MYR,99999999,Nos,MYR,0,Nos,MYR,TRUE,1,0,Nos,MYR,0,Nos,MYR,0,Nos,MYR,0,Nos,MYR,"{""Instrument Category"":""Large Fragment System"",""Function Type"":""Drill Guide"",""Diameter"":4.1,""Drill Type"":""Drill Guide"",""Compatible Screw Diameter"":4.1}",FALSE,,FALSE,
Ultimax Supply Sdn Bhd,226110,"Drill Bit, ⌀4.1mm",Drilling Instruments,1000,10,0,Nos,WH-00351,0.05,Kg,0,Malaysia,,VA 4.5/ 5.0 mm set (Instruments),FALSE,FALSE,,0,TRUE,1,0,250,Nos,MYR,99999999,Nos,MYR,0,Nos,MYR,TRUE,1,0,Nos,MYR,0,Nos,MYR,0,Nos,MYR,0,Nos,MYR,"{""Instrument Category"":""Large Fragment System"",""Function Type"":""Drill Bit"",""Diameter"":4.1,""Drill Type"":""Drill Bit"",""Compatible Screw Diameter"":4.1}",FALSE,,FALSE,
Ultimax Supply Sdn Bhd,226120,"Guide Sleeve for K-Wire, ⌀2.0mm",Drilling Instruments,1000,10,0,Nos,WH-00351,0.15,Kg,0,Malaysia,,VA 4.5/ 5.0 mm set (Instruments),FALSE,FALSE,,0,TRUE,1,0,0,Nos,MYR,99999999,Nos,MYR,0,Nos,MYR,TRUE,1,0,Nos,MYR,0,Nos,MYR,0,Nos,MYR,0,Nos,MYR,"{""Instrument Category"":""Large Fragment System"",""Function Type"":""Drill Guide"",""Diameter"":2,""Drill Type"":""Drill Guide"",""Compatible Screw Diameter"":2}",FALSE,,FALSE,
Ultimax Supply Sdn Bhd,226140,Screw Holding Sleeve for StarDrive Screw,Insertion & Driving Instruments,1000,10,0,Nos,WH-00351,0.05,Kg,0,Malaysia,,VA 4.5/ 5.0 mm set (Instruments),FALSE,FALSE,,0,TRUE,1,0,0,Nos,MYR,99999999,Nos,MYR,0,Nos,MYR,TRUE,1,0,Nos,MYR,0,Nos,MYR,0,Nos,MYR,0,Nos,MYR,"{""Instrument Category"":""Large Fragment System"",""Function Type"":""Holding Sleeve"",""Drive Type"":""Stardrive""}",FALSE,,FALSE,
Ultimax Supply Sdn Bhd,226151,"Torque-Limiting Screwdriver, T25",Insertion & Driving Instruments,1000,10,0,Nos,WH-00351,0.15,Kg,0,Malaysia,,VA 4.5/ 5.0 mm set (Instruments),FALSE,FALSE,,0,TRUE,1,0,0,Nos,MYR,99999999,Nos,MYR,0,Nos,MYR,TRUE,1,0,Nos,MYR,0,Nos,MYR,0,Nos,MYR,0,Nos,MYR,"{""Instrument Category"":""Large Fragment System"",""Function Type"":""Screwdriver"",""Drive Type"":""Torx""}",FALSE,,FALSE,
Ultimax Supply Sdn Bhd,226160,"Screwdriver, Self Retaining",Insertion & Driving Instruments,1000,10,0,Nos,WH-00351,0.15,Kg,0,Malaysia,,VA 4.5/ 5.0 mm set (Instruments),FALSE,FALSE,,0,TRUE,1,0,0,Nos,MYR,99999999,Nos,MYR,0,Nos,MYR,TRUE,1,0,Nos,MYR,0,Nos,MYR,0,Nos,MYR,0,Nos,MYR,"{""Instrument Category"":""Large Fragment System"",""Function Type"":""Screwdriver""}",FALSE,,FALSE,
Ultimax Supply Sdn Bhd,226170,"Extraction Screw, ⌀5.0mm",Insertion & Driving Instruments,1000,10,0,Nos,WH-00351,0.15,Kg,0,Malaysia,,VA 4.5/ 5.0 mm set (Instruments),FALSE,FALSE,,0,TRUE,1,0,0,Nos,MYR,99999999,Nos,MYR,0,Nos,MYR,TRUE,1,0,Nos,MYR,0,Nos,MYR,0,Nos,MYR,0,Nos,MYR,"{""Instrument Category"":""Large Fragment System"",""Function Type"":""Extraction Tool"",""Diameter"":5}",FALSE,,FALSE,
Ultimax Supply Sdn Bhd,226190,Drill Bit for Screw Head Removal,Drilling Instruments,1000,10,0,Nos,WH-00351,0.05,Kg,0,Malaysia,,VA 4.5/ 5.0 mm set (Instruments),FALSE,FALSE,,0,TRUE,1,0,0,Nos,MYR,99999999,Nos,MYR,0,Nos,MYR,TRUE,1,0,Nos,MYR,0,Nos,MYR,0,Nos,MYR,0,Nos,MYR,"{""Instrument Category"":""Large Fragment System"",""Function Type"":""Drill Bit"",""Drill Type"":""Drill Bit""}",FALSE,,FALSE,
Ultimax Supply Sdn Bhd,226200,"Torx Screwdriver, with Quick Coupling",Insertion & Driving Instruments,1000,10,0,Nos,WH-00351,0.15,Kg,0,Malaysia,,VA 4.5/ 5.0 mm set (Instruments),FALSE,FALSE,,0,TRUE,1,0,0,Nos,MYR,99999999,Nos,MYR,0,Nos,MYR,TRUE,1,0,Nos,MYR,0,Nos,MYR,0,Nos,MYR,0,Nos,MYR,"{""Instrument Category"":""Large Fragment System"",""Function Type"":""Screwdriver"",""Drive Type"":""Torx""}",FALSE,,FALSE,
Ultimax Supply Sdn Bhd,241100,Cleaning Stylet,Drilling Instruments,1000,10,0,Nos,WH-00351,0.05,Kg,0,Malaysia,,7.3mm KCS set (Insturment),FALSE,FALSE,,0,TRUE,1,0,0,Nos,MYR,99999999,Nos,MYR,0,Nos,MYR,TRUE,1,0,Nos,MYR,0,Nos,MYR,0,Nos,MYR,0,Nos,MYR,"{""Instrument Category"":""KCS System""}",FALSE,,FALSE,
Ultimax Supply Sdn Bhd,241110,Trocar,Drilling Instruments,1000,10,0,Nos,WH-00351,0.05,Kg,0,Malaysia,,7.3mm KCS set (Insturment),FALSE,FALSE,,0,TRUE,1,0,0,Nos,MYR,99999999,Nos,MYR,0,Nos,MYR,TRUE,1,0,Nos,MYR,0,Nos,MYR,0,Nos,MYR,0,Nos,MYR,"{""Instrument Category"":""KCS System"",""Tip Type"":""Trocar""}",FALSE,,FALSE,
Ultimax Supply Sdn Bhd,241120,Drill Guide ⌀2.5mm,Drilling Instruments,1000,10,0,Nos,WH-00351,0.15,Kg,0,Malaysia,,7.3mm KCS set (Insturment),FALSE,FALSE,,0,TRUE,1,0,0,Nos,MYR,99999999,Nos,MYR,0,Nos,MYR,TRUE,1,0,Nos,MYR,0,Nos,MYR,0,Nos,MYR,0,Nos,MYR,"{""Instrument Category"":""KCS System"",""Function Type"":""Drill Guide"",""Diameter"":2.5,""Drill Type"":""Drill Guide"",""Compatible Screw Diameter"":2.5}",FALSE,,FALSE,
Ultimax Supply Sdn Bhd,241130,Protection Sleeve,Drilling Instruments,1000,10,0,Nos,WH-00351,0.05,Kg,0,Malaysia,,7.3mm KCS set (Insturment),FALSE,FALSE,,0,TRUE,1,0,0,Nos,MYR,99999999,Nos,MYR,0,Nos,MYR,TRUE,1,0,Nos,MYR,0,Nos,MYR,0,Nos,MYR,0,Nos,MYR,"{""Instrument Category"":""KCS System""}",FALSE,,FALSE,
Ultimax Supply Sdn Bhd,241140,Protection Sleeve 10.0,Drilling Instruments,1000,10,0,Nos,WH-00351,0.05,Kg,0,Malaysia,,7.3mm KCS set (Insturment),FALSE,FALSE,,0,TRUE,1,0,0,Nos,MYR,99999999,Nos,MYR,0,Nos,MYR,TRUE,1,0,Nos,MYR,0,Nos,MYR,0,Nos,MYR,0,Nos,MYR,"{""Instrument Category"":""KCS System""}",FALSE,,FALSE,
Ultimax Supply Sdn Bhd,241150,"Parallel Guide for Guide Wire, adjustable",Drilling Instruments,1000,10,0,Nos,WH-00351,0.15,Kg,0,Malaysia,,7.3mm KCS set (Insturment),FALSE,FALSE,,0,TRUE,1,0,0,Nos,MYR,99999999,Nos,MYR,0,Nos,MYR,TRUE,1,0,Nos,MYR,0,Nos,MYR,0,Nos,MYR,0,Nos,MYR,"{""Instrument Category"":""KCS System""}",FALSE,,FALSE,
Ultimax Supply Sdn Bhd,241160,Cannulated Drill Bits ⌀5.0mm,Drilling Instruments,1000,10,0,Nos,WH-00351,0.05,Kg,0,Malaysia,,7.3mm KCS set (Insturment),FALSE,FALSE,,0,TRUE,1,0,250,Nos,MYR,99999999,Nos,MYR,0,Nos,MYR,TRUE,1,0,Nos,MYR,0,Nos,MYR,0,Nos,MYR,0,Nos,MYR,"{""Instrument Category"":""KCS System"",""Function Type"":""Drill Bit"",""Diameter"":5,""Drill Type"":""Drill Bit"",""Compatible Screw Diameter"":5}",FALSE,,FALSE,
Ultimax Supply Sdn Bhd,241180,Allen Key,Insertion & Driving Instruments,1000,10,0,Nos,WH-00351,0.15,Kg,0,Malaysia,,7.3mm KCS set (Insturment),FALSE,FALSE,,0,TRUE,1,0,0,Nos,MYR,99999999,Nos,MYR,0,Nos,MYR,TRUE,1,0,Nos,MYR,0,Nos,MYR,0,Nos,MYR,0,Nos,MYR,"{""Instrument Category"":""KCS System"",""Function Type"":""Screwdriver"",""Drive Type"":""Hex""}",FALSE,,FALSE,
Ultimax Supply Sdn Bhd,241190,Tap ⌀7.3mm,Insertion & Driving Instruments,1000,10,0,Nos,WH-00351,0.15,Kg,0,Malaysia,,7.3mm KCS set (Insturment),FALSE,FALSE,,0,TRUE,1,0,0,Nos,MYR,99999999,Nos,MYR,0,Nos,MYR,TRUE,1,0,Nos,MYR,0,Nos,MYR,0,Nos,MYR,0,Nos,MYR,"{""Instrument Category"":""KCS System"",""Function Type"":""Tap"",""Diameter"":7.3}",FALSE,,FALSE,
Ultimax Supply Sdn Bhd,241200,Cannulated Countersink,Drilling Instruments,1000,10,0,Nos,WH-00351,0.15,Kg,0,Malaysia,,7.3mm KCS set (Insturment),FALSE,FALSE,,0,TRUE,1,0,0,Nos,MYR,99999999,Nos,MYR,0,Nos,MYR,TRUE,1,0,Nos,MYR,0,Nos,MYR,0,Nos,MYR,0,Nos,MYR,"{""Instrument Category"":""KCS System""}",FALSE,,FALSE,
Ultimax Supply Sdn Bhd,241210,Easyout,Insertion & Driving Instruments,1000,10,0,Nos,WH-00351,0.05,Kg,0,Malaysia,,7.3mm KCS set (Insturment),FALSE,FALSE,,0,TRUE,1,0,0,Nos,MYR,99999999,Nos,MYR,0,Nos,MYR,TRUE,1,0,Nos,MYR,0,Nos,MYR,0,Nos,MYR,0,Nos,MYR,"{""Instrument Category"":""KCS System"",""Function Type"":""Extraction Tool""}",FALSE,,FALSE,
Ultimax Supply Sdn Bhd,241220,Drill Guide for Multiple Insertion of Guide Wire ⌀2.5mm.,Drilling Instruments,1000,10,0,Nos,WH-00351,0.15,Kg,0,Malaysia,,7.3mm KCS set (Insturment),FALSE,FALSE,,0,TRUE,1,0,0,Nos,MYR,99999999,Nos,MYR,0,Nos,MYR,TRUE,1,0,Nos,MYR,0,Nos,MYR,0,Nos,MYR,0,Nos,MYR,"{""Instrument Category"":""KCS System"",""Function Type"":""Drill Guide"",""Diameter"":2.5,""Drill Type"":""Drill Guide"",""Compatible Screw Diameter"":2.5}",FALSE,,FALSE,
Ultimax Supply Sdn Bhd,241230,Cannulated Screwdriver SW4.0,Insertion & Driving Instruments,1000,10,0,Nos,WH-00351,0.15,Kg,0,Malaysia,,7.3mm KCS set (Insturment),FALSE,FALSE,,0,TRUE,1,0,0,Nos,MYR,99999999,Nos,MYR,0,Nos,MYR,TRUE,1,0,Nos,MYR,0,Nos,MYR,0,Nos,MYR,0,Nos,MYR,"{""Instrument Category"":""KCS System"",""Function Type"":""Screwdriver"",""Cannulated"":true,""Drive Type"":""Hex""}",FALSE,,FALSE,
Ultimax Supply Sdn Bhd,241240,Hex Screwdriver SW4.0,Insertion & Driving Instruments,1000,10,0,Nos,WH-00351,0.15,Kg,0,Malaysia,,7.3mm KCS set (Insturment),FALSE,FALSE,,0,TRUE,1,0,0,Nos,MYR,99999999,Nos,MYR,0,Nos,MYR,TRUE,1,0,Nos,MYR,0,Nos,MYR,0,Nos,MYR,0,Nos,MYR,"{""Instrument Category"":""KCS System"",""Function Type"":""Screwdriver"",""Drive Type"":""Hex""}",FALSE,,FALSE,
Ultimax Supply Sdn Bhd,241250,Guide Wire ⌀2.5mm,Drilling Instruments,1000,10,0,Nos,WH-00351,0.15,Kg,0,Malaysia,,7.3mm KCS set (Insturment),FALSE,FALSE,,0,TRUE,1,0,0,Nos,MYR,99999999,Nos,MYR,0,Nos,MYR,TRUE,1,0,Nos,MYR,0,Nos,MYR,0,Nos,MYR,0,Nos,MYR,"{""Instrument Category"":""KCS System"",""Diameter"":2.5,""Compatible Screw Diameter"":2.5}",FALSE,,FALSE,
Ultimax Supply Sdn Bhd,241260,Threaded Pin ⌀2.5mm (Short),Drilling Instruments,1000,10,0,Nos,WH-00351,0.01,Kg,0,Malaysia,,7.3mm KCS set (Insturment),FALSE,FALSE,,0,TRUE,1,0,250,Nos,MYR,99999999,Nos,MYR,0,Nos,MYR,TRUE,1,0,Nos,MYR,0,Nos,MYR,0,Nos,MYR,0,Nos,MYR,"{""Instrument Category"":""KCS System"",""Diameter"":2.5,""Compatible Screw Diameter"":2.5}",FALSE,,FALSE,
Ultimax Supply Sdn Bhd,241270,Direct Measuring Device for Guide Wire,Measurement Instruments,1000,10,0,Nos,WH-00351,0.15,Kg,0,Malaysia,,7.3mm KCS set (Insturment),FALSE,FALSE,,0,TRUE,1,0,0,Nos,MYR,99999999,Nos,MYR,0,Nos,MYR,TRUE,1,0,Nos,MYR,0,Nos,MYR,0,Nos,MYR,0,Nos,MYR,"{""Instrument Category"":""KCS System"",""Function Type"":""Depth Gauge"",""Measurement Type"":""Depth Gauge""}",FALSE,,FALSE,
Ultimax Supply Sdn Bhd,241280,Screw Holding Sleeve,Insertion & Driving Instruments,1000,10,0,Nos,WH-00351,0.05,Kg,0,Malaysia,,7.3mm KCS set (Insturment),FALSE,FALSE,,0,TRUE,1,0,0,Nos,MYR,99999999,Nos,MYR,0,Nos,MYR,TRUE,1,0,Nos,MYR,0,Nos,MYR,0,Nos,MYR,0,Nos,MYR,"{""Instrument Category"":""KCS System"",""Function Type"":""Holding Sleeve""}",FALSE,,FALSE,
Ultimax Supply Sdn Bhd,241290,Pin Wrench,Drilling Instruments,1000,10,0,Nos,WH-00351,0.15,Kg,0,Malaysia,,7.3mm KCS set (Insturment),FALSE,FALSE,,0,TRUE,1,0,0,Nos,MYR,99999999,Nos,MYR,0,Nos,MYR,TRUE,1,0,Nos,MYR,0,Nos,MYR,0,Nos,MYR,0,Nos,MYR,"{""Instrument Category"":""KCS System""}",FALSE,,FALSE,
Ultimax Supply Sdn Bhd,246100,Cleaning Stylet,Drilling Instruments,1000,10,0,Nos,WH-00351,0.05,Kg,0,Malaysia,,4.0mm KCS set (Insturment),FALSE,FALSE,,0,TRUE,1,0,0,Nos,MYR,99999999,Nos,MYR,0,Nos,MYR,TRUE,1,0,Nos,MYR,0,Nos,MYR,0,Nos,MYR,0,Nos,MYR,"{""Instrument Category"":""KCS System""}",FALSE,,FALSE,
Ultimax Supply Sdn Bhd,246110,Guide Wire ⌀1.2mm,Drilling Instruments,1000,10,0,Nos,WH-00351,0.15,Kg,0,Malaysia,,4.0mm KCS set (Insturment),FALSE,FALSE,,0,TRUE,1,0,0,Nos,MYR,99999999,Nos,MYR,0,Nos,MYR,TRUE,1,0,Nos,MYR,0,Nos,MYR,0,Nos,MYR,0,Nos,MYR,"{""Instrument Category"":""KCS System"",""Diameter"":1.2,""Compatible Screw Diameter"":1.2}",FALSE,,FALSE,
Ultimax Supply Sdn Bhd,246130,Direct Measuring Device for Guide Wire,Measurement Instruments,1000,10,0,Nos,WH-00351,0.15,Kg,0,Malaysia,,4.0mm KCS set (Insturment),FALSE,FALSE,,0,TRUE,1,0,0,Nos,MYR,99999999,Nos,MYR,0,Nos,MYR,TRUE,1,0,Nos,MYR,0,Nos,MYR,0,Nos,MYR,0,Nos,MYR,"{""Instrument Category"":""KCS System"",""Function Type"":""Depth Gauge"",""Measurement Type"":""Depth Gauge""}",FALSE,,FALSE,
Ultimax Supply Sdn Bhd,246140,Drill Guide for Guide Wire ⌀1.2mm,Drilling Instruments,1000,10,0,Nos,WH-00351,0.15,Kg,0,Malaysia,,4.0mm KCS set (Insturment),FALSE,FALSE,,0,TRUE,1,0,0,Nos,MYR,99999999,Nos,MYR,0,Nos,MYR,TRUE,1,0,Nos,MYR,0,Nos,MYR,0,Nos,MYR,0,Nos,MYR,"{""Instrument Category"":""KCS System"",""Function Type"":""Drill Guide"",""Diameter"":1.2,""Drill Type"":""Drill Guide"",""Compatible Screw Diameter"":1.2}",FALSE,,FALSE,
Ultimax Supply Sdn Bhd,246150,Drill Sleeve ⌀3.0mm,Drilling Instruments,1000,10,0,Nos,WH-00351,0.05,Kg,0,Malaysia,,4.0mm KCS set (Insturment),FALSE,FALSE,,0,TRUE,1,0,0,Nos,MYR,99999999,Nos,MYR,0,Nos,MYR,TRUE,1,0,Nos,MYR,0,Nos,MYR,0,Nos,MYR,0,Nos,MYR,"{""Instrument Category"":""KCS System"",""Function Type"":""Drill Guide"",""Diameter"":3,""Drill Type"":""Drill Guide"",""Compatible Screw Diameter"":3}",FALSE,,FALSE,
Ultimax Supply Sdn Bhd,246180,Cannulated Drill Bit ⌀3.0mm,Drilling Instruments,1000,10,0,Nos,WH-00351,0.05,Kg,0,Malaysia,,4.0mm KCS set (Insturment),FALSE,FALSE,,0,TRUE,1,0,0,Nos,MYR,99999999,Nos,MYR,0,Nos,MYR,TRUE,1,0,Nos,MYR,0,Nos,MYR,0,Nos,MYR,0,Nos,MYR,"{""Instrument Category"":""KCS System"",""Function Type"":""Drill Bit"",""Diameter"":3,""Drill Type"":""Drill Bit"",""Compatible Screw Diameter"":3}",FALSE,,FALSE,
Ultimax Supply Sdn Bhd,246190,Tap ⌀4.0mm,Insertion & Driving Instruments,1000,10,0,Nos,WH-00351,0.15,Kg,0,Malaysia,,4.0mm KCS set (Insturment),FALSE,FALSE,,0,TRUE,1,0,0,Nos,MYR,99999999,Nos,MYR,0,Nos,MYR,TRUE,1,0,Nos,MYR,0,Nos,MYR,0,Nos,MYR,0,Nos,MYR,"{""Instrument Category"":""KCS System"",""Function Type"":""Tap"",""Diameter"":4}",FALSE,,FALSE,
Ultimax Supply Sdn Bhd,246200,Cannulated Screwdriver,Insertion & Driving Instruments,1000,10,0,Nos,WH-00351,0.15,Kg,0,Malaysia,,4.0mm KCS set (Insturment),FALSE,FALSE,,0,TRUE,1,0,0,Nos,MYR,99999999,Nos,MYR,0,Nos,MYR,TRUE,1,0,Nos,MYR,0,Nos,MYR,0,Nos,MYR,0,Nos,MYR,"{""Instrument Category"":""KCS System"",""Function Type"":""Screwdriver"",""Cannulated"":true}",FALSE,,FALSE,
Ultimax Supply Sdn Bhd,246210,Hex Screwdriver,Insertion & Driving Instruments,1000,10,0,Nos,WH-00351,0.15,Kg,0,Malaysia,,4.0mm KCS set (Insturment),FALSE,FALSE,,0,TRUE,1,0,0,Nos,MYR,99999999,Nos,MYR,0,Nos,MYR,TRUE,1,0,Nos,MYR,0,Nos,MYR,0,Nos,MYR,0,Nos,MYR,"{""Instrument Category"":""KCS System"",""Function Type"":""Screwdriver"",""Drive Type"":""Hex""}",FALSE,,FALSE,
Ultimax Supply Sdn Bhd,246220,Cannulated Countersink,Drilling Instruments,1000,10,0,Nos,WH-00351,0.15,Kg,0,Malaysia,,4.0mm KCS set (Insturment),FALSE,FALSE,,0,TRUE,1,0,0,Nos,MYR,99999999,Nos,MYR,0,Nos,MYR,TRUE,1,0,Nos,MYR,0,Nos,MYR,0,Nos,MYR,0,Nos,MYR,"{""Instrument Category"":""KCS System""}",FALSE,,FALSE,
Ultimax Supply Sdn Bhd,251130,Flexible Entry Reamer ⌀12.5mm,Drilling Instruments,1000,10,0,Nos,WH-00351,0.35,Kg,0,Malaysia,,Neogen ILN set (Instruments),FALSE,FALSE,,0,TRUE,1,0,0,Nos,MYR,99999999,Nos,MYR,0,Nos,MYR,TRUE,1,0,Nos,MYR,0,Nos,MYR,0,Nos,MYR,0,Nos,MYR,"{""Instrument Category"":""Nail System"",""Diameter"":12.5}",FALSE,,FALSE,
Ultimax Supply Sdn Bhd,251620,Screwdriver for Tail Cap,Insertion & Driving Instruments,1000,10,0,Nos,WH-00351,0.15,Kg,0,Malaysia,,"Neogen AR set (Instruments), Neogen ILN set (Instruments)",FALSE,FALSE,,0,TRUE,1,0,0,Nos,MYR,99999999,Nos,MYR,0,Nos,MYR,TRUE,1,0,Nos,MYR,0,Nos,MYR,0,Nos,MYR,0,Nos,MYR,"{""Instrument Category"":""Nail System"",""Function Type"":""Screwdriver""}",FALSE,,FALSE,
Ultimax Supply Sdn Bhd,252270,Guide Wire Holder,Drilling Instruments,1000,10,0,Nos,WH-00351,0.15,Kg,0,Malaysia,,Neogen ILN set (Instruments),FALSE,FALSE,,0,TRUE,1,0,0,Nos,MYR,99999999,Nos,MYR,0,Nos,MYR,TRUE,1,0,Nos,MYR,0,Nos,MYR,0,Nos,MYR,0,Nos,MYR,"{""Instrument Category"":""Nail System""}",FALSE,,FALSE,
Ultimax Supply Sdn Bhd,256120,Threaded Pin ⌀1.2mm,Drilling Instruments,1000,10,0,Nos,WH-00351,0.005,Kg,0,Malaysia,,4.0mm KCS set (Insturment),FALSE,FALSE,,0,TRUE,1,0,0,Nos,MYR,99999999,Nos,MYR,0,Nos,MYR,TRUE,1,0,Nos,MYR,0,Nos,MYR,0,Nos,MYR,0,Nos,MYR,"{""Instrument Category"":""KCS System"",""Diameter"":1.2,""Compatible Screw Diameter"":1.2}",FALSE,,FALSE,
Ultimax Supply Sdn Bhd,267120,Insertion Connecting Rod,Insertion & Driving Instruments,1000,10,0,Nos,WH-00351,0.15,Kg,0,Malaysia,,Neogen AR set (Instruments),FALSE,FALSE,,0,TRUE,1,0,0,Nos,MYR,99999999,Nos,MYR,0,Nos,MYR,TRUE,1,0,Nos,MYR,0,Nos,MYR,0,Nos,MYR,0,Nos,MYR,"{""Instrument Category"":""Nail System"",""Function Type"":""Insertion Handle""}",FALSE,,FALSE,
Ultimax Supply Sdn Bhd,267130,Connector,Insertion & Driving Instruments,1000,10,0,Nos,WH-00351,0.15,Kg,0,Malaysia,,Neogen AR set (Instruments),FALSE,FALSE,,0,TRUE,1,0,0,Nos,MYR,99999999,Nos,MYR,0,Nos,MYR,TRUE,1,0,Nos,MYR,0,Nos,MYR,0,Nos,MYR,0,Nos,MYR,"{""Instrument Category"":""Nail System"",""Function Type"":""Insertion Handle""}",FALSE,,FALSE,
Ultimax Supply Sdn Bhd,267140,Bolt for Aiming Arm 130°,Targeting & Alignment Instruments,1000,10,0,Nos,WH-00351,0.01,Kg,0,Malaysia,,Neogen AR set (Instruments),FALSE,FALSE,,0,TRUE,1,0,0,Nos,MYR,99999999,Nos,MYR,0,Nos,MYR,TRUE,1,0,Nos,MYR,0,Nos,MYR,0,Nos,MYR,0,Nos,MYR,"{""Instrument Category"":""Nail System"",""Function Type"":""Targeting Device"",""Targeting Type"":""Aiming Arm""}",FALSE,,FALSE,
Ultimax Supply Sdn Bhd,267150,Protection Sleeve for AR Blade,Drilling Instruments,1000,10,0,Nos,WH-00351,0.05,Kg,0,Malaysia,,Neogen AR set (Instruments),FALSE,FALSE,,0,TRUE,1,0,0,Nos,MYR,99999999,Nos,MYR,0,Nos,MYR,TRUE,1,0,Nos,MYR,0,Nos,MYR,0,Nos,MYR,0,Nos,MYR,"{""Instrument Category"":""Nail System""}",FALSE,,FALSE,
Ultimax Supply Sdn Bhd,267160,Trocar Sleeve ⌀3.2,Drilling Instruments,1000,10,0,Nos,WH-00351,0.05,Kg,0,Malaysia,,Neogen AR set (Instruments),FALSE,FALSE,,0,TRUE,1,0,0,Nos,MYR,99999999,Nos,MYR,0,Nos,MYR,TRUE,1,0,Nos,MYR,0,Nos,MYR,0,Nos,MYR,0,Nos,MYR,"{""Instrument Category"":""Nail System"",""Diameter"":3.2,""Tip Type"":""Trocar""}",FALSE,,FALSE,
Ultimax Supply Sdn Bhd,267170,Trocar ⌀3.2mm,Drilling Instruments,1000,10,0,Nos,WH-00351,0.05,Kg,0,Malaysia,,Neogen AR set (Instruments),FALSE,FALSE,,0,TRUE,1,0,0,Nos,MYR,99999999,Nos,MYR,0,Nos,MYR,TRUE,1,0,Nos,MYR,0,Nos,MYR,0,Nos,MYR,0,Nos,MYR,"{""Instrument Category"":""Nail System"",""Diameter"":3.2,""Tip Type"":""Trocar""}",FALSE,,FALSE,
Ultimax Supply Sdn Bhd,267180,Direct Measuring Device,Measurement Instruments,1000,10,0,Nos,WH-00351,0.15,Kg,0,Malaysia,,Neogen AR set (Instruments),FALSE,FALSE,,0,TRUE,1,0,0,Nos,MYR,99999999,Nos,MYR,0,Nos,MYR,TRUE,1,0,Nos,MYR,0,Nos,MYR,0,Nos,MYR,0,Nos,MYR,"{""Instrument Category"":""Nail System"",""Function Type"":""Depth Gauge"",""Measurement Type"":""Depth Gauge""}",FALSE,,FALSE,
Ultimax Supply Sdn Bhd,267190,Outer Sleeve,Drilling Instruments,1000,10,0,Nos,WH-00351,0.05,Kg,0,Malaysia,,Neogen AR set (Instruments),FALSE,FALSE,,0,TRUE,1,0,0,Nos,MYR,99999999,Nos,MYR,0,Nos,MYR,TRUE,1,0,Nos,MYR,0,Nos,MYR,0,Nos,MYR,0,Nos,MYR,"{""Instrument Category"":""Nail System""}",FALSE,,FALSE,
Ultimax Supply Sdn Bhd,267200,Drill Sleeve ⌀4.0mm with,Drilling Instruments,1000,10,0,Nos,WH-00351,0.05,Kg,0,Malaysia,,Neogen AR set (Instruments),FALSE,FALSE,,0,TRUE,1,0,0,Nos,MYR,99999999,Nos,MYR,0,Nos,MYR,TRUE,1,0,Nos,MYR,0,Nos,MYR,0,Nos,MYR,0,Nos,MYR,"{""Instrument Category"":""Nail System"",""Function Type"":""Drill Guide"",""Diameter"":4,""Drill Type"":""Drill Guide"",""Compatible Screw Diameter"":4}",FALSE,,FALSE,
Ultimax Supply Sdn Bhd,267210,Trocar for Drill,Drilling Instruments,1000,10,0,Nos,WH-00351,0.05,Kg,0,Malaysia,,Neogen AR set (Instruments),FALSE,FALSE,,0,TRUE,1,0,0,Nos,MYR,99999999,Nos,MYR,0,Nos,MYR,TRUE,1,0,Nos,MYR,0,Nos,MYR,0,Nos,MYR,0,Nos,MYR,"{""Instrument Category"":""Nail System"",""Tip Type"":""Trocar""}",FALSE,,FALSE,
Ultimax Supply Sdn Bhd,267220,Depth Gauge for Locking Screws,Measurement Instruments,1000,10,0,Nos,WH-00351,0.15,Kg,0,Malaysia,,"Neogen AR set (Instruments), Neogen ILN set (Instruments)",FALSE,FALSE,,0,TRUE,1,0,0,Nos,MYR,99999999,Nos,MYR,0,Nos,MYR,TRUE,1,0,Nos,MYR,0,Nos,MYR,0,Nos,MYR,0,Nos,MYR,"{""Instrument Category"":""Nail System"",""Function Type"":""Depth Gauge"",""Measurement Type"":""Depth Gauge""}",FALSE,,FALSE,
Ultimax Supply Sdn Bhd,267230,Screwdriver for Distal Locking Screw,Insertion & Driving Instruments,1000,10,0,Nos,WH-00351,0.15,Kg,0,Malaysia,,Neogen AR set (Instruments),FALSE,FALSE,,0,TRUE,1,0,0,Nos,MYR,99999999,Nos,MYR,0,Nos,MYR,TRUE,1,0,Nos,MYR,0,Nos,MYR,0,Nos,MYR,0,Nos,MYR,"{""Instrument Category"":""Nail System"",""Function Type"":""Screwdriver""}",FALSE,,FALSE,
Ultimax Supply Sdn Bhd,267240,"Screwdriver,Hexagonal with Spherical Head",Insertion & Driving Instruments,1000,10,0,Nos,WH-00351,0.15,Kg,0,Malaysia,,Neogen AR set (Instruments),FALSE,FALSE,,0,TRUE,1,0,0,Nos,MYR,99999999,Nos,MYR,0,Nos,MYR,TRUE,1,0,Nos,MYR,0,Nos,MYR,0,Nos,MYR,0,Nos,MYR,"{""Instrument Category"":""Nail System"",""Function Type"":""Screwdriver""}",FALSE,,FALSE,
Ultimax Supply Sdn Bhd,267260,"Screwdriver for Cap, Cannulated",Insertion & Driving Instruments,1000,10,0,Nos,WH-00351,0.15,Kg,0,Malaysia,,Neogen AR set (Instruments),FALSE,FALSE,,0,TRUE,1,0,0,Nos,MYR,99999999,Nos,MYR,0,Nos,MYR,TRUE,1,0,Nos,MYR,0,Nos,MYR,0,Nos,MYR,0,Nos,MYR,"{""Instrument Category"":""Nail System"",""Function Type"":""Screwdriver"",""Cannulated"":true}",FALSE,,FALSE,
Ultimax Supply Sdn Bhd,267290,Cleaning Stylet,Drilling Instruments,1000,10,0,Nos,WH-00351,0.05,Kg,0,Malaysia,,Neogen AR set (Instruments),FALSE,FALSE,,0,TRUE,1,0,0,Nos,MYR,99999999,Nos,MYR,0,Nos,MYR,TRUE,1,0,Nos,MYR,0,Nos,MYR,0,Nos,MYR,0,Nos,MYR,"{""Instrument Category"":""Nail System""}",FALSE,,FALSE,
Ultimax Supply Sdn Bhd,267300,Extraction Screw for Nail,Insertion & Driving Instruments,1000,10,0,Nos,WH-00351,0.15,Kg,0,Malaysia,,Neogen AR set (Instruments),FALSE,FALSE,,0,TRUE,1,0,0,Nos,MYR,99999999,Nos,MYR,0,Nos,MYR,TRUE,1,0,Nos,MYR,0,Nos,MYR,0,Nos,MYR,0,Nos,MYR,"{""Instrument Category"":""Nail System"",""Function Type"":""Extraction Tool""}",FALSE,,FALSE,
Ultimax Supply Sdn Bhd,267310,Slotted Hammer,Insertion & Driving Instruments,1000,10,0,Nos,WH-00351,0.35,Kg,0,Malaysia,,Neogen AR set (Instruments),FALSE,FALSE,,0,TRUE,1,0,0,Nos,MYR,99999999,Nos,MYR,0,Nos,MYR,TRUE,1,0,Nos,MYR,0,Nos,MYR,0,Nos,MYR,0,Nos,MYR,"{""Instrument Category"":""Nail System""}",FALSE,,FALSE,
Ultimax Supply Sdn Bhd,267320,Extraction Screw for Blade,Insertion & Driving Instruments,1000,10,0,Nos,WH-00351,0.15,Kg,0,Malaysia,,Neogen AR set (Instruments),FALSE,FALSE,,0,TRUE,1,0,0,Nos,MYR,99999999,Nos,MYR,0,Nos,MYR,TRUE,1,0,Nos,MYR,0,Nos,MYR,0,Nos,MYR,0,Nos,MYR,"{""Instrument Category"":""Nail System"",""Function Type"":""Extraction Tool""}",FALSE,,FALSE,
Ultimax Supply Sdn Bhd,267330,Screwdriver Hexagonal,Insertion & Driving Instruments,1000,10,0,Nos,WH-00351,0.15,Kg,0,Malaysia,,Neogen AR set (Instruments),FALSE,FALSE,,0,TRUE,1,0,0,Nos,MYR,99999999,Nos,MYR,0,Nos,MYR,TRUE,1,0,Nos,MYR,0,Nos,MYR,0,Nos,MYR,0,Nos,MYR,"{""Instrument Category"":""Nail System"",""Function Type"":""Screwdriver""}",FALSE,,FALSE,
Ultimax Supply Sdn Bhd,267340,Long Drill Bit ⌀4.0mm,Drilling Instruments,1000,10,0,Nos,WH-00351,0.05,Kg,0,Malaysia,,Neogen AR set (Instruments),FALSE,FALSE,,0,TRUE,1,0,0,Nos,MYR,99999999,Nos,MYR,0,Nos,MYR,TRUE,1,0,Nos,MYR,0,Nos,MYR,0,Nos,MYR,0,Nos,MYR,"{""Instrument Category"":""Nail System"",""Function Type"":""Drill Bit"",""Diameter"":4,""Drill Type"":""Drill Bit"",""Compatible Screw Diameter"":4}",FALSE,,FALSE,
Ultimax Supply Sdn Bhd,267350,Screwdriver for AR Blade,Insertion & Driving Instruments,1000,10,0,Nos,WH-00351,0.15,Kg,0,Malaysia,,Neogen AR set (Instruments),FALSE,FALSE,,0,TRUE,1,0,0,Nos,MYR,99999999,Nos,MYR,0,Nos,MYR,TRUE,1,0,Nos,MYR,0,Nos,MYR,0,Nos,MYR,0,Nos,MYR,"{""Instrument Category"":""Nail System"",""Function Type"":""Screwdriver""}",FALSE,,FALSE,
Ultimax Supply Sdn Bhd,267360,Reamer for AR Blade with,Drilling Instruments,1000,10,0,Nos,WH-00351,0.35,Kg,0,Malaysia,,Neogen AR set (Instruments),FALSE,FALSE,,0,TRUE,1,0,0,Nos,MYR,99999999,Nos,MYR,0,Nos,MYR,TRUE,1,0,Nos,MYR,0,Nos,MYR,0,Nos,MYR,0,Nos,MYR,"{""Instrument Category"":""Nail System""}",FALSE,,FALSE,
Ultimax Supply Sdn Bhd,267370,Cannulated Drill Bit for AR Blade,Drilling Instruments,1000,10,0,Nos,WH-00351,0.05,Kg,0,Malaysia,,Neogen AR set (Instruments),FALSE,FALSE,,0,TRUE,1,0,0,Nos,MYR,99999999,Nos,MYR,0,Nos,MYR,TRUE,1,0,Nos,MYR,0,Nos,MYR,0,Nos,MYR,0,Nos,MYR,"{""Instrument Category"":""Nail System"",""Function Type"":""Drill Bit"",""Drill Type"":""Drill Bit""}",FALSE,,FALSE,
Ultimax Supply Sdn Bhd,267390,"Guide Wire ⌀ 3.2mm, Threaded",Drilling Instruments,1000,10,0,Nos,WH-00351,0.15,Kg,0,Malaysia,,Neogen AR set (Instruments),FALSE,FALSE,,0,TRUE,1,0,250,Nos,MYR,99999999,Nos,MYR,0,Nos,MYR,TRUE,1,0,Nos,MYR,0,Nos,MYR,0,Nos,MYR,0,Nos,MYR,"{""Instrument Category"":""Nail System"",""Diameter"":3.2,""Compatible Screw Diameter"":3.2}",FALSE,,FALSE,
Ultimax Supply Sdn Bhd,267400,Stopper ⌀10mm,Insertion & Driving Instruments,1000,10,0,Nos,WH-00351,0.05,Kg,0,Malaysia,,Neogen AR set (Instruments),FALSE,FALSE,,0,TRUE,1,0,0,Nos,MYR,99999999,Nos,MYR,0,Nos,MYR,TRUE,1,0,Nos,MYR,0,Nos,MYR,0,Nos,MYR,0,Nos,MYR,"{""Instrument Category"":""Nail System"",""Diameter"":10}",FALSE,,FALSE,
Ultimax Supply Sdn Bhd,267410,Combination Wrench,Insertion & Driving Instruments,1000,10,0,Nos,WH-00351,0.15,Kg,0,Malaysia,,Neogen AR set (Instruments),FALSE,FALSE,,0,TRUE,1,0,0,Nos,MYR,99999999,Nos,MYR,0,Nos,MYR,TRUE,1,0,Nos,MYR,0,Nos,MYR,0,Nos,MYR,0,Nos,MYR,"{""Instrument Category"":""Nail System""}",FALSE,,FALSE,
Ultimax Supply Sdn Bhd,267450,Hammer,Insertion & Driving Instruments,1000,10,0,Nos,WH-00351,0.35,Kg,0,Malaysia,,"Neogen AR set (Instruments), Neogen ILN set (Instruments)",FALSE,FALSE,,0,TRUE,1,0,0,Nos,MYR,99999999,Nos,MYR,0,Nos,MYR,TRUE,1,0,Nos,MYR,0,Nos,MYR,0,Nos,MYR,0,Nos,MYR,"{""Instrument Category"":""Nail System""}",FALSE,,FALSE,
Ultimax Supply Sdn Bhd,267460,Buttress Nut,Insertion & Driving Instruments,1000,10,0,Nos,WH-00351,0.01,Kg,0,Malaysia,,Neogen AR set (Instruments),FALSE,FALSE,,0,TRUE,1,0,0,Nos,MYR,99999999,Nos,MYR,0,Nos,MYR,TRUE,1,0,Nos,MYR,0,Nos,MYR,0,Nos,MYR,0,Nos,MYR,"{""Instrument Category"":""Nail System""}",FALSE,,FALSE,
Ultimax Supply Sdn Bhd,267470,Tissue Protector,Drilling Instruments,1000,10,0,Nos,WH-00351,0.15,Kg,0,Malaysia,,Neogen AR set (Instruments),FALSE,FALSE,,0,TRUE,1,0,0,Nos,MYR,99999999,Nos,MYR,0,Nos,MYR,TRUE,1,0,Nos,MYR,0,Nos,MYR,0,Nos,MYR,0,Nos,MYR,"{""Instrument Category"":""Nail System""}",FALSE,,FALSE,
Ultimax Supply Sdn Bhd,267480,Key for AR Blade,Insertion & Driving Instruments,1000,10,0,Nos,WH-00351,0.15,Kg,0,Malaysia,,Neogen AR set (Instruments),FALSE,FALSE,,0,TRUE,1,0,0,Nos,MYR,99999999,Nos,MYR,0,Nos,MYR,TRUE,1,0,Nos,MYR,0,Nos,MYR,0,Nos,MYR,0,Nos,MYR,"{""Instrument Category"":""Nail System"",""Function Type"":""Screwdriver""}",FALSE,,FALSE,
Ultimax Supply Sdn Bhd,267510,Sloted Hammer Guide for AR Blade,Insertion & Driving Instruments,1000,10,0,Nos,WH-00351,0.35,Kg,0,Malaysia,,Neogen AR set (Instruments),FALSE,FALSE,,0,TRUE,1,0,0,Nos,MYR,99999999,Nos,MYR,0,Nos,MYR,TRUE,1,0,Nos,MYR,0,Nos,MYR,0,Nos,MYR,0,Nos,MYR,"{""Instrument Category"":""Nail System""}",FALSE,,FALSE,
Ultimax Supply Sdn Bhd,267520,"Guide Wire ⌀ 3.2mm, Threaded",Drilling Instruments,1000,10,0,Nos,WH-00351,0.15,Kg,0,Malaysia,,"Neogen AR set (Instruments), Neogen ILN set (Instruments)",FALSE,FALSE,,0,TRUE,1,0,0,Nos,MYR,99999999,Nos,MYR,0,Nos,MYR,TRUE,1,0,Nos,MYR,0,Nos,MYR,0,Nos,MYR,0,Nos,MYR,"{""Instrument Category"":""Nail System"",""Diameter"":3.2,""Compatible Screw Diameter"":3.2}",FALSE,,FALSE,
Ultimax Supply Sdn Bhd,267530,Cannulated Awl,Drilling Instruments,1000,10,0,Nos,WH-00351,0.15,Kg,0,Malaysia,,Neogen AR set (Instruments),FALSE,FALSE,,0,TRUE,1,0,0,Nos,MYR,99999999,Nos,MYR,0,Nos,MYR,TRUE,1,0,Nos,MYR,0,Nos,MYR,0,Nos,MYR,0,Nos,MYR,"{""Instrument Category"":""Nail System""}",FALSE,,FALSE,
Ultimax Supply Sdn Bhd,267560,"Guide Wire ⌀ 3.2mm, Non-Threaded",Drilling Instruments,1000,10,0,Nos,WH-00351,0.15,Kg,0,Malaysia,,Neogen AR set (Instruments),FALSE,FALSE,,0,TRUE,1,0,250,Nos,MYR,99999999,Nos,MYR,0,Nos,MYR,TRUE,1,0,Nos,MYR,0,Nos,MYR,0,Nos,MYR,0,Nos,MYR,"{""Instrument Category"":""Nail System"",""Diameter"":3.2,""Compatible Screw Diameter"":3.2}",FALSE,,FALSE,
Ultimax Supply Sdn Bhd,269190,Ball Tip Wire,Drilling Instruments,1000,10,0,Nos,WH-00353,0.01,Kg,0,Malaysia,,"Proximal Femoral Nail Long, Interlocking Femoral Nail Standard, Interlocking Femoral Nail Recon, Retrograde Femoral Nail, Interlocking Tibial Nail, Supra Patella Tibial Nail, Omnail Long",FALSE,FALSE,,0,TRUE,1,0,250,Nos,MYR,99999999,Nos,MYR,0,Nos,MYR,TRUE,1,0,Nos,MYR,0,Nos,MYR,0,Nos,MYR,0,Nos,MYR,"{""Instrument Category"":""Nail System"",""Diameter"":2.5,""Tip Type"":""Ball Tip"",""Compatible Screw Diameter"":2.5}",FALSE,,FALSE,
Ultimax Supply Sdn Bhd,269200,Reducer,Insertion & Driving Instruments,1000,10,0,Nos,WH-00351,0.15,Kg,0,Malaysia,,Neogen AR set (Instruments),FALSE,FALSE,,0,TRUE,1,0,0,Nos,MYR,99999999,Nos,MYR,0,Nos,MYR,TRUE,1,0,Nos,MYR,0,Nos,MYR,0,Nos,MYR,0,Nos,MYR,"{""Instrument Category"":""Nail System"",""Function Type"":""Reduction Clamp""}",FALSE,,FALSE,
Ultimax Supply Sdn Bhd,269240,Guide Rod Holder,Insertion & Driving Instruments,1000,10,0,Nos,WH-00351,0.15,Kg,0,Malaysia,,"Neogen AR set (Instruments), Neosupra set (Instruments)",FALSE,FALSE,,0,TRUE,1,0,0,Nos,MYR,99999999,Nos,MYR,0,Nos,MYR,TRUE,1,0,Nos,MYR,0,Nos,MYR,0,Nos,MYR,0,Nos,MYR,"{""Instrument Category"":""Nail System"",""Function Type"":""Holding Sleeve""}",FALSE,,FALSE,
Ultimax Supply Sdn Bhd,269280,Hex Reamer Shaft,Drilling Instruments,1000,10,0,Nos,WH-00351,0.35,Kg,0,Malaysia,,"Neogen AR set (Instruments), Neogen ILN set (Instruments)",FALSE,FALSE,,0,TRUE,1,0,0,Nos,MYR,99999999,Nos,MYR,0,Nos,MYR,TRUE,1,0,Nos,MYR,0,Nos,MYR,0,Nos,MYR,0,Nos,MYR,"{""Instrument Category"":""Nail System""}",FALSE,,FALSE,
Ultimax Supply Sdn Bhd,269360,Long Drill Bit ⌀4.3mm,Drilling Instruments,1000,10,0,Nos,WH-00351,0.05,Kg,0,Malaysia,,Neogen AR set (Instruments),FALSE,FALSE,,0,TRUE,1,0,0,Nos,MYR,99999999,Nos,MYR,0,Nos,MYR,TRUE,1,0,Nos,MYR,0,Nos,MYR,0,Nos,MYR,0,Nos,MYR,"{""Instrument Category"":""Nail System"",""Function Type"":""Drill Bit"",""Diameter"":4.3,""Drill Type"":""Drill Bit"",""Compatible Screw Diameter"":4.3}",FALSE,,FALSE,
Ultimax Supply Sdn Bhd,269370,Drill Sleeve ⌀4.3mm,Drilling Instruments,1000,10,0,Nos,WH-00351,0.05,Kg,0,Malaysia,,Neogen AR set (Instruments),FALSE,FALSE,,0,TRUE,1,0,0,Nos,MYR,99999999,Nos,MYR,0,Nos,MYR,TRUE,1,0,Nos,MYR,0,Nos,MYR,0,Nos,MYR,0,Nos,MYR,"{""Instrument Category"":""Nail System"",""Function Type"":""Drill Guide"",""Diameter"":4.3,""Drill Type"":""Drill Guide"",""Compatible Screw Diameter"":4.3}",FALSE,,FALSE,
Ultimax Supply Sdn Bhd,269380,Bolt Wrench SW2.5,Insertion & Driving Instruments,1000,10,0,Nos,WH-00351,0.01,Kg,0,Malaysia,,Neogen ILN set (Instruments),FALSE,FALSE,,0,TRUE,1,0,0,Nos,MYR,99999999,Nos,MYR,0,Nos,MYR,TRUE,1,0,Nos,MYR,0,Nos,MYR,0,Nos,MYR,0,Nos,MYR,"{""Instrument Category"":""Nail System"",""Drive Type"":""Hex""}",FALSE,,FALSE,
Ultimax Supply Sdn Bhd,269400,Insertion Handle,Insertion & Driving Instruments,1000,10,0,Nos,WH-00351,0.15,Kg,0,Malaysia,,Neogen AR set (Instruments),FALSE,FALSE,,0,TRUE,1,0,0,Nos,MYR,99999999,Nos,MYR,0,Nos,MYR,TRUE,1,0,Nos,MYR,0,Nos,MYR,0,Nos,MYR,0,Nos,MYR,"{""Instrument Category"":""Nail System"",""Function Type"":""Insertion Handle""}",FALSE,,FALSE,
Ultimax Supply Sdn Bhd,269410,Aiming Arm 130° for Static Locking,Targeting & Alignment Instruments,1000,10,0,Nos,WH-00351,0.15,Kg,0,Malaysia,,Neogen AR set (Instruments),FALSE,FALSE,,0,TRUE,1,0,0,Nos,MYR,99999999,Nos,MYR,0,Nos,MYR,TRUE,1,0,Nos,MYR,0,Nos,MYR,0,Nos,MYR,0,Nos,MYR,"{""Instrument Category"":""Nail System"",""Function Type"":""Targeting Device"",""Targeting Type"":""Aiming Arm""}",FALSE,,FALSE,
Ultimax Supply Sdn Bhd,269420,Connecting Screw,Insertion & Driving Instruments,1000,10,0,Nos,WH-00351,0.02,Kg,0,Malaysia,,Neogen AR set (Instruments),FALSE,FALSE,,0,TRUE,1,0,0,Nos,MYR,99999999,Nos,MYR,0,Nos,MYR,TRUE,1,0,Nos,MYR,0,Nos,MYR,0,Nos,MYR,0,Nos,MYR,"{""Instrument Category"":""Nail System"",""Function Type"":""Insertion Handle""}",FALSE,,FALSE,
Ultimax Supply Sdn Bhd,269430,T-Handle with Quick Coupling,Insertion & Driving Instruments,1000,10,0,Nos,WH-00351,0.15,Kg,0,Malaysia,,Neogen AR set (Instruments),FALSE,FALSE,,0,TRUE,1,0,0,Nos,MYR,99999999,Nos,MYR,0,Nos,MYR,TRUE,1,0,Nos,MYR,0,Nos,MYR,0,Nos,MYR,0,Nos,MYR,"{""Instrument Category"":""Nail System""}",FALSE,,FALSE,
Ultimax Supply Sdn Bhd,269440,Aiming Arm 130° for Dynamic Locking,Targeting & Alignment Instruments,1000,10,0,Nos,WH-00351,0.15,Kg,0,Malaysia,,Neogen AR set (Instruments),FALSE,FALSE,,0,TRUE,1,0,0,Nos,MYR,99999999,Nos,MYR,0,Nos,MYR,TRUE,1,0,Nos,MYR,0,Nos,MYR,0,Nos,MYR,0,Nos,MYR,"{""Instrument Category"":""Nail System"",""Function Type"":""Targeting Device"",""Targeting Type"":""Aiming Arm""}",FALSE,,FALSE,
Ultimax Supply Sdn Bhd,269450,Entry Reamer ⌀17mm,Drilling Instruments,1000,10,0,Nos,WH-00351,0.35,Kg,0,Malaysia,,Neogen AR set (Instruments),FALSE,FALSE,,0,TRUE,1,0,0,Nos,MYR,99999999,Nos,MYR,0,Nos,MYR,TRUE,1,0,Nos,MYR,0,Nos,MYR,0,Nos,MYR,0,Nos,MYR,"{""Instrument Category"":""Nail System"",""Diameter"":17}",FALSE,,FALSE,
Ultimax Supply Sdn Bhd,269460,Protection Sleeve,Drilling Instruments,1000,10,0,Nos,WH-00351,0.05,Kg,0,Malaysia,,Neogen AR set (Instruments),FALSE,FALSE,,0,TRUE,1,0,0,Nos,MYR,99999999,Nos,MYR,0,Nos,MYR,TRUE,1,0,Nos,MYR,0,Nos,MYR,0,Nos,MYR,0,Nos,MYR,"{""Instrument Category"":""Nail System""}",FALSE,,FALSE,
Ultimax Supply Sdn Bhd,286130,Drill Bit Ø2.0mm,Drilling Instruments,1000,10,0,Nos,WH-00351,0.05,Kg,0,Malaysia,,"VA 2.7 mm set (Instruments), VA 2.7/3.5 mm set (Instruments)",FALSE,FALSE,,0,TRUE,1,0,250,Nos,MYR,99999999,Nos,MYR,0,Nos,MYR,TRUE,1,0,Nos,MYR,0,Nos,MYR,0,Nos,MYR,0,Nos,MYR,"{""Instrument Category"":""Small Fragment System"",""Function Type"":""Drill Bit"",""Diameter"":2,""Drill Type"":""Drill Bit"",""Compatible Screw Diameter"":2}",FALSE,,FALSE,
Ultimax Supply Sdn Bhd,286200,Depth Gauge 60mm Ø2.7mm,Measurement Instruments,1000,10,0,Nos,WH-00351,0.15,Kg,0,Malaysia,,"VA 2.7 mm set (Instruments), VA 2.7/3.5 mm set (Instruments)",FALSE,FALSE,,0,TRUE,1,0,0,Nos,MYR,99999999,Nos,MYR,0,Nos,MYR,TRUE,1,0,Nos,MYR,0,Nos,MYR,0,Nos,MYR,0,Nos,MYR,"{""Instrument Category"":""Small Fragment System"",""Function Type"":""Depth Gauge"",""Diameter"":2.7,""Measurement Type"":""Depth Gauge"",""Measurement Range"":60}",FALSE,,FALSE,
Ultimax Supply Sdn Bhd,286240,Double Drill Guide Ø2.0/2.7mm,Drilling Instruments,1000,10,0,Nos,WH-00351,0.15,Kg,0,Malaysia,,"VA 2.7 mm set (Instruments), VA 2.7/3.5 mm set (Instruments)",FALSE,FALSE,,0,TRUE,1,0,0,Nos,MYR,99999999,Nos,MYR,0,Nos,MYR,TRUE,1,0,Nos,MYR,0,Nos,MYR,0,Nos,MYR,0,Nos,MYR,"{""Instrument Category"":""Small Fragment System"",""Function Type"":""Drill Guide"",""Diameter"":2,""Dual Size"":true,""Drill Type"":""Drill Guide"",""Compatible Screw Diameter"":2}",FALSE,,FALSE,
Ultimax Supply Sdn Bhd,286280,Tap ⌀2.7mm,Insertion & Driving Instruments,1000,10,0,Nos,WH-00351,0.15,Kg,0,Malaysia,,VA 2.7/3.5 mm set (Instruments),FALSE,FALSE,,0,TRUE,1,0,0,Nos,MYR,99999999,Nos,MYR,0,Nos,MYR,TRUE,1,0,Nos,MYR,0,Nos,MYR,0,Nos,MYR,0,Nos,MYR,"{""Instrument Category"":""Small Fragment System"",""Function Type"":""Tap"",""Diameter"":2.7}",FALSE,,FALSE,
Ultimax Supply Sdn Bhd,287130,Straight Screwdriver for Monoloc 2.7mm,Insertion & Driving Instruments,1000,10,0,Nos,WH-00351,0.15,Kg,0,Malaysia,,"VA 2.7 mm set (Instruments), VA 2.7/3.5 mm set (Instruments)",FALSE,FALSE,,0,TRUE,1,0,0,Nos,MYR,99999999,Nos,MYR,0,Nos,MYR,TRUE,1,0,Nos,MYR,0,Nos,MYR,0,Nos,MYR,0,Nos,MYR,"{""Instrument Category"":""Small Fragment System"",""Function Type"":""Screwdriver"",""Diameter"":2.7}",FALSE,,FALSE,
Ultimax Supply Sdn Bhd,288130,"Torx Screwdriver with Quick Coupling, T8",Insertion & Driving Instruments,1000,10,0,Nos,WH-00351,0.15,Kg,0,Malaysia,,"VA 2.7 mm set (Instruments), VA 2.7/3.5 mm set (Instruments)",FALSE,FALSE,,0,TRUE,1,0,0,Nos,MYR,99999999,Nos,MYR,0,Nos,MYR,TRUE,1,0,Nos,MYR,0,Nos,MYR,0,Nos,MYR,0,Nos,MYR,"{""Instrument Category"":""Small Fragment System"",""Function Type"":""Screwdriver"",""Drive Type"":""Torx""}",FALSE,,FALSE,
Ultimax Supply Sdn Bhd,288140,"Screwdriver for Screw Removal, T8",Insertion & Driving Instruments,1000,10,0,Nos,WH-00351,0.15,Kg,0,Malaysia,,"VA 2.7 mm set (Instruments), VA 2.7/3.5 mm set (Instruments)",FALSE,FALSE,,0,TRUE,1,0,0,Nos,MYR,99999999,Nos,MYR,0,Nos,MYR,TRUE,1,0,Nos,MYR,0,Nos,MYR,0,Nos,MYR,0,Nos,MYR,"{""Instrument Category"":""Small Fragment System"",""Function Type"":""Screwdriver"",""Drive Type"":""Torx""}",FALSE,,FALSE,
Ultimax Supply Sdn Bhd,288150,"Torque-limiting Screwdriver, T8",Insertion & Driving Instruments,1000,10,0,Nos,WH-00351,0.15,Kg,0,Malaysia,,"VA 2.7 mm set (Instruments), VA 2.7/3.5 mm set (Instruments)",FALSE,FALSE,,0,TRUE,1,0,0,Nos,MYR,99999999,Nos,MYR,0,Nos,MYR,TRUE,1,0,Nos,MYR,0,Nos,MYR,0,Nos,MYR,0,Nos,MYR,"{""Instrument Category"":""Small Fragment System"",""Function Type"":""Screwdriver"",""Drive Type"":""Torx""}",FALSE,,FALSE,
Ultimax Supply Sdn Bhd,288160,Locking Screw Holding Sleeve ⌀2.7mm,Insertion & Driving Instruments,1000,10,0,Nos,WH-00351,0.05,Kg,0,Malaysia,,VA 2.7 mm set (Instruments),FALSE,FALSE,,0,TRUE,1,0,0,Nos,MYR,99999999,Nos,MYR,0,Nos,MYR,TRUE,1,0,Nos,MYR,0,Nos,MYR,0,Nos,MYR,0,Nos,MYR,"{""Instrument Category"":""Small Fragment System"",""Function Type"":""Holding Sleeve"",""Diameter"":2.7}",FALSE,,FALSE,
Ultimax Supply Sdn Bhd,288170,Cortex Screw Holding Sleeve ⌀2.7mm,Insertion & Driving Instruments,1000,10,0,Nos,WH-00351,0.05,Kg,0,Malaysia,,"VA 2.7 mm set (Instruments), VA 2.7/3.5 mm set (Instruments)",FALSE,FALSE,,0,TRUE,1,0,0,Nos,MYR,99999999,Nos,MYR,0,Nos,MYR,TRUE,1,0,Nos,MYR,0,Nos,MYR,0,Nos,MYR,0,Nos,MYR,"{""Instrument Category"":""Small Fragment System"",""Function Type"":""Holding Sleeve"",""Diameter"":2.7}",FALSE,,FALSE,
Ultimax Supply Sdn Bhd,291290,T-handle with Quick Coupling,Insertion & Driving Instruments,1000,10,0,Nos,WH-00351,0.15,Kg,0,Malaysia,,"VA 3.5 mm set (Instruments), VA 2.7/3.5 mm set (Instruments)",FALSE,FALSE,,0,TRUE,1,0,0,Nos,MYR,99999999,Nos,MYR,0,Nos,MYR,TRUE,1,0,Nos,MYR,0,Nos,MYR,0,Nos,MYR,0,Nos,MYR,"{""Instrument Category"":""Small Fragment System""}",FALSE,,FALSE,
Ultimax Supply Sdn Bhd,291720,"Drill Guide, for 5.0 VA Screw",Drilling Instruments,1000,10,0,Nos,WH-00351,0.15,Kg,0,Malaysia,,VA 4.5/ 5.0 mm set (Instruments),FALSE,FALSE,,0,TRUE,1,0,0,Nos,MYR,99999999,Nos,MYR,0,Nos,MYR,TRUE,1,0,Nos,MYR,0,Nos,MYR,0,Nos,MYR,0,Nos,MYR,"{""Instrument Category"":""Large Fragment System"",""Function Type"":""Drill Guide"",""Drill Type"":""Drill Guide""}",FALSE,,FALSE,
Ultimax Supply Sdn Bhd,292140,"Drill Guide, for ⌀2.7mm VA Screw",Drilling Instruments,1000,10,0,Nos,WH-00351,0.15,Kg,0,Malaysia,,"VA 2.7 mm set (Instruments), VA 2.7/3.5 mm set (Instruments)",FALSE,FALSE,,0,TRUE,1,0,0,Nos,MYR,99999999,Nos,MYR,0,Nos,MYR,TRUE,1,0,Nos,MYR,0,Nos,MYR,0,Nos,MYR,0,Nos,MYR,"{""Instrument Category"":""Small Fragment System"",""Function Type"":""Drill Guide"",""Diameter"":2.7,""Drill Type"":""Drill Guide"",""Compatible Screw Diameter"":2.7}",FALSE,,FALSE,
Ultimax Supply Sdn Bhd,292230,Drill Bit ⌀2.5mm(Long),Drilling Instruments,1000,10,0,Nos,WH-00351,0.05,Kg,0,Malaysia,,"VA 3.5 mm set (Instruments), VA 2.7/3.5 mm set (Instruments)",FALSE,FALSE,,0,TRUE,1,0,0,Nos,MYR,99999999,Nos,MYR,0,Nos,MYR,TRUE,1,0,Nos,MYR,0,Nos,MYR,0,Nos,MYR,0,Nos,MYR,"{""Instrument Category"":""Small Fragment System"",""Function Type"":""Drill Bit"",""Diameter"":2.5,""Drill Type"":""Drill Bit"",""Compatible Screw Diameter"":2.5}",FALSE,,FALSE,
Ultimax Supply Sdn Bhd,292240,Drill Sleeve for ⌀2.7mm,Drilling Instruments,1000,10,0,Nos,WH-00351,0.05,Kg,0,Malaysia,,"VA 3.5 mm set (Instruments), VA 2.7/3.5 mm set (Instruments)",FALSE,FALSE,,0,TRUE,1,0,0,Nos,MYR,99999999,Nos,MYR,0,Nos,MYR,TRUE,1,0,Nos,MYR,0,Nos,MYR,0,Nos,MYR,0,Nos,MYR,"{""Instrument Category"":""Small Fragment System"",""Function Type"":""Drill Guide"",""Diameter"":2.7,""Drill Type"":""Drill Guide"",""Compatible Screw Diameter"":2.7}",FALSE,,FALSE,
Ultimax Supply Sdn Bhd,292250,"Drill Guide, for 3.5mm VA Screw",Drilling Instruments,1000,10,0,Nos,WH-00351,0.15,Kg,0,Malaysia,,"VA 3.5 mm set (Instruments), VA 2.7/3.5 mm set (Instruments)",FALSE,FALSE,,0,TRUE,1,0,0,Nos,MYR,99999999,Nos,MYR,0,Nos,MYR,TRUE,1,0,Nos,MYR,0,Nos,MYR,0,Nos,MYR,0,Nos,MYR,"{""Instrument Category"":""Small Fragment System"",""Function Type"":""Drill Guide"",""Diameter"":3.5,""Drill Type"":""Drill Guide"",""Compatible Screw Diameter"":3.5}",FALSE,,FALSE,
Ultimax Supply Sdn Bhd,292280,"Torque-limiting Screwdriver, T15",Insertion & Driving Instruments,1000,10,0,Nos,WH-00351,0.15,Kg,0,Malaysia,,"VA 3.5 mm set (Instruments), VA 2.7/3.5 mm set (Instruments)",FALSE,FALSE,,0,TRUE,1,0,0,Nos,MYR,99999999,Nos,MYR,0,Nos,MYR,TRUE,1,0,Nos,MYR,0,Nos,MYR,0,Nos,MYR,0,Nos,MYR,"{""Instrument Category"":""Small Fragment System"",""Function Type"":""Screwdriver"",""Drive Type"":""Torx""}",FALSE,,FALSE,
Ultimax Supply Sdn Bhd,292290,"Torx Screwdriver with Quick Coupling, T15",Insertion & Driving Instruments,1000,10,0,Nos,WH-00351,0.15,Kg,0,Malaysia,,"VA 3.5 mm set (Instruments), VA 2.7/3.5 mm set (Instruments)",FALSE,FALSE,,0,TRUE,1,0,0,Nos,MYR,99999999,Nos,MYR,0,Nos,MYR,TRUE,1,0,Nos,MYR,0,Nos,MYR,0,Nos,MYR,0,Nos,MYR,"{""Instrument Category"":""Small Fragment System"",""Function Type"":""Screwdriver"",""Drive Type"":""Torx""}",FALSE,,FALSE,
Ultimax Supply Sdn Bhd,292300,"Screwdriver for Screw Removal, T15",Insertion & Driving Instruments,1000,10,0,Nos,WH-00351,0.15,Kg,0,Malaysia,,"VA 3.5 mm set (Instruments), VA 2.7/3.5 mm set (Instruments)",FALSE,FALSE,,0,TRUE,1,0,0,Nos,MYR,99999999,Nos,MYR,0,Nos,MYR,TRUE,1,0,Nos,MYR,0,Nos,MYR,0,Nos,MYR,0,Nos,MYR,"{""Instrument Category"":""Small Fragment System"",""Function Type"":""Screwdriver"",""Drive Type"":""Torx""}",FALSE,,FALSE,
Ultimax Supply Sdn Bhd,292310,Locking Screw Holding Sleeve ⌀3.5mm,Insertion & Driving Instruments,1000,10,0,Nos,WH-00351,0.05,Kg,0,Malaysia,,"VA 3.5 mm set (Instruments), VA 2.7/3.5 mm set (Instruments)",FALSE,FALSE,,0,TRUE,1,0,0,Nos,MYR,99999999,Nos,MYR,0,Nos,MYR,TRUE,1,0,Nos,MYR,0,Nos,MYR,0,Nos,MYR,0,Nos,MYR,"{""Instrument Category"":""Small Fragment System"",""Function Type"":""Holding Sleeve"",""Diameter"":3.5}",FALSE,,FALSE,
Ultimax Supply Sdn Bhd,292450,Hex Screwdriver,Insertion & Driving Instruments,1000,10,0,Nos,WH-00351,0.15,Kg,0,Malaysia,,Omnail set (Instruments),FALSE,FALSE,,0,TRUE,1,0,0,Nos,MYR,99999999,Nos,MYR,0,Nos,MYR,TRUE,1,0,Nos,MYR,0,Nos,MYR,0,Nos,MYR,0,Nos,MYR,"{""Instrument Category"":""Nail System"",""Function Type"":""Screwdriver"",""Drive Type"":""Hex""}",FALSE,,FALSE,
Ultimax Supply Sdn Bhd,292920,Straight Screwdriver for Variloc 3.5mm,Insertion & Driving Instruments,1000,10,0,Nos,WH-00351,0.15,Kg,0,Malaysia,,"VA 3.5 mm set (Instruments), VA 2.7/3.5 mm set (Instruments)",FALSE,FALSE,,0,TRUE,1,0,0,Nos,MYR,99999999,Nos,MYR,0,Nos,MYR,TRUE,1,0,Nos,MYR,0,Nos,MYR,0,Nos,MYR,0,Nos,MYR,"{""Instrument Category"":""Small Fragment System"",""Function Type"":""Screwdriver"",""Diameter"":3.5}",FALSE,,FALSE,
Ultimax Supply Sdn Bhd,295130,Drill Sleeve for ⌀2.0mm,Drilling Instruments,1000,10,0,Nos,WH-00351,0.05,Kg,0,Malaysia,,"VA 2.7 mm set (Instruments), VA 2.7/3.5 mm set (Instruments)",FALSE,FALSE,,0,TRUE,1,0,0,Nos,MYR,99999999,Nos,MYR,0,Nos,MYR,TRUE,1,0,Nos,MYR,0,Nos,MYR,0,Nos,MYR,0,Nos,MYR,"{""Instrument Category"":""Small Fragment System"",""Function Type"":""Drill Guide"",""Diameter"":2,""Drill Type"":""Drill Guide"",""Compatible Screw Diameter"":2}",FALSE,,FALSE,
Ultimax Supply Sdn Bhd,607401,Outer Protection Sleeve for SPA,Drilling Instruments,1000,10,0,Nos,WH-00351,0.05,Kg,0,Malaysia,,Neosupra set (Instruments),FALSE,FALSE,,0,TRUE,1,0,250,Nos,MYR,99999999,Nos,MYR,0,Nos,MYR,TRUE,1,0,Nos,MYR,0,Nos,MYR,0,Nos,MYR,0,Nos,MYR,"{""Instrument Category"":""Nail System""}",FALSE,,FALSE,
Ultimax Supply Sdn Bhd,607402,Protection Sleeve for SPA,Drilling Instruments,1000,10,0,Nos,WH-00351,0.05,Kg,0,Malaysia,,Neosupra set (Instruments),FALSE,FALSE,,0,TRUE,1,0,0,Nos,MYR,99999999,Nos,MYR,0,Nos,MYR,TRUE,1,0,Nos,MYR,0,Nos,MYR,0,Nos,MYR,0,Nos,MYR,"{""Instrument Category"":""Nail System""}",FALSE,,FALSE,
Ultimax Supply Sdn Bhd,607403,Protection Sleeve Handle for SPA,Drilling Instruments,1000,10,0,Nos,WH-00351,0.15,Kg,0,Malaysia,,Neosupra set (Instruments),FALSE,FALSE,,0,TRUE,1,0,0,Nos,MYR,99999999,Nos,MYR,0,Nos,MYR,TRUE,1,0,Nos,MYR,0,Nos,MYR,0,Nos,MYR,0,Nos,MYR,"{""Instrument Category"":""Nail System""}",FALSE,,FALSE,
Ultimax Supply Sdn Bhd,607404,Trocar ⌀12.5mm for SPA,Drilling Instruments,1000,10,0,Nos,WH-00351,0.05,Kg,0,Malaysia,,Neosupra set (Instruments),FALSE,FALSE,,0,TRUE,1,0,0,Nos,MYR,99999999,Nos,MYR,0,Nos,MYR,TRUE,1,0,Nos,MYR,0,Nos,MYR,0,Nos,MYR,0,Nos,MYR,"{""Instrument Category"":""Nail System"",""Diameter"":12.5,""Tip Type"":""Trocar""}",FALSE,,FALSE,
Ultimax Supply Sdn Bhd,607405,Center Sleeve for SPA,Drilling Instruments,1000,10,0,Nos,WH-00351,0.05,Kg,0,Malaysia,,Neosupra set (Instruments),FALSE,FALSE,,0,TRUE,1,0,0,Nos,MYR,99999999,Nos,MYR,0,Nos,MYR,TRUE,1,0,Nos,MYR,0,Nos,MYR,0,Nos,MYR,0,Nos,MYR,"{""Instrument Category"":""Nail System""}",FALSE,,FALSE,
Ultimax Supply Sdn Bhd,607406,Tentry Reamer for SPA ⌀12.5mm,Drilling Instruments,1000,10,0,Nos,WH-00351,0.35,Kg,0,Malaysia,,Neosupra set (Instruments),FALSE,FALSE,,0,TRUE,1,0,0,Nos,MYR,99999999,Nos,MYR,0,Nos,MYR,TRUE,1,0,Nos,MYR,0,Nos,MYR,0,Nos,MYR,0,Nos,MYR,"{""Instrument Category"":""Nail System"",""Diameter"":12.5}",FALSE,,FALSE,
Ultimax Supply Sdn Bhd,607407,Proximal Aiming Arm for SPA,Targeting & Alignment Instruments,1000,10,0,Nos,WH-00351,0.15,Kg,0,Malaysia,,Neosupra set (Instruments),FALSE,FALSE,,0,TRUE,1,0,0,Nos,MYR,99999999,Nos,MYR,0,Nos,MYR,TRUE,1,0,Nos,MYR,0,Nos,MYR,0,Nos,MYR,0,Nos,MYR,"{""Instrument Category"":""Nail System"",""Function Type"":""Targeting Device"",""Targeting Type"":""Aiming Arm""}",FALSE,,FALSE,
Ultimax Supply Sdn Bhd,607409,Compression Rod for SPA,Insertion & Driving Instruments,1000,10,0,Nos,WH-00351,0.15,Kg,0,Malaysia,,Neosupra set (Instruments),FALSE,FALSE,,0,TRUE,1,0,0,Nos,MYR,99999999,Nos,MYR,0,Nos,MYR,TRUE,1,0,Nos,MYR,0,Nos,MYR,0,Nos,MYR,0,Nos,MYR,"{""Instrument Category"":""Nail System"",""Function Type"":""Insertion Handle""}",FALSE,,FALSE,
Ultimax Supply Sdn Bhd,607410,"Extended Rod, Cannulated for SPA",Insertion & Driving Instruments,1000,10,0,Nos,WH-00351,0.15,Kg,0,Malaysia,,Neosupra set (Instruments),FALSE,FALSE,,0,TRUE,1,0,0,Nos,MYR,99999999,Nos,MYR,0,Nos,MYR,TRUE,1,0,Nos,MYR,0,Nos,MYR,0,Nos,MYR,0,Nos,MYR,"{""Instrument Category"":""Nail System"",""Function Type"":""Insertion Handle"",""Cannulated"":true}",FALSE,,FALSE,
Ultimax Supply Sdn Bhd,607420,Radiographic Rular,Measurement Instruments,1000,10,0,Nos,WH-00351,0.15,Kg,0,Malaysia,,Neosupra set (Instruments),FALSE,FALSE,,0,TRUE,1,0,0,Nos,MYR,99999999,Nos,MYR,0,Nos,MYR,TRUE,1,0,Nos,MYR,0,Nos,MYR,0,Nos,MYR,0,Nos,MYR,"{""Instrument Category"":""Nail System"",""Measurement Type"":""Ruler""}",FALSE,,FALSE,
Ultimax Supply Sdn Bhd,607421,Tissue Protector,Drilling Instruments,1000,10,0,Nos,WH-00351,0.15,Kg,0,Malaysia,,Neosupra set (Instruments),FALSE,FALSE,,0,TRUE,1,0,0,Nos,MYR,99999999,Nos,MYR,0,Nos,MYR,TRUE,1,0,Nos,MYR,0,Nos,MYR,0,Nos,MYR,0,Nos,MYR,"{""Instrument Category"":""Nail System""}",FALSE,,FALSE,
Ultimax Supply Sdn Bhd,607422,Entry Portal,Insertion & Driving Instruments,1000,10,0,Nos,WH-00351,0.15,Kg,0,Malaysia,,Neosupra set (Instruments),FALSE,FALSE,,0,TRUE,1,0,0,Nos,MYR,99999999,Nos,MYR,0,Nos,MYR,TRUE,1,0,Nos,MYR,0,Nos,MYR,0,Nos,MYR,0,Nos,MYR,"{""Instrument Category"":""Nail System"",""Function Type"":""Insertion Handle""}",FALSE,,FALSE,
Ultimax Supply Sdn Bhd,607423,Center Sleeve,Drilling Instruments,1000,10,0,Nos,WH-00351,0.05,Kg,0,Malaysia,,Neosupra set (Instruments),FALSE,FALSE,,0,TRUE,1,0,0,Nos,MYR,99999999,Nos,MYR,0,Nos,MYR,TRUE,1,0,Nos,MYR,0,Nos,MYR,0,Nos,MYR,0,Nos,MYR,"{""Instrument Category"":""Nail System""}",FALSE,,FALSE,
Ultimax Supply Sdn Bhd,607424,Entry Reamer ⌀12.5mm,Drilling Instruments,1000,10,0,Nos,WH-00351,0.35,Kg,0,Malaysia,,Neosupra set (Instruments),FALSE,FALSE,,0,TRUE,1,0,0,Nos,MYR,99999999,Nos,MYR,0,Nos,MYR,TRUE,1,0,Nos,MYR,0,Nos,MYR,0,Nos,MYR,0,Nos,MYR,"{""Instrument Category"":""Nail System"",""Diameter"":12.5}",FALSE,,FALSE,
Ultimax Supply Sdn Bhd,607425,Awl ⌀12.5mm,Drilling Instruments,1000,10,0,Nos,WH-00351,0.15,Kg,0,Malaysia,,Neosupra set (Instruments),FALSE,FALSE,,0,TRUE,1,0,0,Nos,MYR,99999999,Nos,MYR,0,Nos,MYR,TRUE,1,0,Nos,MYR,0,Nos,MYR,0,Nos,MYR,0,Nos,MYR,"{""Instrument Category"":""Nail System"",""Diameter"":12.5}",FALSE,,FALSE,
Ultimax Supply Sdn Bhd,607426,Reducer,Insertion & Driving Instruments,1000,10,0,Nos,WH-00351,0.15,Kg,0,Malaysia,,Neosupra set (Instruments),FALSE,FALSE,,0,TRUE,1,0,0,Nos,MYR,99999999,Nos,MYR,0,Nos,MYR,TRUE,1,0,Nos,MYR,0,Nos,MYR,0,Nos,MYR,0,Nos,MYR,"{""Instrument Category"":""Nail System"",""Function Type"":""Reduction Clamp""}",FALSE,,FALSE,
Ultimax Supply Sdn Bhd,607427,Proximal Aiming Bar,Targeting & Alignment Instruments,1000,10,0,Nos,WH-00351,0.15,Kg,0,Malaysia,,Neosupra set (Instruments),FALSE,FALSE,,0,TRUE,1,0,0,Nos,MYR,99999999,Nos,MYR,0,Nos,MYR,TRUE,1,0,Nos,MYR,0,Nos,MYR,0,Nos,MYR,0,Nos,MYR,"{""Instrument Category"":""Nail System"",""Function Type"":""Targeting Device""}",FALSE,,FALSE,
Ultimax Supply Sdn Bhd,607429,Compress Rod,Insertion & Driving Instruments,1000,10,0,Nos,WH-00351,0.15,Kg,0,Malaysia,,Neosupra set (Instruments),FALSE,FALSE,,0,TRUE,1,0,0,Nos,MYR,99999999,Nos,MYR,0,Nos,MYR,TRUE,1,0,Nos,MYR,0,Nos,MYR,0,Nos,MYR,0,Nos,MYR,"{""Instrument Category"":""Nail System"",""Function Type"":""Insertion Handle""}",FALSE,,FALSE,
Ultimax Supply Sdn Bhd,607430,Impactor,Insertion & Driving Instruments,1000,10,0,Nos,WH-00351,0.35,Kg,0,Malaysia,,Neosupra set (Instruments),FALSE,FALSE,,0,TRUE,1,0,0,Nos,MYR,99999999,Nos,MYR,0,Nos,MYR,TRUE,1,0,Nos,MYR,0,Nos,MYR,0,Nos,MYR,0,Nos,MYR,"{""Instrument Category"":""Nail System"",""Function Type"":""Insertion Handle""}",FALSE,,FALSE,
Ultimax Supply Sdn Bhd,607431,Thumb Wheel Assembly,Insertion & Driving Instruments,1000,10,0,Nos,WH-00351,0.15,Kg,0,Malaysia,,Neosupra set (Instruments),FALSE,FALSE,,0,TRUE,1,0,0,Nos,MYR,99999999,Nos,MYR,0,Nos,MYR,TRUE,1,0,Nos,MYR,0,Nos,MYR,0,Nos,MYR,0,Nos,MYR,"{""Instrument Category"":""Nail System"",""Function Type"":""Insertion Handle""}",FALSE,,FALSE,
Ultimax Supply Sdn Bhd,607432,Connection Bolt for Distal Aiming Arm,Targeting & Alignment Instruments,1000,10,0,Nos,WH-00351,0.01,Kg,0,Malaysia,,Omnail set (Instruments),FALSE,FALSE,,0,TRUE,1,0,0,Nos,MYR,99999999,Nos,MYR,0,Nos,MYR,TRUE,1,0,Nos,MYR,0,Nos,MYR,0,Nos,MYR,0,Nos,MYR,"{""Instrument Category"":""Nail System"",""Function Type"":""Targeting Device"",""Targeting Type"":""Aiming Arm""}",FALSE,,FALSE,
Ultimax Supply Sdn Bhd,607433,Distal Aiming Bar,Targeting & Alignment Instruments,1000,10,0,Nos,WH-00351,0.15,Kg,0,Malaysia,,Neosupra set (Instruments),FALSE,FALSE,,0,TRUE,1,0,0,Nos,MYR,99999999,Nos,MYR,0,Nos,MYR,TRUE,1,0,Nos,MYR,0,Nos,MYR,0,Nos,MYR,0,Nos,MYR,"{""Instrument Category"":""Nail System"",""Function Type"":""Targeting Device""}",FALSE,,FALSE,
Ultimax Supply Sdn Bhd,607434,Distal Targeter,Targeting & Alignment Instruments,1000,10,0,Nos,WH-00351,0.35,Kg,0,Malaysia,,Neosupra set (Instruments),FALSE,FALSE,,0,TRUE,1,0,0,Nos,MYR,99999999,Nos,MYR,0,Nos,MYR,TRUE,1,0,Nos,MYR,0,Nos,MYR,0,Nos,MYR,0,Nos,MYR,"{""Instrument Category"":""Nail System"",""Function Type"":""Targeting Device""}",FALSE,,FALSE,
Ultimax Supply Sdn Bhd,607435,Position Rod Sleeve,Targeting & Alignment Instruments,1000,10,0,Nos,WH-00351,0.05,Kg,0,Malaysia,,Neosupra set (Instruments),FALSE,FALSE,,0,TRUE,1,0,0,Nos,MYR,99999999,Nos,MYR,0,Nos,MYR,TRUE,1,0,Nos,MYR,0,Nos,MYR,0,Nos,MYR,0,Nos,MYR,"{""Instrument Category"":""Nail System"",""Function Type"":""Targeting Device""}",FALSE,,FALSE,
Ultimax Supply Sdn Bhd,607436,Drill Bit ⌀3.5mm,Drilling Instruments,1000,10,0,Nos,WH-00351,0.05,Kg,0,Malaysia,,Neosupra set (Instruments),FALSE,FALSE,,0,TRUE,1,0,0,Nos,MYR,99999999,Nos,MYR,0,Nos,MYR,TRUE,1,0,Nos,MYR,0,Nos,MYR,0,Nos,MYR,0,Nos,MYR,"{""Instrument Category"":""Nail System"",""Function Type"":""Drill Bit"",""Diameter"":3.5,""Drill Type"":""Drill Bit"",""Compatible Screw Diameter"":3.5}",FALSE,,FALSE,
Ultimax Supply Sdn Bhd,607437,Reamer for Position Hold,Drilling Instruments,1000,10,0,Nos,WH-00351,0.35,Kg,0,Malaysia,,Neosupra set (Instruments),FALSE,FALSE,,0,TRUE,1,0,0,Nos,MYR,99999999,Nos,MYR,0,Nos,MYR,TRUE,1,0,Nos,MYR,0,Nos,MYR,0,Nos,MYR,0,Nos,MYR,"{""Instrument Category"":""Nail System""}",FALSE,,FALSE,
Ultimax Supply Sdn Bhd,607438,Position Rod,Targeting & Alignment Instruments,1000,10,0,Nos,WH-00351,0.15,Kg,0,Malaysia,,Neosupra set (Instruments),FALSE,FALSE,,0,TRUE,1,0,0,Nos,MYR,99999999,Nos,MYR,0,Nos,MYR,TRUE,1,0,Nos,MYR,0,Nos,MYR,0,Nos,MYR,0,Nos,MYR,"{""Instrument Category"":""Nail System"",""Function Type"":""Targeting Device""}",FALSE,,FALSE,
Ultimax Supply Sdn Bhd,607800,Ball Tip Guide Rod,Drilling Instruments,1000,10,0,Nos,WH-00351,0.15,Kg,0,Malaysia,,Omnail set (Instruments),FALSE,FALSE,,0,TRUE,1,0,0,Nos,MYR,99999999,Nos,MYR,0,Nos,MYR,TRUE,1,0,Nos,MYR,0,Nos,MYR,0,Nos,MYR,0,Nos,MYR,"{""Instrument Category"":""Nail System"",""Tip Type"":""Ball Tip""}",FALSE,,FALSE,
Ultimax Supply Sdn Bhd,607802,Reamer Head ⌀7.0,Drilling Instruments,1000,10,0,Nos,WH-00351,0.35,Kg,0,Malaysia,,Neosupra set (Instruments),FALSE,FALSE,,0,TRUE,1,0,0,Nos,MYR,99999999,Nos,MYR,0,Nos,MYR,TRUE,1,0,Nos,MYR,0,Nos,MYR,0,Nos,MYR,0,Nos,MYR,"{""Instrument Category"":""Nail System"",""Diameter"":7,""Compatible Screw Diameter"":7}",FALSE,,FALSE,
Ultimax Supply Sdn Bhd,607803,"Flexible Reamer Shaft,Φ 8mm",Drilling Instruments,1000,10,0,Nos,WH-00351,0.35,Kg,0,Malaysia,,"Neosupra set (Instruments), Omnail set (Instruments)",FALSE,FALSE,,0,TRUE,1,0,0,Nos,MYR,99999999,Nos,MYR,0,Nos,MYR,TRUE,1,0,Nos,MYR,0,Nos,MYR,0,Nos,MYR,0,Nos,MYR,"{""Instrument Category"":""Nail System"",""Diameter"":8,""Compatible Screw Diameter"":8}",FALSE,,FALSE,
Ultimax Supply Sdn Bhd,607806,"Reamer Head,Φ7.5",Drilling Instruments,1000,10,0,Nos,WH-00351,0.35,Kg,0,Malaysia,,Neosupra set (Instruments),FALSE,FALSE,,0,TRUE,1,0,0,Nos,MYR,99999999,Nos,MYR,0,Nos,MYR,TRUE,1,0,Nos,MYR,0,Nos,MYR,0,Nos,MYR,0,Nos,MYR,"{""Instrument Category"":""Nail System"",""Diameter"":7.5,""Compatible Screw Diameter"":7.5}",FALSE,,FALSE,
Ultimax Supply Sdn Bhd,607807,"Reamer Head,Φ8.0",Drilling Instruments,1000,10,0,Nos,WH-00351,0.35,Kg,0,Malaysia,,Neosupra set (Instruments),FALSE,FALSE,,0,TRUE,1,0,0,Nos,MYR,99999999,Nos,MYR,0,Nos,MYR,TRUE,1,0,Nos,MYR,0,Nos,MYR,0,Nos,MYR,0,Nos,MYR,"{""Instrument Category"":""Nail System"",""Diameter"":8,""Compatible Screw Diameter"":8}",FALSE,,FALSE,
Ultimax Supply Sdn Bhd,607808,"Reamer Head,Φ8.5mm",Drilling Instruments,1000,10,0,Nos,WH-00351,0.35,Kg,0,Malaysia,,"Neosupra set (Instruments), Omnail set (Instruments)",FALSE,FALSE,,0,TRUE,1,0,0,Nos,MYR,99999999,Nos,MYR,0,Nos,MYR,TRUE,1,0,Nos,MYR,0,Nos,MYR,0,Nos,MYR,0,Nos,MYR,"{""Instrument Category"":""Nail System"",""Diameter"":8.5,""Compatible Screw Diameter"":8.5}",FALSE,,FALSE,
Ultimax Supply Sdn Bhd,607809,"Reamer Head,Φ9.0mm",Drilling Instruments,1000,10,0,Nos,WH-00351,0.35,Kg,0,Malaysia,,"Neosupra set (Instruments), Omnail set (Instruments)",FALSE,FALSE,,0,TRUE,1,0,0,Nos,MYR,99999999,Nos,MYR,0,Nos,MYR,TRUE,1,0,Nos,MYR,0,Nos,MYR,0,Nos,MYR,0,Nos,MYR,"{""Instrument Category"":""Nail System"",""Diameter"":9,""Compatible Screw Diameter"":9}",FALSE,,FALSE,
Ultimax Supply Sdn Bhd,607810,"Reamer Head,Φ9.5mm",Drilling Instruments,1000,10,0,Nos,WH-00351,0.35,Kg,0,Malaysia,,"Neosupra set (Instruments), Omnail set (Instruments)",FALSE,FALSE,,0,TRUE,1,0,0,Nos,MYR,99999999,Nos,MYR,0,Nos,MYR,TRUE,1,0,Nos,MYR,0,Nos,MYR,0,Nos,MYR,0,Nos,MYR,"{""Instrument Category"":""Nail System"",""Diameter"":9.5,""Compatible Screw Diameter"":9.5}",FALSE,,FALSE,
Ultimax Supply Sdn Bhd,607811,"Reamer Head,Φ10.0mm",Drilling Instruments,1000,10,0,Nos,WH-00351,0.35,Kg,0,Malaysia,,"Neosupra set (Instruments), Omnail set (Instruments)",FALSE,FALSE,,0,TRUE,1,0,0,Nos,MYR,99999999,Nos,MYR,0,Nos,MYR,TRUE,1,0,Nos,MYR,0,Nos,MYR,0,Nos,MYR,0,Nos,MYR,"{""Instrument Category"":""Nail System"",""Diameter"":10,""Compatible Screw Diameter"":10}",FALSE,,FALSE,
Ultimax Supply Sdn Bhd,607812,"Reamer Head,Φ10.5mm",Drilling Instruments,1000,10,0,Nos,WH-00351,0.35,Kg,0,Malaysia,,"Neosupra set (Instruments), Omnail set (Instruments)",FALSE,FALSE,,0,TRUE,1,0,0,Nos,MYR,99999999,Nos,MYR,0,Nos,MYR,TRUE,1,0,Nos,MYR,0,Nos,MYR,0,Nos,MYR,0,Nos,MYR,"{""Instrument Category"":""Nail System"",""Diameter"":10.5}",FALSE,,FALSE,
Ultimax Supply Sdn Bhd,607813,"Reamer Head,Φ11.0mm",Drilling Instruments,1000,10,0,Nos,WH-00351,0.35,Kg,0,Malaysia,,"Neosupra set (Instruments), Omnail set (Instruments)",FALSE,FALSE,,0,TRUE,1,0,0,Nos,MYR,99999999,Nos,MYR,0,Nos,MYR,TRUE,1,0,Nos,MYR,0,Nos,MYR,0,Nos,MYR,0,Nos,MYR,"{""Instrument Category"":""Nail System"",""Diameter"":11}",FALSE,,FALSE,
Ultimax Supply Sdn Bhd,607814,"Reamer Head,Φ11.5mm",Drilling Instruments,1000,10,0,Nos,WH-00351,0.35,Kg,0,Malaysia,,"Neosupra set (Instruments), Omnail set (Instruments)",FALSE,FALSE,,0,TRUE,1,0,0,Nos,MYR,99999999,Nos,MYR,0,Nos,MYR,TRUE,1,0,Nos,MYR,0,Nos,MYR,0,Nos,MYR,0,Nos,MYR,"{""Instrument Category"":""Nail System"",""Diameter"":11.5}",FALSE,,FALSE,
Ultimax Supply Sdn Bhd,607815,"Reamer Head,Φ12.0mm",Drilling Instruments,1000,10,0,Nos,WH-00351,0.35,Kg,0,Malaysia,,"Neosupra set (Instruments), Omnail set (Instruments)",FALSE,FALSE,,0,TRUE,1,0,0,Nos,MYR,99999999,Nos,MYR,0,Nos,MYR,TRUE,1,0,Nos,MYR,0,Nos,MYR,0,Nos,MYR,0,Nos,MYR,"{""Instrument Category"":""Nail System"",""Diameter"":12}",FALSE,,FALSE,
Ultimax Supply Sdn Bhd,607820,"Reamer Head,Φ12.5mm",Drilling Instruments,1000,10,0,Nos,WH-00351,0.35,Kg,0,Malaysia,,Omnail set (Instruments),FALSE,FALSE,,0,TRUE,1,0,0,Nos,MYR,99999999,Nos,MYR,0,Nos,MYR,TRUE,1,0,Nos,MYR,0,Nos,MYR,0,Nos,MYR,0,Nos,MYR,"{""Instrument Category"":""Nail System"",""Diameter"":12.5}",FALSE,,FALSE,
Ultimax Supply Sdn Bhd,607821,"Reamer Head,Φ13.0mm",Drilling Instruments,1000,10,0,Nos,WH-00351,0.35,Kg,0,Malaysia,,Omnail set (Instruments),FALSE,FALSE,,0,TRUE,1,0,0,Nos,MYR,99999999,Nos,MYR,0,Nos,MYR,TRUE,1,0,Nos,MYR,0,Nos,MYR,0,Nos,MYR,0,Nos,MYR,"{""Instrument Category"":""Nail System"",""Diameter"":13}",FALSE,,FALSE,
Ultimax Supply Sdn Bhd,607822,"Reamer Head,Φ13.5mm",Drilling Instruments,1000,10,0,Nos,WH-00351,0.35,Kg,0,Malaysia,,Omnail set (Instruments),FALSE,FALSE,,0,TRUE,1,0,0,Nos,MYR,99999999,Nos,MYR,0,Nos,MYR,TRUE,1,0,Nos,MYR,0,Nos,MYR,0,Nos,MYR,0,Nos,MYR,"{""Instrument Category"":""Nail System"",""Diameter"":13.5}",FALSE,,FALSE,
Ultimax Supply Sdn Bhd,607823,"Reamer Head,Φ14.0mm",Drilling Instruments,1000,10,0,Nos,WH-00351,0.35,Kg,0,Malaysia,,Omnail set (Instruments),FALSE,FALSE,,0,TRUE,1,0,0,Nos,MYR,99999999,Nos,MYR,0,Nos,MYR,TRUE,1,0,Nos,MYR,0,Nos,MYR,0,Nos,MYR,0,Nos,MYR,"{""Instrument Category"":""Nail System"",""Diameter"":14}",FALSE,,FALSE,
Ultimax Supply Sdn Bhd,607824,"Reamer Head,Φ14.5mm",Drilling Instruments,1000,10,0,Nos,WH-00351,0.35,Kg,0,Malaysia,,Omnail set (Instruments),FALSE,FALSE,,0,TRUE,1,0,0,Nos,MYR,99999999,Nos,MYR,0,Nos,MYR,TRUE,1,0,Nos,MYR,0,Nos,MYR,0,Nos,MYR,0,Nos,MYR,"{""Instrument Category"":""Nail System"",""Diameter"":14.5}",FALSE,,FALSE,
Ultimax Supply Sdn Bhd,607825,"Reamer Head,Φ15.0mm",Drilling Instruments,1000,10,0,Nos,WH-00351,0.35,Kg,0,Malaysia,,Omnail set (Instruments),FALSE,FALSE,,0,TRUE,1,0,0,Nos,MYR,99999999,Nos,MYR,0,Nos,MYR,TRUE,1,0,Nos,MYR,0,Nos,MYR,0,Nos,MYR,0,Nos,MYR,"{""Instrument Category"":""Nail System"",""Diameter"":15}",FALSE,,FALSE,
Ultimax Supply Sdn Bhd,607826,"Reamer Head,Φ15.5mm",Drilling Instruments,1000,10,0,Nos,WH-00351,0.35,Kg,0,Malaysia,,Omnail set (Instruments),FALSE,FALSE,,0,TRUE,1,0,0,Nos,MYR,99999999,Nos,MYR,0,Nos,MYR,TRUE,1,0,Nos,MYR,0,Nos,MYR,0,Nos,MYR,0,Nos,MYR,"{""Instrument Category"":""Nail System"",""Diameter"":15.5}",FALSE,,FALSE,
Ultimax Supply Sdn Bhd,607827,"Reamer Head,Φ16.0mm",Drilling Instruments,1000,10,0,Nos,WH-00351,0.35,Kg,0,Malaysia,,Omnail set (Instruments),FALSE,FALSE,,0,TRUE,1,0,0,Nos,MYR,99999999,Nos,MYR,0,Nos,MYR,TRUE,1,0,Nos,MYR,0,Nos,MYR,0,Nos,MYR,0,Nos,MYR,"{""Instrument Category"":""Nail System"",""Diameter"":16}",FALSE,,FALSE,
Ultimax Supply Sdn Bhd,607831,Guide Rod Ruler,Measurement Instruments,1000,10,0,Nos,WH-00351,0.15,Kg,0,Malaysia,,Omnail set (Instruments),FALSE,FALSE,,0,TRUE,1,0,0,Nos,MYR,99999999,Nos,MYR,0,Nos,MYR,TRUE,1,0,Nos,MYR,0,Nos,MYR,0,Nos,MYR,0,Nos,MYR,"{""Instrument Category"":""Nail System"",""Measurement Type"":""Ruler""}",FALSE,,FALSE,
Ultimax Supply Sdn Bhd,607832,Protection Sleeve,Drilling Instruments,1000,10,0,Nos,WH-00351,0.05,Kg,0,Malaysia,,Neosupra set (Instruments),FALSE,FALSE,,0,TRUE,1,0,0,Nos,MYR,99999999,Nos,MYR,0,Nos,MYR,TRUE,1,0,Nos,MYR,0,Nos,MYR,0,Nos,MYR,0,Nos,MYR,"{""Instrument Category"":""Nail System""}",FALSE,,FALSE,
Ultimax Supply Sdn Bhd,607833,Drill Sleeve,Drilling Instruments,1000,10,0,Nos,WH-00351,0.05,Kg,0,Malaysia,,Neosupra set (Instruments),FALSE,FALSE,,0,TRUE,1,0,0,Nos,MYR,99999999,Nos,MYR,0,Nos,MYR,TRUE,1,0,Nos,MYR,0,Nos,MYR,0,Nos,MYR,0,Nos,MYR,"{""Instrument Category"":""Nail System"",""Function Type"":""Drill Guide"",""Drill Type"":""Drill Guide""}",FALSE,,FALSE,
Ultimax Supply Sdn Bhd,607834,Trocar,Drilling Instruments,1000,10,0,Nos,WH-00351,0.05,Kg,0,Malaysia,,Neosupra set (Instruments),FALSE,FALSE,,0,TRUE,1,0,0,Nos,MYR,99999999,Nos,MYR,0,Nos,MYR,TRUE,1,0,Nos,MYR,0,Nos,MYR,0,Nos,MYR,0,Nos,MYR,"{""Instrument Category"":""Nail System"",""Tip Type"":""Trocar""}",FALSE,,FALSE,
Ultimax Supply Sdn Bhd,607835,Drill Bit ⌀4.1mm,Drilling Instruments,1000,10,0,Nos,WH-00351,0.05,Kg,0,Malaysia,,Neosupra set (Instruments),FALSE,FALSE,,0,TRUE,1,0,0,Nos,MYR,99999999,Nos,MYR,0,Nos,MYR,TRUE,1,0,Nos,MYR,0,Nos,MYR,0,Nos,MYR,0,Nos,MYR,"{""Instrument Category"":""Nail System"",""Function Type"":""Drill Bit"",""Diameter"":4.1,""Drill Type"":""Drill Bit"",""Compatible Screw Diameter"":4.1}",FALSE,,FALSE,
Ultimax Supply Sdn Bhd,607836,Drill Bit ⌀3.5mm,Drilling Instruments,1000,10,0,Nos,WH-00351,0.05,Kg,0,Malaysia,,"Neosupra set (Instruments), Neosupra set (Instruments)",FALSE,FALSE,,0,TRUE,1,0,0,Nos,MYR,99999999,Nos,MYR,0,Nos,MYR,TRUE,1,0,Nos,MYR,0,Nos,MYR,0,Nos,MYR,0,Nos,MYR,"{""Instrument Category"":""Nail System"",""Function Type"":""Drill Bit"",""Diameter"":3.5,""Drill Type"":""Drill Bit"",""Compatible Screw Diameter"":3.5}",FALSE,,FALSE,
Ultimax Supply Sdn Bhd,607838,Depth Gauge for Locking Screws,Measurement Instruments,1000,10,0,Nos,WH-00351,0.15,Kg,0,Malaysia,,Neosupra set (Instruments),FALSE,FALSE,,0,TRUE,1,0,0,Nos,MYR,99999999,Nos,MYR,0,Nos,MYR,TRUE,1,0,Nos,MYR,0,Nos,MYR,0,Nos,MYR,0,Nos,MYR,"{""Instrument Category"":""Nail System"",""Function Type"":""Depth Gauge"",""Measurement Type"":""Depth Gauge""}",FALSE,,FALSE,
Ultimax Supply Sdn Bhd,607839,Quick Coupling Handle,Insertion & Driving Instruments,1000,10,0,Nos,WH-00351,0.15,Kg,0,Malaysia,,Neosupra set (Instruments),FALSE,FALSE,,0,TRUE,1,0,0,Nos,MYR,99999999,Nos,MYR,0,Nos,MYR,TRUE,1,0,Nos,MYR,0,Nos,MYR,0,Nos,MYR,0,Nos,MYR,"{""Instrument Category"":""Nail System""}",FALSE,,FALSE,
Ultimax Supply Sdn Bhd,607840,"Screwdriver for Locking Screw,SW4.75",Insertion & Driving Instruments,1000,10,0,Nos,WH-00351,0.15,Kg,0,Malaysia,,Neosupra set (Instruments),FALSE,FALSE,,0,TRUE,1,0,0,Nos,MYR,99999999,Nos,MYR,0,Nos,MYR,TRUE,1,0,Nos,MYR,0,Nos,MYR,0,Nos,MYR,0,Nos,MYR,"{""Instrument Category"":""Nail System"",""Function Type"":""Screwdriver"",""Drive Type"":""Hex""}",FALSE,,FALSE,
Ultimax Supply Sdn Bhd,607841,"Flexible Screwdriver for End Cap,SW4.75",Insertion & Driving Instruments,1000,10,0,Nos,WH-00351,0.01,Kg,0,Malaysia,,Neosupra set (Instruments),FALSE,FALSE,,0,TRUE,1,0,0,Nos,MYR,99999999,Nos,MYR,0,Nos,MYR,TRUE,1,0,Nos,MYR,0,Nos,MYR,0,Nos,MYR,0,Nos,MYR,"{""Instrument Category"":""Nail System"",""Function Type"":""Screwdriver"",""Drive Type"":""Hex""}",FALSE,,FALSE,
Ultimax Supply Sdn Bhd,607842,Combination Hammer,Insertion & Driving Instruments,1000,10,0,Nos,WH-00351,0.35,Kg,0,Malaysia,,Neosupra set (Instruments),FALSE,FALSE,,0,TRUE,1,0,0,Nos,MYR,99999999,Nos,MYR,0,Nos,MYR,TRUE,1,0,Nos,MYR,0,Nos,MYR,0,Nos,MYR,0,Nos,MYR,"{""Instrument Category"":""Nail System""}",FALSE,,FALSE,
Ultimax Supply Sdn Bhd,607843,Extractor,Insertion & Driving Instruments,1000,10,0,Nos,WH-00351,0.15,Kg,0,Malaysia,,Neosupra set (Instruments),FALSE,FALSE,,0,TRUE,1,0,0,Nos,MYR,99999999,Nos,MYR,0,Nos,MYR,TRUE,1,0,Nos,MYR,0,Nos,MYR,0,Nos,MYR,0,Nos,MYR,"{""Instrument Category"":""Nail System"",""Function Type"":""Extraction Tool""}",FALSE,,FALSE,
Ultimax Supply Sdn Bhd,607844,Hammer Guide,Insertion & Driving Instruments,1000,10,0,Nos,WH-00351,0.35,Kg,0,Malaysia,,"Neosupra set (Instruments), Omnail set (Instruments)",FALSE,FALSE,,0,TRUE,1,0,0,Nos,MYR,99999999,Nos,MYR,0,Nos,MYR,TRUE,1,0,Nos,MYR,0,Nos,MYR,0,Nos,MYR,0,Nos,MYR,"{""Instrument Category"":""Nail System""}",FALSE,,FALSE,
Ultimax Supply Sdn Bhd,607845,Radiolucent Rod,Targeting & Alignment Instruments,1000,10,0,Nos,WH-00351,0.15,Kg,0,Malaysia,,"Neosupra set (Instruments), Omnail set (Instruments)",FALSE,FALSE,,0,TRUE,1,0,0,Nos,MYR,99999999,Nos,MYR,0,Nos,MYR,TRUE,1,0,Nos,MYR,0,Nos,MYR,0,Nos,MYR,0,Nos,MYR,"{""Instrument Category"":""Nail System"",""Function Type"":""Targeting Device""}",FALSE,,FALSE,
Ultimax Supply Sdn Bhd,607847,Combination Wrench,Insertion & Driving Instruments,1000,10,0,Nos,WH-00351,0.15,Kg,0,Malaysia,,Neosupra set (Instruments),FALSE,FALSE,,0,TRUE,1,0,0,Nos,MYR,99999999,Nos,MYR,0,Nos,MYR,TRUE,1,0,Nos,MYR,0,Nos,MYR,0,Nos,MYR,0,Nos,MYR,"{""Instrument Category"":""Nail System""}",FALSE,,FALSE,
Ultimax Supply Sdn Bhd,607848,"Allen Key,SW4.75",Insertion & Driving Instruments,1000,10,0,Nos,WH-00351,0.15,Kg,0,Malaysia,,"Neosupra set (Instruments), Omnail set (Instruments)",FALSE,FALSE,,0,TRUE,1,0,0,Nos,MYR,99999999,Nos,MYR,0,Nos,MYR,TRUE,1,0,Nos,MYR,0,Nos,MYR,0,Nos,MYR,0,Nos,MYR,"{""Instrument Category"":""Nail System"",""Function Type"":""Screwdriver"",""Drive Type"":""Hex""}",FALSE,,FALSE,
Ultimax Supply Sdn Bhd,607849,Guide Wire with Threaded Tip ⌀3.2mm,Drilling Instruments,1000,10,0,Nos,WH-00351,0.15,Kg,0,Malaysia,,Neosupra set (Instruments),FALSE,FALSE,,0,TRUE,1,0,0,Nos,MYR,99999999,Nos,MYR,0,Nos,MYR,TRUE,1,0,Nos,MYR,0,Nos,MYR,0,Nos,MYR,0,Nos,MYR,"{""Instrument Category"":""Nail System"",""Diameter"":3.2,""Compatible Screw Diameter"":3.2}",FALSE,,FALSE,
Ultimax Supply Sdn Bhd,607850,Guide Wire ⌀3.2mm,Drilling Instruments,1000,10,0,Nos,WH-00351,0.15,Kg,0,Malaysia,,Neosupra set (Instruments),FALSE,FALSE,,0,TRUE,1,0,0,Nos,MYR,99999999,Nos,MYR,0,Nos,MYR,TRUE,1,0,Nos,MYR,0,Nos,MYR,0,Nos,MYR,0,Nos,MYR,"{""Instrument Category"":""Nail System"",""Diameter"":3.2,""Compatible Screw Diameter"":3.2}",FALSE,,FALSE,
Ultimax Supply Sdn Bhd,607851,AO Coupling Adaptor,Insertion & Driving Instruments,1000,10,0,Nos,WH-00351,0.15,Kg,0,Malaysia,,"Neosupra set (Instruments), Omnail set (Instruments)",FALSE,FALSE,,0,TRUE,1,0,0,Nos,MYR,99999999,Nos,MYR,0,Nos,MYR,TRUE,1,0,Nos,MYR,0,Nos,MYR,0,Nos,MYR,0,Nos,MYR,"{""Instrument Category"":""Nail System""}",FALSE,,FALSE,
Ultimax Supply Sdn Bhd,607852,Cleaning Stylet,Drilling Instruments,1000,10,0,Nos,WH-00351,0.05,Kg,0,Malaysia,,"Neosupra set (Instruments), Omnail set (Instruments)",FALSE,FALSE,,0,TRUE,1,0,0,Nos,MYR,99999999,Nos,MYR,0,Nos,MYR,TRUE,1,0,Nos,MYR,0,Nos,MYR,0,Nos,MYR,0,Nos,MYR,"{""Instrument Category"":""Nail System""}",FALSE,,FALSE,
Ultimax Supply Sdn Bhd,608302,Tissue Protector,Drilling Instruments,1000,10,0,Nos,WH-00351,0.15,Kg,0,Malaysia,,Omnail set (Instruments),FALSE,FALSE,,0,TRUE,1,0,0,Nos,MYR,99999999,Nos,MYR,0,Nos,MYR,TRUE,1,0,Nos,MYR,0,Nos,MYR,0,Nos,MYR,0,Nos,MYR,"{""Instrument Category"":""Nail System""}",FALSE,,FALSE,
Ultimax Supply Sdn Bhd,608303,Entry Portal,Insertion & Driving Instruments,1000,10,0,Nos,WH-00351,0.15,Kg,0,Malaysia,,Omnail set (Instruments),FALSE,FALSE,,0,TRUE,1,0,0,Nos,MYR,99999999,Nos,MYR,0,Nos,MYR,TRUE,1,0,Nos,MYR,0,Nos,MYR,0,Nos,MYR,0,Nos,MYR,"{""Instrument Category"":""Nail System"",""Function Type"":""Insertion Handle""}",FALSE,,FALSE,
Ultimax Supply Sdn Bhd,608304,Center Sleeve,Drilling Instruments,1000,10,0,Nos,WH-00351,0.05,Kg,0,Malaysia,,Omnail set (Instruments),FALSE,FALSE,,0,TRUE,1,0,0,Nos,MYR,99999999,Nos,MYR,0,Nos,MYR,TRUE,1,0,Nos,MYR,0,Nos,MYR,0,Nos,MYR,0,Nos,MYR,"{""Instrument Category"":""Nail System""}",FALSE,,FALSE,
Ultimax Supply Sdn Bhd,608305,Awl,Drilling Instruments,1000,10,0,Nos,WH-00351,0.15,Kg,0,Malaysia,,Omnail set (Instruments),FALSE,FALSE,,0,TRUE,1,0,0,Nos,MYR,99999999,Nos,MYR,0,Nos,MYR,TRUE,1,0,Nos,MYR,0,Nos,MYR,0,Nos,MYR,0,Nos,MYR,"{""Instrument Category"":""Nail System""}",FALSE,,FALSE,
Ultimax Supply Sdn Bhd,608306,"Entry Reamer, φ16.5mm",Drilling Instruments,1000,10,0,Nos,WH-00351,0.35,Kg,0,Malaysia,,Omnail set (Instruments),FALSE,FALSE,,0,TRUE,1,0,0,Nos,MYR,99999999,Nos,MYR,0,Nos,MYR,TRUE,1,0,Nos,MYR,0,Nos,MYR,0,Nos,MYR,0,Nos,MYR,"{""Instrument Category"":""Nail System"",""Diameter"":16.5}",FALSE,,FALSE,
Ultimax Supply Sdn Bhd,608309,Radiographic Ruler,Measurement Instruments,1000,10,0,Nos,WH-00351,0.15,Kg,0,Malaysia,,Omnail set (Instruments),FALSE,FALSE,,0,TRUE,1,0,0,Nos,MYR,99999999,Nos,MYR,0,Nos,MYR,TRUE,1,0,Nos,MYR,0,Nos,MYR,0,Nos,MYR,0,Nos,MYR,"{""Instrument Category"":""Nail System"",""Measurement Type"":""Ruler""}",FALSE,,FALSE,
Ultimax Supply Sdn Bhd,608312,Hollow Reamer,Drilling Instruments,1000,10,0,Nos,WH-00351,0.35,Kg,0,Malaysia,,Omnail set (Instruments),FALSE,FALSE,,0,TRUE,1,0,0,Nos,MYR,99999999,Nos,MYR,0,Nos,MYR,TRUE,1,0,Nos,MYR,0,Nos,MYR,0,Nos,MYR,0,Nos,MYR,"{""Instrument Category"":""Nail System""}",FALSE,,FALSE,
Ultimax Supply Sdn Bhd,608320,Proximal Aiming Arm,Targeting & Alignment Instruments,1000,10,0,Nos,WH-00351,0.15,Kg,0,Malaysia,,Omnail set (Instruments),FALSE,FALSE,,0,TRUE,1,0,0,Nos,MYR,99999999,Nos,MYR,0,Nos,MYR,TRUE,1,0,Nos,MYR,0,Nos,MYR,0,Nos,MYR,0,Nos,MYR,"{""Instrument Category"":""Nail System"",""Function Type"":""Targeting Device"",""Targeting Type"":""Aiming Arm""}",FALSE,,FALSE,
Ultimax Supply Sdn Bhd,608323,Connecting Screw,Insertion & Driving Instruments,1000,10,0,Nos,WH-00351,0.02,Kg,0,Malaysia,,Omnail set (Instruments),FALSE,FALSE,,0,TRUE,1,0,0,Nos,MYR,99999999,Nos,MYR,0,Nos,MYR,TRUE,1,0,Nos,MYR,0,Nos,MYR,0,Nos,MYR,0,Nos,MYR,"{""Instrument Category"":""Nail System"",""Function Type"":""Insertion Handle""}",FALSE,,FALSE,
Ultimax Supply Sdn Bhd,608324,Connecting Screw Wrench,Insertion & Driving Instruments,1000,10,0,Nos,WH-00351,0.15,Kg,0,Malaysia,,Omnail set (Instruments),FALSE,FALSE,,0,TRUE,1,0,0,Nos,MYR,99999999,Nos,MYR,0,Nos,MYR,TRUE,1,0,Nos,MYR,0,Nos,MYR,0,Nos,MYR,0,Nos,MYR,"{""Instrument Category"":""Nail System"",""Function Type"":""Insertion Handle""}",FALSE,,FALSE,
Ultimax Supply Sdn Bhd,608325,Connector for Impactor,Insertion & Driving Instruments,1000,10,0,Nos,WH-00351,0.35,Kg,0,Malaysia,,Omnail set (Instruments),FALSE,FALSE,,0,TRUE,1,0,0,Nos,MYR,99999999,Nos,MYR,0,Nos,MYR,TRUE,1,0,Nos,MYR,0,Nos,MYR,0,Nos,MYR,0,Nos,MYR,"{""Instrument Category"":""Nail System"",""Function Type"":""Insertion Handle""}",FALSE,,FALSE,
Ultimax Supply Sdn Bhd,608326,Impactor,Insertion & Driving Instruments,1000,10,0,Nos,WH-00351,0.35,Kg,0,Malaysia,,Omnail set (Instruments),FALSE,FALSE,,0,TRUE,1,0,0,Nos,MYR,99999999,Nos,MYR,0,Nos,MYR,TRUE,1,0,Nos,MYR,0,Nos,MYR,0,Nos,MYR,0,Nos,MYR,"{""Instrument Category"":""Nail System"",""Function Type"":""Insertion Handle""}",FALSE,,FALSE,
Ultimax Supply Sdn Bhd,608346,Set Screw Screwdriver,Insertion & Driving Instruments,1000,10,0,Nos,WH-00351,3,Kg,0,Malaysia,,Omnail set (Instruments),FALSE,FALSE,,0,TRUE,1,0,0,Nos,MYR,99999999,Nos,MYR,0,Nos,MYR,TRUE,1,0,Nos,MYR,0,Nos,MYR,0,Nos,MYR,0,Nos,MYR,"{""Instrument Category"":""Nail System"",""Function Type"":""Screwdriver""}",FALSE,,FALSE,
Ultimax Supply Sdn Bhd,608348,Flexible Screwdriver for End Cap,Insertion & Driving Instruments,1000,10,0,Nos,WH-00351,0.01,Kg,0,Malaysia,,Omnail set (Instruments),FALSE,FALSE,,0,TRUE,1,0,0,Nos,MYR,99999999,Nos,MYR,0,Nos,MYR,TRUE,1,0,Nos,MYR,0,Nos,MYR,0,Nos,MYR,0,Nos,MYR,"{""Instrument Category"":""Nail System"",""Function Type"":""Screwdriver""}",FALSE,,FALSE,
Ultimax Supply Sdn Bhd,608352,Universal Wrench,Insertion & Driving Instruments,1000,10,0,Nos,WH-00351,0.15,Kg,0,Malaysia,,Omnail set (Instruments),FALSE,FALSE,,0,TRUE,1,0,0,Nos,MYR,99999999,Nos,MYR,0,Nos,MYR,TRUE,1,0,Nos,MYR,0,Nos,MYR,0,Nos,MYR,0,Nos,MYR,"{""Instrument Category"":""Nail System""}",FALSE,,FALSE,
Ultimax Supply Sdn Bhd,608361,"Thumb Wheel Assembly, Left",Insertion & Driving Instruments,1000,10,0,Nos,WH-00351,0.15,Kg,0,Malaysia,,Omnail set (Instruments),FALSE,FALSE,,0,TRUE,1,0,0,Nos,MYR,99999999,Nos,MYR,0,Nos,MYR,TRUE,1,0,Nos,MYR,0,Nos,MYR,0,Nos,MYR,0,Nos,MYR,"{""Instrument Category"":""Nail System"",""Function Type"":""Insertion Handle""}",FALSE,,FALSE,
Ultimax Supply Sdn Bhd,608362,"Thumb Wheel Assembly, Right",Insertion & Driving Instruments,1000,10,0,Nos,WH-00351,0.15,Kg,0,Malaysia,,Omnail set (Instruments),FALSE,FALSE,,0,TRUE,1,0,0,Nos,MYR,99999999,Nos,MYR,0,Nos,MYR,TRUE,1,0,Nos,MYR,0,Nos,MYR,0,Nos,MYR,0,Nos,MYR,"{""Instrument Category"":""Nail System"",""Function Type"":""Insertion Handle""}",FALSE,,FALSE,
Ultimax Supply Sdn Bhd,608363,Distal Aiming Bar,Targeting & Alignment Instruments,1000,10,0,Nos,WH-00351,0.15,Kg,0,Malaysia,,Omnail set (Instruments),FALSE,FALSE,,0,TRUE,1,0,0,Nos,MYR,99999999,Nos,MYR,0,Nos,MYR,TRUE,1,0,Nos,MYR,0,Nos,MYR,0,Nos,MYR,0,Nos,MYR,"{""Instrument Category"":""Nail System"",""Function Type"":""Targeting Device""}",FALSE,,FALSE,
Ultimax Supply Sdn Bhd,608365,Position Rod Sleeve,Targeting & Alignment Instruments,1000,10,0,Nos,WH-00351,0.05,Kg,0,Malaysia,,Omnail set (Instruments),FALSE,FALSE,,0,TRUE,1,0,0,Nos,MYR,99999999,Nos,MYR,0,Nos,MYR,TRUE,1,0,Nos,MYR,0,Nos,MYR,0,Nos,MYR,0,Nos,MYR,"{""Instrument Category"":""Nail System"",""Function Type"":""Targeting Device""}",FALSE,,FALSE,
Ultimax Supply Sdn Bhd,608366,Reamer for Position Hole,Drilling Instruments,1000,10,0,Nos,WH-00351,0.35,Kg,0,Malaysia,,Omnail set (Instruments),FALSE,FALSE,,0,TRUE,1,0,0,Nos,MYR,99999999,Nos,MYR,0,Nos,MYR,TRUE,1,0,Nos,MYR,0,Nos,MYR,0,Nos,MYR,0,Nos,MYR,"{""Instrument Category"":""Nail System""}",FALSE,,FALSE,
Ultimax Supply Sdn Bhd,608367,Position Rod,Targeting & Alignment Instruments,1000,10,0,Nos,WH-00351,0.15,Kg,0,Malaysia,,Omnail set (Instruments),FALSE,FALSE,,0,TRUE,1,0,0,Nos,MYR,99999999,Nos,MYR,0,Nos,MYR,TRUE,1,0,Nos,MYR,0,Nos,MYR,0,Nos,MYR,0,Nos,MYR,"{""Instrument Category"":""Nail System"",""Function Type"":""Targeting Device""}",FALSE,,FALSE,
Ultimax Supply Sdn Bhd,608368,Protection Sleeve,Drilling Instruments,1000,10,0,Nos,WH-00351,0.05,Kg,0,Malaysia,,Omnail set (Instruments),FALSE,FALSE,,0,TRUE,1,0,0,Nos,MYR,99999999,Nos,MYR,0,Nos,MYR,TRUE,1,0,Nos,MYR,0,Nos,MYR,0,Nos,MYR,0,Nos,MYR,"{""Instrument Category"":""Nail System""}",FALSE,,FALSE,
Ultimax Supply Sdn Bhd,608369,Drill Sleeve,Drilling Instruments,1000,10,0,Nos,WH-00351,0.05,Kg,0,Malaysia,,Omnail set (Instruments),FALSE,FALSE,,0,TRUE,1,0,0,Nos,MYR,99999999,Nos,MYR,0,Nos,MYR,TRUE,1,0,Nos,MYR,0,Nos,MYR,0,Nos,MYR,0,Nos,MYR,"{""Instrument Category"":""Nail System"",""Function Type"":""Drill Guide"",""Drill Type"":""Drill Guide""}",FALSE,,FALSE,
Ultimax Supply Sdn Bhd,608370,Trocar,Drilling Instruments,1000,10,0,Nos,WH-00351,0.05,Kg,0,Malaysia,,Omnail set (Instruments),FALSE,FALSE,,0,TRUE,1,0,0,Nos,MYR,99999999,Nos,MYR,0,Nos,MYR,TRUE,1,0,Nos,MYR,0,Nos,MYR,0,Nos,MYR,0,Nos,MYR,"{""Instrument Category"":""Nail System"",""Tip Type"":""Trocar""}",FALSE,,FALSE,
Ultimax Supply Sdn Bhd,608371,"Screwdriver for Locking Screw,SW4.75",Insertion & Driving Instruments,1000,10,0,Nos,WH-00351,0.15,Kg,0,Malaysia,,Omnail set (Instruments),FALSE,FALSE,,0,TRUE,1,0,0,Nos,MYR,99999999,Nos,MYR,0,Nos,MYR,TRUE,1,0,Nos,MYR,0,Nos,MYR,0,Nos,MYR,0,Nos,MYR,"{""Instrument Category"":""Nail System"",""Function Type"":""Screwdriver"",""Drive Type"":""Hex""}",FALSE,,FALSE,
Ultimax Supply Sdn Bhd,608372,Extractor,Insertion & Driving Instruments,1000,10,0,Nos,WH-00351,0.15,Kg,0,Malaysia,,Omnail set (Instruments),FALSE,FALSE,,0,TRUE,1,0,0,Nos,MYR,99999999,Nos,MYR,0,Nos,MYR,TRUE,1,0,Nos,MYR,0,Nos,MYR,0,Nos,MYR,0,Nos,MYR,"{""Instrument Category"":""Nail System"",""Function Type"":""Extraction Tool""}",FALSE,,FALSE,
Ultimax Supply Sdn Bhd,608373,Combination Wrench,Insertion & Driving Instruments,1000,10,0,Nos,WH-00351,0.15,Kg,0,Malaysia,,Omnail set (Instruments),FALSE,FALSE,,0,TRUE,1,0,0,Nos,MYR,99999999,Nos,MYR,0,Nos,MYR,TRUE,1,0,Nos,MYR,0,Nos,MYR,0,Nos,MYR,0,Nos,MYR,"{""Instrument Category"":""Nail System""}",FALSE,,FALSE,
Ultimax Supply Sdn Bhd,608377,Drill Guide Drop,Drilling Instruments,1000,10,0,Nos,WH-00351,0.15,Kg,0,Malaysia,,Omnail set (Instruments),FALSE,FALSE,,0,TRUE,1,0,0,Nos,MYR,99999999,Nos,MYR,0,Nos,MYR,TRUE,1,0,Nos,MYR,0,Nos,MYR,0,Nos,MYR,0,Nos,MYR,"{""Instrument Category"":""Nail System"",""Function Type"":""Drill Guide"",""Drill Type"":""Drill Guide""}",FALSE,,FALSE,
Ultimax Supply Sdn Bhd,608379,Guide Clip,Targeting & Alignment Instruments,1000,10,0,Nos,WH-00351,0.15,Kg,0,Malaysia,,Omnail set (Instruments),FALSE,FALSE,,0,TRUE,1,0,0,Nos,MYR,99999999,Nos,MYR,0,Nos,MYR,TRUE,1,0,Nos,MYR,0,Nos,MYR,0,Nos,MYR,0,Nos,MYR,"{""Instrument Category"":""Nail System"",""Function Type"":""Targeting Device""}",FALSE,,FALSE,
Ultimax Supply Sdn Bhd,608380,Lag Screw Drill Sleeve,Drilling Instruments,1000,10,0,Nos,WH-00351,0.05,Kg,0,Malaysia,,Omnail set (Instruments),FALSE,FALSE,,0,TRUE,1,0,0,Nos,MYR,99999999,Nos,MYR,0,Nos,MYR,TRUE,1,0,Nos,MYR,0,Nos,MYR,0,Nos,MYR,0,Nos,MYR,"{""Instrument Category"":""Nail System"",""Function Type"":""Drill Guide"",""Drill Type"":""Drill Guide""}",FALSE,,FALSE,
Ultimax Supply Sdn Bhd,608381,Compression Nut for Sleeve,Insertion & Driving Instruments,1000,10,0,Nos,WH-00351,0.05,Kg,0,Malaysia,,Omnail set (Instruments),FALSE,FALSE,,0,TRUE,1,0,0,Nos,MYR,99999999,Nos,MYR,0,Nos,MYR,TRUE,1,0,Nos,MYR,0,Nos,MYR,0,Nos,MYR,0,Nos,MYR,"{""Instrument Category"":""Nail System""}",FALSE,,FALSE,
Ultimax Supply Sdn Bhd,608382,Anti-rotation Guide Wire Sleeve,Drilling Instruments,1000,10,0,Nos,WH-00351,0.15,Kg,0,Malaysia,,Omnail set (Instruments),FALSE,FALSE,,0,TRUE,1,0,0,Nos,MYR,99999999,Nos,MYR,0,Nos,MYR,TRUE,1,0,Nos,MYR,0,Nos,MYR,0,Nos,MYR,0,Nos,MYR,"{""Instrument Category"":""Nail System""}",FALSE,,FALSE,
Ultimax Supply Sdn Bhd,608383,Trocar for Lag Screw,Drilling Instruments,1000,10,0,Nos,WH-00351,0.05,Kg,0,Malaysia,,Omnail set (Instruments),FALSE,FALSE,,0,TRUE,1,0,0,Nos,MYR,99999999,Nos,MYR,0,Nos,MYR,TRUE,1,0,Nos,MYR,0,Nos,MYR,0,Nos,MYR,0,Nos,MYR,"{""Instrument Category"":""Nail System"",""Tip Type"":""Trocar""}",FALSE,,FALSE,
Ultimax Supply Sdn Bhd,608384,Depth Gauge for Lag Screw,Measurement Instruments,1000,10,0,Nos,WH-00351,0.15,Kg,0,Malaysia,,Omnail set (Instruments),FALSE,FALSE,,0,TRUE,1,0,0,Nos,MYR,99999999,Nos,MYR,0,Nos,MYR,TRUE,1,0,Nos,MYR,0,Nos,MYR,0,Nos,MYR,0,Nos,MYR,"{""Instrument Category"":""Nail System"",""Function Type"":""Depth Gauge"",""Measurement Type"":""Depth Gauge""}",FALSE,,FALSE,
Ultimax Supply Sdn Bhd,608385,"Lag Screw Drill,Φ10.5mm",Drilling Instruments,1000,10,0,Nos,WH-00351,0.05,Kg,0,Malaysia,,Omnail set (Instruments),FALSE,FALSE,,0,TRUE,1,0,0,Nos,MYR,99999999,Nos,MYR,0,Nos,MYR,TRUE,1,0,Nos,MYR,0,Nos,MYR,0,Nos,MYR,0,Nos,MYR,"{""Instrument Category"":""Nail System"",""Function Type"":""Drill Bit"",""Diameter"":10.5,""Drill Type"":""Drill Bit""}",FALSE,,FALSE,
Ultimax Supply Sdn Bhd,608386,"Lag Screw Tap,Φ10.5mm",Insertion & Driving Instruments,1000,10,0,Nos,WH-00351,0.15,Kg,0,Malaysia,,Omnail set (Instruments),FALSE,FALSE,,0,TRUE,1,0,0,Nos,MYR,99999999,Nos,MYR,0,Nos,MYR,TRUE,1,0,Nos,MYR,0,Nos,MYR,0,Nos,MYR,0,Nos,MYR,"{""Instrument Category"":""Nail System"",""Function Type"":""Tap"",""Diameter"":10.5}",FALSE,,FALSE,
Ultimax Supply Sdn Bhd,608387,"Blade Screwdriver ,Φ10.5mm",Insertion & Driving Instruments,1000,10,0,Nos,WH-00351,0.15,Kg,0,Malaysia,,Omnail set (Instruments),FALSE,FALSE,,0,TRUE,1,0,0,Nos,MYR,99999999,Nos,MYR,0,Nos,MYR,TRUE,1,0,Nos,MYR,0,Nos,MYR,0,Nos,MYR,0,Nos,MYR,"{""Instrument Category"":""Nail System"",""Function Type"":""Screwdriver"",""Diameter"":10.5}",FALSE,,FALSE,
Ultimax Supply Sdn Bhd,608388,"Lag Screwdriver,Φ10.5mm",Insertion & Driving Instruments,1000,10,0,Nos,WH-00351,0.15,Kg,0,Malaysia,,Omnail set (Instruments),FALSE,FALSE,,0,TRUE,1,0,0,Nos,MYR,99999999,Nos,MYR,0,Nos,MYR,TRUE,1,0,Nos,MYR,0,Nos,MYR,0,Nos,MYR,0,Nos,MYR,"{""Instrument Category"":""Nail System"",""Function Type"":""Screwdriver"",""Diameter"":10.5}",FALSE,,FALSE,
Ultimax Supply Sdn Bhd,608389,Compression Dial,Insertion & Driving Instruments,1000,10,0,Nos,WH-00351,0.08,Kg,0,Malaysia,,Omnail set (Instruments),FALSE,FALSE,,0,TRUE,1,0,0,Nos,MYR,99999999,Nos,MYR,0,Nos,MYR,TRUE,1,0,Nos,MYR,0,Nos,MYR,0,Nos,MYR,0,Nos,MYR,"{""Instrument Category"":""Nail System"",""Function Type"":""Insertion Handle""}",FALSE,,FALSE,
Ultimax Supply Sdn Bhd,608392,Blade Removal Screwdriver,Insertion & Driving Instruments,1000,10,0,Nos,WH-00351,0.15,Kg,0,Malaysia,,Omnail set (Instruments),FALSE,FALSE,,0,TRUE,1,0,0,Nos,MYR,99999999,Nos,MYR,0,Nos,MYR,TRUE,1,0,Nos,MYR,0,Nos,MYR,0,Nos,MYR,0,Nos,MYR,"{""Instrument Category"":""Nail System"",""Function Type"":""Screwdriver""}",FALSE,,FALSE,
Ultimax Supply Sdn Bhd,608393,Drill Stopper(Blue+Silver),Insertion & Driving Instruments,1000,10,0,Nos,WH-00351,0.05,Kg,0,Malaysia,,Omnail set (Instruments),FALSE,FALSE,,0,TRUE,1,0,0,Nos,MYR,99999999,Nos,MYR,0,Nos,MYR,TRUE,1,0,Nos,MYR,0,Nos,MYR,0,Nos,MYR,0,Nos,MYR,"{""Instrument Category"":""Nail System""}",FALSE,,FALSE,
Ultimax Supply Sdn Bhd,608801,T-Handle,Insertion & Driving Instruments,1000,10,0,Nos,WH-00351,0.15,Kg,0,Malaysia,,Omnail set (Instruments),FALSE,FALSE,,0,TRUE,1,0,0,Nos,MYR,99999999,Nos,MYR,0,Nos,MYR,TRUE,1,0,Nos,MYR,0,Nos,MYR,0,Nos,MYR,0,Nos,MYR,"{""Instrument Category"":""Nail System""}",FALSE,,FALSE,
Ultimax Supply Sdn Bhd,608802,Guide Wire with Threaded Tip,Drilling Instruments,1000,10,0,Nos,WH-00351,0.15,Kg,0,Malaysia,,Omnail set (Instruments),FALSE,FALSE,,0,TRUE,1,0,0,Nos,MYR,99999999,Nos,MYR,0,Nos,MYR,TRUE,1,0,Nos,MYR,0,Nos,MYR,0,Nos,MYR,0,Nos,MYR,"{""Instrument Category"":""Nail System""}",FALSE,,FALSE,
Ultimax Supply Sdn Bhd,608803,Depth Gauge for Locking Screws,Measurement Instruments,1000,10,0,Nos,WH-00351,0.15,Kg,0,Malaysia,,Omnail set (Instruments),FALSE,FALSE,,0,TRUE,1,0,0,Nos,MYR,99999999,Nos,MYR,0,Nos,MYR,TRUE,1,0,Nos,MYR,0,Nos,MYR,0,Nos,MYR,0,Nos,MYR,"{""Instrument Category"":""Nail System"",""Function Type"":""Depth Gauge"",""Measurement Type"":""Depth Gauge""}",FALSE,,FALSE,
Ultimax Supply Sdn Bhd,608804,"Drill Bit,φ4.1mm",Drilling Instruments,1000,10,0,Nos,WH-00351,0.05,Kg,0,Malaysia,,Omnail set (Instruments),FALSE,FALSE,,0,TRUE,1,0,0,Nos,MYR,99999999,Nos,MYR,0,Nos,MYR,TRUE,1,0,Nos,MYR,0,Nos,MYR,0,Nos,MYR,0,Nos,MYR,"{""Instrument Category"":""Nail System"",""Function Type"":""Drill Bit"",""Diameter"":4.1,""Drill Type"":""Drill Bit"",""Compatible Screw Diameter"":4.1}",FALSE,,FALSE,
Ultimax Supply Sdn Bhd,608805,Quick Coupling Handle,Insertion & Driving Instruments,1000,10,0,Nos,WH-00351,0.15,Kg,0,Malaysia,,Omnail set (Instruments),FALSE,FALSE,,0,TRUE,1,0,0,Nos,MYR,99999999,Nos,MYR,0,Nos,MYR,TRUE,1,0,Nos,MYR,0,Nos,MYR,0,Nos,MYR,0,Nos,MYR,"{""Instrument Category"":""Nail System""}",FALSE,,FALSE,
Ultimax Supply Sdn Bhd,608806,Guide Rod Holder,Insertion & Driving Instruments,1000,10,0,Nos,WH-00351,0.15,Kg,0,Malaysia,,Omnail set (Instruments),FALSE,FALSE,,0,TRUE,1,0,0,Nos,MYR,99999999,Nos,MYR,0,Nos,MYR,TRUE,1,0,Nos,MYR,0,Nos,MYR,0,Nos,MYR,0,Nos,MYR,"{""Instrument Category"":""Nail System"",""Function Type"":""Holding Sleeve""}",FALSE,,FALSE,
Ultimax Supply Sdn Bhd,608807,Combination Hammer,Insertion & Driving Instruments,1000,10,0,Nos,WH-00351,0.35,Kg,0,Malaysia,,Omnail set (Instruments),FALSE,FALSE,,0,TRUE,1,0,0,Nos,MYR,99999999,Nos,MYR,0,Nos,MYR,TRUE,1,0,Nos,MYR,0,Nos,MYR,0,Nos,MYR,0,Nos,MYR,"{""Instrument Category"":""Nail System""}",FALSE,,FALSE,
Ultimax Supply Sdn Bhd,608812,"Drill Bit, Ф4.1mm, Short",Drilling Instruments,1000,10,0,Nos,WH-00351,0.05,Kg,0,Malaysia,,Omnail set (Instruments),FALSE,FALSE,,0,TRUE,1,0,0,Nos,MYR,99999999,Nos,MYR,0,Nos,MYR,TRUE,1,0,Nos,MYR,0,Nos,MYR,0,Nos,MYR,0,Nos,MYR,"{""Instrument Category"":""Nail System"",""Function Type"":""Drill Bit"",""Diameter"":4.1,""Drill Type"":""Drill Bit"",""Compatible Screw Diameter"":4.1}",FALSE,,FALSE,
Ultimax Supply Sdn Bhd,787143,Depth Gauge 90mm,Measurement Instruments,1000,10,0,Nos,WH-00351,0.15,Kg,0,Malaysia,,VA 3.5 mm set (Instruments),FALSE,FALSE,,0,TRUE,1,0,0,Nos,MYR,99999999,Nos,MYR,0,Nos,MYR,TRUE,1,0,Nos,MYR,0,Nos,MYR,0,Nos,MYR,0,Nos,MYR,"{""Instrument Category"":""Large Fragment System"",""Function Type"":""Depth Gauge"",""Measurement Type"":""Depth Gauge"",""Measurement Range"":90}",FALSE,,FALSE,
Ultimax Supply Sdn Bhd,856280,Tap ⌀2.7mm,Insertion & Driving Instruments,1000,10,0,Nos,WH-00351,0.15,Kg,0,Malaysia,,VA 2.7 mm set (Instruments),FALSE,FALSE,,0,TRUE,1,0,0,Nos,MYR,99999999,Nos,MYR,0,Nos,MYR,TRUE,1,0,Nos,MYR,0,Nos,MYR,0,Nos,MYR,0,Nos,MYR,"{""Instrument Category"":""Small Fragment System"",""Function Type"":""Tap"",""Diameter"":2.7}",FALSE,,FALSE,
Ultimax Supply Sdn Bhd,898128,Entry Drill Sleeve,Drilling Instruments,1000,10,0,Nos,WH-00351,0.05,Kg,0,Malaysia,,Neogen ILN set (Instruments),FALSE,FALSE,,0,TRUE,1,0,0,Nos,MYR,99999999,Nos,MYR,0,Nos,MYR,TRUE,1,0,Nos,MYR,0,Nos,MYR,0,Nos,MYR,0,Nos,MYR,"{""Instrument Category"":""Nail System"",""Function Type"":""Drill Guide"",""Drill Type"":""Drill Guide""}",FALSE,,FALSE,
Ultimax Supply Sdn Bhd,898382,Radiographic Ruler,Measurement Instruments,1000,10,0,Nos,WH-00351,0.15,Kg,0,Malaysia,,Neogen ILN set (Instruments),FALSE,FALSE,,0,TRUE,1,0,0,Nos,MYR,99999999,Nos,MYR,0,Nos,MYR,TRUE,1,0,Nos,MYR,0,Nos,MYR,0,Nos,MYR,0,Nos,MYR,"{""Instrument Category"":""Nail System"",""Measurement Type"":""Ruler""}",FALSE,,FALSE,
Ultimax Supply Sdn Bhd,899461,Awl,Drilling Instruments,1000,10,0,Nos,WH-00351,0.15,Kg,0,Malaysia,,Neogen ILN set (Instruments),FALSE,FALSE,,0,TRUE,1,0,0,Nos,MYR,99999999,Nos,MYR,0,Nos,MYR,TRUE,1,0,Nos,MYR,0,Nos,MYR,0,Nos,MYR,0,Nos,MYR,"{""Instrument Category"":""Nail System""}",FALSE,,FALSE,
Ultimax Supply Sdn Bhd,899463,Entry Drill Sleeve,Drilling Instruments,1000,10,0,Nos,WH-00351,0.05,Kg,0,Malaysia,,Neogen ILN set (Instruments),FALSE,FALSE,,0,TRUE,1,0,0,Nos,MYR,99999999,Nos,MYR,0,Nos,MYR,TRUE,1,0,Nos,MYR,0,Nos,MYR,0,Nos,MYR,0,Nos,MYR,"{""Instrument Category"":""Nail System"",""Function Type"":""Drill Guide"",""Drill Type"":""Drill Guide""}",FALSE,,FALSE,
Ultimax Supply Sdn Bhd,899464,Tissue Protector,Drilling Instruments,1000,10,0,Nos,WH-00351,0.15,Kg,0,Malaysia,,Neogen ILN set (Instruments),FALSE,FALSE,,0,TRUE,1,0,0,Nos,MYR,99999999,Nos,MYR,0,Nos,MYR,TRUE,1,0,Nos,MYR,0,Nos,MYR,0,Nos,MYR,0,Nos,MYR,"{""Instrument Category"":""Nail System""}",FALSE,,FALSE,
Ultimax Supply Sdn Bhd,899467,Allen Key SW3,Insertion & Driving Instruments,1000,10,0,Nos,WH-00351,0.15,Kg,0,Malaysia,,Neogen ILN set (Instruments),FALSE,FALSE,,0,TRUE,1,0,0,Nos,MYR,99999999,Nos,MYR,0,Nos,MYR,TRUE,1,0,Nos,MYR,0,Nos,MYR,0,Nos,MYR,0,Nos,MYR,"{""Instrument Category"":""Nail System"",""Function Type"":""Screwdriver"",""Drive Type"":""Hex""}",FALSE,,FALSE,
Ultimax Supply Sdn Bhd,899468,T-handle with Quick Coupling,Insertion & Driving Instruments,1000,10,0,Nos,WH-00351,0.15,Kg,0,Malaysia,,Neogen ILN set (Instruments),FALSE,FALSE,,0,TRUE,1,0,0,Nos,MYR,99999999,Nos,MYR,0,Nos,MYR,TRUE,1,0,Nos,MYR,0,Nos,MYR,0,Nos,MYR,0,Nos,MYR,"{""Instrument Category"":""Nail System""}",FALSE,,FALSE,
Ultimax Supply Sdn Bhd,899469,Reducer,Insertion & Driving Instruments,1000,10,0,Nos,WH-00351,0.15,Kg,0,Malaysia,,Neogen ILN set (Instruments),FALSE,FALSE,,0,TRUE,1,0,0,Nos,MYR,99999999,Nos,MYR,0,Nos,MYR,TRUE,1,0,Nos,MYR,0,Nos,MYR,0,Nos,MYR,0,Nos,MYR,"{""Instrument Category"":""Nail System"",""Function Type"":""Reduction Clamp""}",FALSE,,FALSE,
Ultimax Supply Sdn Bhd,899484,Screw Depth Gauge,Measurement Instruments,1000,10,0,Nos,WH-00351,0.15,Kg,0,Malaysia,,Neogen ILN set (Instruments),FALSE,FALSE,,0,TRUE,1,0,0,Nos,MYR,99999999,Nos,MYR,0,Nos,MYR,TRUE,1,0,Nos,MYR,0,Nos,MYR,0,Nos,MYR,0,Nos,MYR,"{""Instrument Category"":""Nail System"",""Function Type"":""Depth Gauge"",""Measurement Type"":""Depth Gauge""}",FALSE,,FALSE,
Ultimax Supply Sdn Bhd,899487,Screwdriver for Locking Screws,Insertion & Driving Instruments,1000,10,0,Nos,WH-00351,0.15,Kg,0,Malaysia,,Neogen ILN set (Instruments),FALSE,FALSE,,0,TRUE,1,0,0,Nos,MYR,99999999,Nos,MYR,0,Nos,MYR,TRUE,1,0,Nos,MYR,0,Nos,MYR,0,Nos,MYR,0,Nos,MYR,"{""Instrument Category"":""Nail System"",""Function Type"":""Screwdriver""}",FALSE,,FALSE,
Ultimax Supply Sdn Bhd,899488,Screwdriver for Locking Screws(Long),Insertion & Driving Instruments,1000,10,0,Nos,WH-00351,0.15,Kg,0,Malaysia,,Neogen ILN set (Instruments),FALSE,FALSE,,0,TRUE,1,0,0,Nos,MYR,99999999,Nos,MYR,0,Nos,MYR,TRUE,1,0,Nos,MYR,0,Nos,MYR,0,Nos,MYR,0,Nos,MYR,"{""Instrument Category"":""Nail System"",""Function Type"":""Screwdriver""}",FALSE,,FALSE,
Ultimax Supply Sdn Bhd,899489,Guide Wire Sleeve ⌀2.5mm,Drilling Instruments,1000,10,0,Nos,WH-00351,0.15,Kg,0,Malaysia,,Neogen ILN set (Instruments),FALSE,FALSE,,0,TRUE,1,0,0,Nos,MYR,99999999,Nos,MYR,0,Nos,MYR,TRUE,1,0,Nos,MYR,0,Nos,MYR,0,Nos,MYR,0,Nos,MYR,"{""Instrument Category"":""Nail System"",""Diameter"":2.5,""Compatible Screw Diameter"":2.5}",FALSE,,FALSE,
Ultimax Supply Sdn Bhd,899490,"Guide Wire,⌀2.5mm",Drilling Instruments,1000,10,0,Nos,WH-00351,0.15,Kg,0,Malaysia,,Neogen ILN set (Instruments),FALSE,FALSE,,0,TRUE,1,0,250,Nos,MYR,99999999,Nos,MYR,0,Nos,MYR,TRUE,1,0,Nos,MYR,0,Nos,MYR,0,Nos,MYR,0,Nos,MYR,"{""Instrument Category"":""Nail System"",""Diameter"":2.5,""Compatible Screw Diameter"":2.5}",FALSE,,FALSE,
Ultimax Supply Sdn Bhd,899491,"Guide Wire with Threaded Tip,⌀2.5mm",Drilling Instruments,1000,10,0,Nos,WH-00351,0.15,Kg,0,Malaysia,,"7.3mm KCS set (Insturment), Neogen ILN set (Instruments)",FALSE,FALSE,,0,TRUE,1,0,250,Nos,MYR,99999999,Nos,MYR,0,Nos,MYR,TRUE,1,0,Nos,MYR,0,Nos,MYR,0,Nos,MYR,0,Nos,MYR,"{""Instrument Category"":""KCS System"",""Diameter"":2.5,""Compatible Screw Diameter"":2.5}",FALSE,,FALSE,
Ultimax Supply Sdn Bhd,899492,Direct Measuring Device for Guide Wires,Measurement Instruments,1000,10,0,Nos,WH-00351,0.15,Kg,0,Malaysia,,Neogen ILN set (Instruments),FALSE,FALSE,,0,TRUE,1,0,0,Nos,MYR,99999999,Nos,MYR,0,Nos,MYR,TRUE,1,0,Nos,MYR,0,Nos,MYR,0,Nos,MYR,0,Nos,MYR,"{""Instrument Category"":""Nail System"",""Function Type"":""Depth Gauge"",""Measurement Type"":""Depth Gauge""}",FALSE,,FALSE,
Ultimax Supply Sdn Bhd,899493,Drill Sleeve ⌀6.4mm,Drilling Instruments,1000,10,0,Nos,WH-00351,0.05,Kg,0,Malaysia,,Neogen ILN set (Instruments),FALSE,FALSE,,0,TRUE,1,0,0,Nos,MYR,99999999,Nos,MYR,0,Nos,MYR,TRUE,1,0,Nos,MYR,0,Nos,MYR,0,Nos,MYR,0,Nos,MYR,"{""Instrument Category"":""Nail System"",""Function Type"":""Drill Guide"",""Diameter"":6.4,""Drill Type"":""Drill Guide"",""Compatible Screw Diameter"":6.4}",FALSE,,FALSE,
Ultimax Supply Sdn Bhd,899494,Drill Bit ⌀6.4mm with,Drilling Instruments,1000,10,0,Nos,WH-00351,0.05,Kg,0,Malaysia,,Neogen ILN set (Instruments),FALSE,FALSE,,0,TRUE,1,0,0,Nos,MYR,99999999,Nos,MYR,0,Nos,MYR,TRUE,1,0,Nos,MYR,0,Nos,MYR,0,Nos,MYR,0,Nos,MYR,"{""Instrument Category"":""Nail System"",""Function Type"":""Drill Bit"",""Diameter"":6.4,""Drill Type"":""Drill Bit"",""Compatible Screw Diameter"":6.4}",FALSE,,FALSE,
Ultimax Supply Sdn Bhd,899495,"Stopper,⌀6.4mm",Insertion & Driving Instruments,1000,10,0,Nos,WH-00351,0.05,Kg,0,Malaysia,,Neogen ILN set (Instruments),FALSE,FALSE,,0,TRUE,1,0,0,Nos,MYR,99999999,Nos,MYR,0,Nos,MYR,TRUE,1,0,Nos,MYR,0,Nos,MYR,0,Nos,MYR,0,Nos,MYR,"{""Instrument Category"":""Nail System"",""Diameter"":6.4}",FALSE,,FALSE,
Ultimax Supply Sdn Bhd,899497,Guide Bolt Wrench Shaft,Insertion & Driving Instruments,1000,10,0,Nos,WH-00351,0.01,Kg,0,Malaysia,,Neogen ILN set (Instruments),FALSE,FALSE,,0,TRUE,1,0,0,Nos,MYR,99999999,Nos,MYR,0,Nos,MYR,TRUE,1,0,Nos,MYR,0,Nos,MYR,0,Nos,MYR,0,Nos,MYR,"{""Instrument Category"":""Nail System""}",FALSE,,FALSE,
Ultimax Supply Sdn Bhd,899498,Extractor,Insertion & Driving Instruments,1000,10,0,Nos,WH-00351,0.15,Kg,0,Malaysia,,Neogen ILN set (Instruments),FALSE,FALSE,,0,TRUE,1,0,0,Nos,MYR,99999999,Nos,MYR,0,Nos,MYR,TRUE,1,0,Nos,MYR,0,Nos,MYR,0,Nos,MYR,0,Nos,MYR,"{""Instrument Category"":""Nail System"",""Function Type"":""Extraction Tool""}",FALSE,,FALSE,
Ultimax Supply Sdn Bhd,899499,Insertion Handle,Insertion & Driving Instruments,1000,10,0,Nos,WH-00351,0.15,Kg,0,Malaysia,,Neogen ILN set (Instruments),FALSE,FALSE,,0,TRUE,1,0,0,Nos,MYR,99999999,Nos,MYR,0,Nos,MYR,TRUE,1,0,Nos,MYR,0,Nos,MYR,0,Nos,MYR,0,Nos,MYR,"{""Instrument Category"":""Nail System"",""Function Type"":""Insertion Handle""}",FALSE,,FALSE,
Ultimax Supply Sdn Bhd,899500,Guide Bolt,Insertion & Driving Instruments,1000,10,0,Nos,WH-00351,0.01,Kg,0,Malaysia,,Neogen ILN set (Instruments),FALSE,FALSE,,0,TRUE,1,0,0,Nos,MYR,99999999,Nos,MYR,0,Nos,MYR,TRUE,1,0,Nos,MYR,0,Nos,MYR,0,Nos,MYR,0,Nos,MYR,"{""Instrument Category"":""Nail System""}",FALSE,,FALSE,
Ultimax Supply Sdn Bhd,899502,Impactor,Insertion & Driving Instruments,1000,10,0,Nos,WH-00351,0.35,Kg,0,Malaysia,,Neogen ILN set (Instruments),FALSE,FALSE,,0,TRUE,1,0,0,Nos,MYR,99999999,Nos,MYR,0,Nos,MYR,TRUE,1,0,Nos,MYR,0,Nos,MYR,0,Nos,MYR,0,Nos,MYR,"{""Instrument Category"":""Nail System"",""Function Type"":""Insertion Handle""}",FALSE,,FALSE,
Ultimax Supply Sdn Bhd,899503,Proximal Bolt,Insertion & Driving Instruments,1000,10,0,Nos,WH-00351,0.01,Kg,0,Malaysia,,Neogen ILN set (Instruments),FALSE,FALSE,,0,TRUE,1,0,0,Nos,MYR,99999999,Nos,MYR,0,Nos,MYR,TRUE,1,0,Nos,MYR,0,Nos,MYR,0,Nos,MYR,0,Nos,MYR,"{""Instrument Category"":""Nail System""}",FALSE,,FALSE,
Ultimax Supply Sdn Bhd,899504,Distal Bolt,Insertion & Driving Instruments,1000,10,0,Nos,WH-00351,0.01,Kg,0,Malaysia,,Neogen ILN set (Instruments),FALSE,FALSE,,0,TRUE,1,0,0,Nos,MYR,99999999,Nos,MYR,0,Nos,MYR,TRUE,1,0,Nos,MYR,0,Nos,MYR,0,Nos,MYR,0,Nos,MYR,"{""Instrument Category"":""Nail System""}",FALSE,,FALSE,
Ultimax Supply Sdn Bhd,899511,Outer Drill Sleeve,Drilling Instruments,1000,10,0,Nos,WH-00351,0.05,Kg,0,Malaysia,,Neogen ILN set (Instruments),FALSE,FALSE,,0,TRUE,1,0,0,Nos,MYR,99999999,Nos,MYR,0,Nos,MYR,TRUE,1,0,Nos,MYR,0,Nos,MYR,0,Nos,MYR,0,Nos,MYR,"{""Instrument Category"":""Nail System"",""Function Type"":""Drill Guide"",""Drill Type"":""Drill Guide""}",FALSE,,FALSE,
Ultimax Supply Sdn Bhd,899512,Trochar,Drilling Instruments,1000,10,0,Nos,WH-00351,0.05,Kg,0,Malaysia,,Neogen ILN set (Instruments),FALSE,FALSE,,0,TRUE,1,0,0,Nos,MYR,99999999,Nos,MYR,0,Nos,MYR,TRUE,1,0,Nos,MYR,0,Nos,MYR,0,Nos,MYR,0,Nos,MYR,"{""Instrument Category"":""Nail System"",""Tip Type"":""Trocar""}",FALSE,,FALSE,
Ultimax Supply Sdn Bhd,899513,Drill Sleeve ⌀4.0mm,Drilling Instruments,1000,10,0,Nos,WH-00351,0.05,Kg,0,Malaysia,,Neogen ILN set (Instruments),FALSE,FALSE,,0,TRUE,1,0,0,Nos,MYR,99999999,Nos,MYR,0,Nos,MYR,TRUE,1,0,Nos,MYR,0,Nos,MYR,0,Nos,MYR,0,Nos,MYR,"{""Instrument Category"":""Nail System"",""Function Type"":""Drill Guide"",""Diameter"":4,""Drill Type"":""Drill Guide"",""Compatible Screw Diameter"":4}",FALSE,,FALSE,
Ultimax Supply Sdn Bhd,899514,Drill Sleeve ⌀4.3mm,Drilling Instruments,1000,10,0,Nos,WH-00351,0.05,Kg,0,Malaysia,,Neogen ILN set (Instruments),FALSE,FALSE,,0,TRUE,1,0,0,Nos,MYR,99999999,Nos,MYR,0,Nos,MYR,TRUE,1,0,Nos,MYR,0,Nos,MYR,0,Nos,MYR,0,Nos,MYR,"{""Instrument Category"":""Nail System"",""Function Type"":""Drill Guide"",""Diameter"":4.3,""Drill Type"":""Drill Guide"",""Compatible Screw Diameter"":4.3}",FALSE,,FALSE,
Ultimax Supply Sdn Bhd,899515,Drill Bit ⌀4.0mm,Drilling Instruments,1000,10,0,Nos,WH-00351,0.05,Kg,0,Malaysia,,Neogen ILN set (Instruments),FALSE,FALSE,,0,TRUE,1,0,250,Nos,MYR,99999999,Nos,MYR,0,Nos,MYR,TRUE,1,0,Nos,MYR,0,Nos,MYR,0,Nos,MYR,0,Nos,MYR,"{""Instrument Category"":""Nail System"",""Function Type"":""Drill Bit"",""Diameter"":4,""Drill Type"":""Drill Bit"",""Compatible Screw Diameter"":4}",FALSE,,FALSE,
Ultimax Supply Sdn Bhd,899517,Drill Bit ⌀4.3mm,Drilling Instruments,1000,10,0,Nos,WH-00351,0.05,Kg,0,Malaysia,,Neogen ILN set (Instruments),FALSE,FALSE,,0,TRUE,1,0,250,Nos,MYR,99999999,Nos,MYR,0,Nos,MYR,TRUE,1,0,Nos,MYR,0,Nos,MYR,0,Nos,MYR,0,Nos,MYR,"{""Instrument Category"":""Nail System"",""Function Type"":""Drill Bit"",""Diameter"":4.3,""Drill Type"":""Drill Bit"",""Compatible Screw Diameter"":4.3}",FALSE,,FALSE,
Ultimax Supply Sdn Bhd,899520,Proximal Aiming Bar(Femur),Targeting & Alignment Instruments,1000,10,0,Nos,WH-00351,0.15,Kg,0,Malaysia,,Neogen ILN set (Instruments),FALSE,FALSE,,0,TRUE,1,0,0,Nos,MYR,99999999,Nos,MYR,0,Nos,MYR,TRUE,1,0,Nos,MYR,0,Nos,MYR,0,Nos,MYR,0,Nos,MYR,"{""Instrument Category"":""Nail System"",""Function Type"":""Targeting Device""}",FALSE,,FALSE,
Ultimax Supply Sdn Bhd,899526,"Proximal Aimiing Bar(Knee), Left",Targeting & Alignment Instruments,1000,10,0,Nos,WH-00351,0.15,Kg,0,Malaysia,,Neogen ILN set (Instruments),FALSE,FALSE,,0,TRUE,1,0,0,Nos,MYR,99999999,Nos,MYR,0,Nos,MYR,TRUE,1,0,Nos,MYR,0,Nos,MYR,0,Nos,MYR,0,Nos,MYR,"{""Instrument Category"":""Nail System"",""Function Type"":""Targeting Device""}",FALSE,,FALSE,
Ultimax Supply Sdn Bhd,899527,"Proximal Aimiing Bar(Knee), Right",Targeting & Alignment Instruments,1000,10,0,Nos,WH-00351,0.15,Kg,0,Malaysia,,Neogen ILN set (Instruments),FALSE,FALSE,,0,TRUE,1,0,0,Nos,MYR,99999999,Nos,MYR,0,Nos,MYR,TRUE,1,0,Nos,MYR,0,Nos,MYR,0,Nos,MYR,0,Nos,MYR,"{""Instrument Category"":""Nail System"",""Function Type"":""Targeting Device""}",FALSE,,FALSE,
Ultimax Supply Sdn Bhd,899531,Proximal Aiming Bar (Knee),Targeting & Alignment Instruments,1000,10,0,Nos,WH-00351,0.15,Kg,0,Malaysia,,Neogen ILN set (Instruments),FALSE,FALSE,,0,TRUE,1,0,0,Nos,MYR,99999999,Nos,MYR,0,Nos,MYR,TRUE,1,0,Nos,MYR,0,Nos,MYR,0,Nos,MYR,0,Nos,MYR,"{""Instrument Category"":""Nail System"",""Function Type"":""Targeting Device""}",FALSE,,FALSE,
Ultimax Supply Sdn Bhd,7510200,Infuse 2.8cc,Bone Graft Materials,1000,10,0,Nos,WH-00352,0.01,Kg,0,Malaysia,,Bone Graft,FALSE,FALSE,,0,TRUE,1,0,250,Nos,MYR,99999999,Nos,MYR,0,Nos,MYR,TRUE,1,0,Nos,MYR,0,Nos,MYR,0,Nos,MYR,0,Nos,MYR,"{""Graft Type"":""BMP-Based"",""Volume"":2.8}",FALSE,,FALSE,
Ultimax Supply Sdn Bhd,7510800,Infuse 8cc,Bone Graft Materials,1000,10,0,Nos,WH-00352,0.02,Kg,0,Malaysia,,Bone Graft,FALSE,FALSE,,0,TRUE,1,0,250,Nos,MYR,99999999,Nos,MYR,0,Nos,MYR,TRUE,1,0,Nos,MYR,0,Nos,MYR,0,Nos,MYR,0,Nos,MYR,"{""Graft Type"":""BMP-Based"",""Volume"":8}",FALSE,,FALSE,
Ultimax Supply Sdn Bhd,7600105,Mastergraft 5cc,Bone Graft Materials,1000,10,0,Nos,WH-00352,0.01,Kg,0,Malaysia,,Bone Graft,FALSE,FALSE,,0,TRUE,1,0,250,Nos,MYR,99999999,Nos,MYR,0,Nos,MYR,TRUE,1,0,Nos,MYR,0,Nos,MYR,0,Nos,MYR,0,Nos,MYR,"{""Graft Type"":""Synthetic"",""Volume"":5}",FALSE,,FALSE,
Ultimax Supply Sdn Bhd,7600110,Mastergraft 10cc,Bone Graft Materials,1000,10,0,Nos,WH-00352,0.02,Kg,0,Malaysia,,Bone Graft,FALSE,FALSE,,0,TRUE,1,0,250,Nos,MYR,99999999,Nos,MYR,0,Nos,MYR,TRUE,1,0,Nos,MYR,0,Nos,MYR,0,Nos,MYR,0,Nos,MYR,"{""Graft Type"":""Synthetic"",""Volume"":10}",FALSE,,FALSE,
Ultimax Supply Sdn Bhd,10737230,"K-Wire, ⌀2.0mm",Drilling Instruments,1000,10,0,Nos,WH-00351,0.01,Kg,0,Malaysia,,VA 4.5/ 5.0 mm set (Instruments),FALSE,FALSE,,0,TRUE,1,0,250,Nos,MYR,99999999,Nos,MYR,0,Nos,MYR,TRUE,1,0,Nos,MYR,0,Nos,MYR,0,Nos,MYR,0,Nos,MYR,"{""Instrument Category"":""Large Fragment System"",""Diameter"":2,""Compatible Screw Diameter"":2}",FALSE,,FALSE,
Ultimax Supply Sdn Bhd,24212111,"VA Proximal Femur LCP (R,6H)",Plates,1000,10,0,Nos,WH-00347,0.1,Kg,0,Malaysia,,VA Proximal Femoral LCP 4.5/5.0mm,FALSE,FALSE,,0,TRUE,1,0,0,Nos,MYR,99999999,Nos,MYR,0,Nos,MYR,TRUE,1,0,Nos,MYR,0,Nos,MYR,0,Nos,MYR,0,Nos,MYR,"{""Implant Type Category"":""Large Fragment Plate"",""Plate Category"":""Large Fragment"",""Plate Type"":""LCP"",""Plate Profile"":""Anatomical"",""Total Holes"":6,""Combi Holes"":true,""Locking Mechanism"":""Variloc"",""Side"":""R"",""Anatomy"":""Proximal Femur""}",FALSE,,FALSE,
Ultimax Supply Sdn Bhd,24212113,"VA Proximal Femur LCP (R,8H)",Plates,1000,10,0,Nos,WH-00347,0.1,Kg,0,Malaysia,,VA Proximal Femoral LCP 4.5/5.0mm,FALSE,FALSE,,0,TRUE,1,0,0,Nos,MYR,99999999,Nos,MYR,0,Nos,MYR,TRUE,1,0,Nos,MYR,0,Nos,MYR,0,Nos,MYR,0,Nos,MYR,"{""Implant Type Category"":""Large Fragment Plate"",""Plate Category"":""Large Fragment"",""Plate Type"":""LCP"",""Plate Profile"":""Anatomical"",""Total Holes"":8,""Combi Holes"":true,""Locking Mechanism"":""Variloc"",""Side"":""R"",""Anatomy"":""Proximal Femur""}",FALSE,,FALSE,
Ultimax Supply Sdn Bhd,24212115,"VA Proximal Femur LCP (R,10H)",Plates,1000,10,0,Nos,WH-00347,0.1,Kg,0,Malaysia,,VA Proximal Femoral LCP 4.5/5.0mm,FALSE,FALSE,,0,TRUE,1,0,0,Nos,MYR,99999999,Nos,MYR,0,Nos,MYR,TRUE,1,0,Nos,MYR,0,Nos,MYR,0,Nos,MYR,0,Nos,MYR,"{""Implant Type Category"":""Large Fragment Plate"",""Plate Category"":""Large Fragment"",""Plate Type"":""LCP"",""Plate Profile"":""Anatomical"",""Total Holes"":10,""Combi Holes"":true,""Locking Mechanism"":""Variloc"",""Side"":""R"",""Anatomy"":""Proximal Femur""}",FALSE,,FALSE,
Ultimax Supply Sdn Bhd,24212117,"VA Proximal Femur LCP (R,12H)",Plates,1000,10,0,Nos,WH-00347,0.1,Kg,0,Malaysia,,VA Proximal Femoral LCP 4.5/5.0mm,FALSE,FALSE,,0,TRUE,1,0,0,Nos,MYR,99999999,Nos,MYR,0,Nos,MYR,TRUE,1,0,Nos,MYR,0,Nos,MYR,0,Nos,MYR,0,Nos,MYR,"{""Implant Type Category"":""Large Fragment Plate"",""Plate Category"":""Large Fragment"",""Plate Type"":""LCP"",""Plate Profile"":""Anatomical"",""Total Holes"":12,""Combi Holes"":true,""Locking Mechanism"":""Variloc"",""Side"":""R"",""Anatomy"":""Proximal Femur""}",FALSE,,FALSE,
Ultimax Supply Sdn Bhd,24212211,"VA Proximal Femur LCP (L,6H)",Plates,1000,10,0,Nos,WH-00347,0.1,Kg,0,Malaysia,,VA Proximal Femoral LCP 4.5/5.0mm,FALSE,FALSE,,0,TRUE,1,0,0,Nos,MYR,99999999,Nos,MYR,0,Nos,MYR,TRUE,1,0,Nos,MYR,0,Nos,MYR,0,Nos,MYR,0,Nos,MYR,"{""Implant Type Category"":""Large Fragment Plate"",""Plate Category"":""Large Fragment"",""Plate Type"":""LCP"",""Plate Profile"":""Anatomical"",""Total Holes"":6,""Combi Holes"":true,""Locking Mechanism"":""Variloc"",""Side"":""L"",""Anatomy"":""Proximal Femur""}",FALSE,,FALSE,
Ultimax Supply Sdn Bhd,24212213,"VA Proximal Femur LCP (L,8H)",Plates,1000,10,0,Nos,WH-00347,0.1,Kg,0,Malaysia,,VA Proximal Femoral LCP 4.5/5.0mm,FALSE,FALSE,,0,TRUE,1,0,0,Nos,MYR,99999999,Nos,MYR,0,Nos,MYR,TRUE,1,0,Nos,MYR,0,Nos,MYR,0,Nos,MYR,0,Nos,MYR,"{""Implant Type Category"":""Large Fragment Plate"",""Plate Category"":""Large Fragment"",""Plate Type"":""LCP"",""Plate Profile"":""Anatomical"",""Total Holes"":8,""Combi Holes"":true,""Locking Mechanism"":""Variloc"",""Side"":""L"",""Anatomy"":""Proximal Femur""}",FALSE,,FALSE,
Ultimax Supply Sdn Bhd,24212215,"VA Proximal Femur LCP (L,10H)",Plates,1000,10,0,Nos,WH-00347,0.1,Kg,0,Malaysia,,VA Proximal Femoral LCP 4.5/5.0mm,FALSE,FALSE,,0,TRUE,1,0,0,Nos,MYR,99999999,Nos,MYR,0,Nos,MYR,TRUE,1,0,Nos,MYR,0,Nos,MYR,0,Nos,MYR,0,Nos,MYR,"{""Implant Type Category"":""Large Fragment Plate"",""Plate Category"":""Large Fragment"",""Plate Type"":""LCP"",""Plate Profile"":""Anatomical"",""Total Holes"":10,""Combi Holes"":true,""Locking Mechanism"":""Variloc"",""Side"":""L"",""Anatomy"":""Proximal Femur""}",FALSE,,FALSE,
Ultimax Supply Sdn Bhd,24212217,"VA Proximal Femur LCP (L,12H)",Plates,1000,10,0,Nos,WH-00347,0.1,Kg,0,Malaysia,,VA Proximal Femoral LCP 4.5/5.0mm,FALSE,FALSE,,0,TRUE,1,0,0,Nos,MYR,99999999,Nos,MYR,0,Nos,MYR,TRUE,1,0,Nos,MYR,0,Nos,MYR,0,Nos,MYR,0,Nos,MYR,"{""Implant Type Category"":""Large Fragment Plate"",""Plate Category"":""Large Fragment"",""Plate Type"":""LCP"",""Plate Profile"":""Anatomical"",""Total Holes"":12,""Combi Holes"":true,""Locking Mechanism"":""Variloc"",""Side"":""L"",""Anatomy"":""Proximal Femur""}",FALSE,,FALSE,
Ultimax Supply Sdn Bhd,24214110,"Proximal Lateral Tibia H LCP 5.0 (Variloc) (R,5+5H)",Plates,1000,10,0,Nos,WH-00347,0.1,Kg,0,Malaysia,,VA Proximal Lateral Tibial LCP 4.5/5.0mm,FALSE,FALSE,,0,TRUE,1,0,0,Nos,MYR,99999999,Nos,MYR,0,Nos,MYR,TRUE,1,0,Nos,MYR,0,Nos,MYR,0,Nos,MYR,0,Nos,MYR,"{""Implant Type Category"":""Large Fragment Plate"",""Plate Category"":""Large Fragment"",""Plate Type"":""LCP"",""Plate Profile"":""Anatomical"",""Total Holes"":10,""Combi Holes"":true,""Locking Mechanism"":""Variloc"",""Side"":""R"",""Anatomy"":""Proximal Lateral Tibia H"",""Body Hole Count"":5}",FALSE,,FALSE,
Ultimax Supply Sdn Bhd,24214112,"Proximal Lateral Tibia H LCP 5.0 (Variloc) (R,5+7H)",Plates,1000,10,0,Nos,WH-00347,0.1,Kg,0,Malaysia,,VA Proximal Lateral Tibial LCP 4.5/5.0mm,FALSE,FALSE,,0,TRUE,1,0,0,Nos,MYR,99999999,Nos,MYR,0,Nos,MYR,TRUE,1,0,Nos,MYR,0,Nos,MYR,0,Nos,MYR,0,Nos,MYR,"{""Implant Type Category"":""Large Fragment Plate"",""Plate Category"":""Large Fragment"",""Plate Type"":""LCP"",""Plate Profile"":""Anatomical"",""Total Holes"":12,""Combi Holes"":true,""Locking Mechanism"":""Variloc"",""Side"":""R"",""Anatomy"":""Proximal Lateral Tibia H"",""Body Hole Count"":7}",FALSE,,FALSE,
Ultimax Supply Sdn Bhd,24214114,"Proximal Lateral Tibia H LCP 5.0 (Variloc) (R,5+9H)",Plates,1000,10,0,Nos,WH-00347,0.1,Kg,0,Malaysia,,VA Proximal Lateral Tibial LCP 4.5/5.0mm,FALSE,FALSE,,0,TRUE,1,0,0,Nos,MYR,99999999,Nos,MYR,0,Nos,MYR,TRUE,1,0,Nos,MYR,0,Nos,MYR,0,Nos,MYR,0,Nos,MYR,"{""Implant Type Category"":""Large Fragment Plate"",""Plate Category"":""Large Fragment"",""Plate Type"":""LCP"",""Plate Profile"":""Anatomical"",""Total Holes"":14,""Combi Holes"":true,""Locking Mechanism"":""Variloc"",""Side"":""R"",""Anatomy"":""Proximal Lateral Tibia H"",""Body Hole Count"":9}",FALSE,,FALSE,
Ultimax Supply Sdn Bhd,24214116,"Proximal Lateral Tibia H LCP 5.0 (Variloc) (R,5+11H)",Plates,1000,10,0,Nos,WH-00347,0.1,Kg,0,Malaysia,,VA Proximal Lateral Tibial LCP 4.5/5.0mm,FALSE,FALSE,,0,TRUE,1,0,0,Nos,MYR,99999999,Nos,MYR,0,Nos,MYR,TRUE,1,0,Nos,MYR,0,Nos,MYR,0,Nos,MYR,0,Nos,MYR,"{""Implant Type Category"":""Large Fragment Plate"",""Plate Category"":""Large Fragment"",""Plate Type"":""LCP"",""Plate Profile"":""Anatomical"",""Total Holes"":16,""Combi Holes"":true,""Locking Mechanism"":""Variloc"",""Side"":""R"",""Anatomy"":""Proximal Lateral Tibia H"",""Body Hole Count"":11}",FALSE,,FALSE,
Ultimax Supply Sdn Bhd,24214118,"Proximal Lateral Tibia H LCP 5.0 (Variloc) (R,5+13H)",Plates,1000,10,0,Nos,WH-00347,0.1,Kg,0,Malaysia,,VA Proximal Lateral Tibial LCP 4.5/5.0mm,FALSE,FALSE,,0,TRUE,1,0,0,Nos,MYR,99999999,Nos,MYR,0,Nos,MYR,TRUE,1,0,Nos,MYR,0,Nos,MYR,0,Nos,MYR,0,Nos,MYR,"{""Implant Type Category"":""Large Fragment Plate"",""Plate Category"":""Large Fragment"",""Plate Type"":""LCP"",""Plate Profile"":""Anatomical"",""Total Holes"":18,""Combi Holes"":true,""Locking Mechanism"":""Variloc"",""Side"":""R"",""Anatomy"":""Proximal Lateral Tibia H"",""Body Hole Count"":13}",FALSE,,FALSE,
Ultimax Supply Sdn Bhd,24214210,"Proximal Lateral Tibia H LCP 5.0 (Variloc) (L,5+5H)",Plates,1000,10,0,Nos,WH-00347,0.1,Kg,0,Malaysia,,VA Proximal Lateral Tibial LCP 4.5/5.0mm,FALSE,FALSE,,0,TRUE,1,0,0,Nos,MYR,99999999,Nos,MYR,0,Nos,MYR,TRUE,1,0,Nos,MYR,0,Nos,MYR,0,Nos,MYR,0,Nos,MYR,"{""Implant Type Category"":""Large Fragment Plate"",""Plate Category"":""Large Fragment"",""Plate Type"":""LCP"",""Plate Profile"":""Anatomical"",""Total Holes"":10,""Combi Holes"":true,""Locking Mechanism"":""Variloc"",""Side"":""L"",""Anatomy"":""Proximal Lateral Tibia H"",""Body Hole Count"":5}",FALSE,,FALSE,
Ultimax Supply Sdn Bhd,24214212,"Proximal Lateral Tibia H LCP 5.0 (Variloc) (L,5+7H)",Plates,1000,10,0,Nos,WH-00347,0.1,Kg,0,Malaysia,,VA Proximal Lateral Tibial LCP 4.5/5.0mm,FALSE,FALSE,,0,TRUE,1,0,0,Nos,MYR,99999999,Nos,MYR,0,Nos,MYR,TRUE,1,0,Nos,MYR,0,Nos,MYR,0,Nos,MYR,0,Nos,MYR,"{""Implant Type Category"":""Large Fragment Plate"",""Plate Category"":""Large Fragment"",""Plate Type"":""LCP"",""Plate Profile"":""Anatomical"",""Total Holes"":12,""Combi Holes"":true,""Locking Mechanism"":""Variloc"",""Side"":""L"",""Anatomy"":""Proximal Lateral Tibia H"",""Body Hole Count"":7}",FALSE,,FALSE,
Ultimax Supply Sdn Bhd,24214214,"Proximal Lateral Tibia H LCP 5.0 (Variloc) (L,5+9H)",Plates,1000,10,0,Nos,WH-00347,0.1,Kg,0,Malaysia,,VA Proximal Lateral Tibial LCP 4.5/5.0mm,FALSE,FALSE,,0,TRUE,1,0,0,Nos,MYR,99999999,Nos,MYR,0,Nos,MYR,TRUE,1,0,Nos,MYR,0,Nos,MYR,0,Nos,MYR,0,Nos,MYR,"{""Implant Type Category"":""Large Fragment Plate"",""Plate Category"":""Large Fragment"",""Plate Type"":""LCP"",""Plate Profile"":""Anatomical"",""Total Holes"":14,""Combi Holes"":true,""Locking Mechanism"":""Variloc"",""Side"":""L"",""Anatomy"":""Proximal Lateral Tibia H"",""Body Hole Count"":9}",FALSE,,FALSE,
Ultimax Supply Sdn Bhd,24214216,"Proximal Lateral Tibia H LCP 5.0 (Variloc) (L,5+11H)",Plates,1000,10,0,Nos,WH-00347,0.1,Kg,0,Malaysia,,VA Proximal Lateral Tibial LCP 4.5/5.0mm,FALSE,FALSE,,0,TRUE,1,0,0,Nos,MYR,99999999,Nos,MYR,0,Nos,MYR,TRUE,1,0,Nos,MYR,0,Nos,MYR,0,Nos,MYR,0,Nos,MYR,"{""Implant Type Category"":""Large Fragment Plate"",""Plate Category"":""Large Fragment"",""Plate Type"":""LCP"",""Plate Profile"":""Anatomical"",""Total Holes"":16,""Combi Holes"":true,""Locking Mechanism"":""Variloc"",""Side"":""L"",""Anatomy"":""Proximal Lateral Tibia H"",""Body Hole Count"":11}",FALSE,,FALSE,
Ultimax Supply Sdn Bhd,24214218,"Proximal Lateral Tibia H LCP 5.0 (Variloc) (L,5+13H)",Plates,1000,10,0,Nos,WH-00347,0.1,Kg,0,Malaysia,,VA Proximal Lateral Tibial LCP 4.5/5.0mm,FALSE,FALSE,,0,TRUE,1,0,0,Nos,MYR,99999999,Nos,MYR,0,Nos,MYR,TRUE,1,0,Nos,MYR,0,Nos,MYR,0,Nos,MYR,0,Nos,MYR,"{""Implant Type Category"":""Large Fragment Plate"",""Plate Category"":""Large Fragment"",""Plate Type"":""LCP"",""Plate Profile"":""Anatomical"",""Total Holes"":18,""Combi Holes"":true,""Locking Mechanism"":""Variloc"",""Side"":""L"",""Anatomy"":""Proximal Lateral Tibia H"",""Body Hole Count"":13}",FALSE,,FALSE,
Ultimax Supply Sdn Bhd,24217104,"Distal Tibia LCP 3.5 (Variloc) (Right, 4H)",Plates,1000,10,0,Nos,WH-00347,0.1,Kg,0,Malaysia,,VA Distal Tibial LCP 3.5mm,FALSE,FALSE,,0,TRUE,1,0,0,Nos,MYR,99999999,Nos,MYR,0,Nos,MYR,TRUE,1,0,Nos,MYR,0,Nos,MYR,0,Nos,MYR,0,Nos,MYR,"{""Implant Type Category"":""Small Fragment Plate"",""Plate Category"":""Small Fragment"",""Plate Type"":""LCP"",""Plate Profile"":""Anatomical"",""Total Holes"":4,""Combi Holes"":true,""Locking Mechanism"":""Variloc"",""Side"":""R"",""Anatomy"":""Distal Tibia""}",FALSE,,FALSE,
Ultimax Supply Sdn Bhd,24217106,"Distal Tibia LCP 3.5 (Variloc) (Right, 6H)",Plates,1000,10,0,Nos,WH-00347,0.1,Kg,0,Malaysia,,VA Distal Tibial LCP 3.5mm,FALSE,FALSE,,0,TRUE,1,0,0,Nos,MYR,99999999,Nos,MYR,0,Nos,MYR,TRUE,1,0,Nos,MYR,0,Nos,MYR,0,Nos,MYR,0,Nos,MYR,"{""Implant Type Category"":""Small Fragment Plate"",""Plate Category"":""Small Fragment"",""Plate Type"":""LCP"",""Plate Profile"":""Anatomical"",""Total Holes"":6,""Combi Holes"":true,""Locking Mechanism"":""Variloc"",""Side"":""R"",""Anatomy"":""Distal Tibia""}",FALSE,,FALSE,
Ultimax Supply Sdn Bhd,24217108,"Distal Tibia LCP 3.5 (Variloc) (Right, 8H)",Plates,1000,10,0,Nos,WH-00347,0.1,Kg,0,Malaysia,,VA Distal Tibial LCP 3.5mm,FALSE,FALSE,,0,TRUE,1,0,0,Nos,MYR,99999999,Nos,MYR,0,Nos,MYR,TRUE,1,0,Nos,MYR,0,Nos,MYR,0,Nos,MYR,0,Nos,MYR,"{""Implant Type Category"":""Small Fragment Plate"",""Plate Category"":""Small Fragment"",""Plate Type"":""LCP"",""Plate Profile"":""Anatomical"",""Total Holes"":8,""Combi Holes"":true,""Locking Mechanism"":""Variloc"",""Side"":""R"",""Anatomy"":""Distal Tibia""}",FALSE,,FALSE,
Ultimax Supply Sdn Bhd,24217110,"Distal Tibia LCP 3.5 (Variloc) (Right, 10H)",Plates,1000,10,0,Nos,WH-00347,0.1,Kg,0,Malaysia,,VA Distal Tibial LCP 3.5mm,FALSE,FALSE,,0,TRUE,1,0,0,Nos,MYR,99999999,Nos,MYR,0,Nos,MYR,TRUE,1,0,Nos,MYR,0,Nos,MYR,0,Nos,MYR,0,Nos,MYR,"{""Implant Type Category"":""Small Fragment Plate"",""Plate Category"":""Small Fragment"",""Plate Type"":""LCP"",""Plate Profile"":""Anatomical"",""Total Holes"":10,""Combi Holes"":true,""Locking Mechanism"":""Variloc"",""Side"":""R"",""Anatomy"":""Distal Tibia""}",FALSE,,FALSE,
Ultimax Supply Sdn Bhd,24217204,"Distal Tibia LCP 3.5 (Variloc) (Left, 4H)",Plates,1000,10,0,Nos,WH-00347,0.1,Kg,0,Malaysia,,VA Distal Tibial LCP 3.5mm,FALSE,FALSE,,0,TRUE,1,0,0,Nos,MYR,99999999,Nos,MYR,0,Nos,MYR,TRUE,1,0,Nos,MYR,0,Nos,MYR,0,Nos,MYR,0,Nos,MYR,"{""Implant Type Category"":""Small Fragment Plate"",""Plate Category"":""Small Fragment"",""Plate Type"":""LCP"",""Plate Profile"":""Anatomical"",""Total Holes"":4,""Combi Holes"":true,""Locking Mechanism"":""Variloc"",""Side"":""L"",""Anatomy"":""Distal Tibia""}",FALSE,,FALSE,
Ultimax Supply Sdn Bhd,24217206,"Distal Tibia LCP 3.5 (Variloc) (Left, 6H)",Plates,1000,10,0,Nos,WH-00347,0.1,Kg,0,Malaysia,,VA Distal Tibial LCP 3.5mm,FALSE,FALSE,,0,TRUE,1,0,0,Nos,MYR,99999999,Nos,MYR,0,Nos,MYR,TRUE,1,0,Nos,MYR,0,Nos,MYR,0,Nos,MYR,0,Nos,MYR,"{""Implant Type Category"":""Small Fragment Plate"",""Plate Category"":""Small Fragment"",""Plate Type"":""LCP"",""Plate Profile"":""Anatomical"",""Total Holes"":6,""Combi Holes"":true,""Locking Mechanism"":""Variloc"",""Side"":""L"",""Anatomy"":""Distal Tibia""}",FALSE,,FALSE,
Ultimax Supply Sdn Bhd,24217208,"Distal Tibia LCP 3.5 (Variloc) (Left, 8H)",Plates,1000,10,0,Nos,WH-00347,0.1,Kg,0,Malaysia,,VA Distal Tibial LCP 3.5mm,FALSE,FALSE,,0,TRUE,1,0,0,Nos,MYR,99999999,Nos,MYR,0,Nos,MYR,TRUE,1,0,Nos,MYR,0,Nos,MYR,0,Nos,MYR,0,Nos,MYR,"{""Implant Type Category"":""Small Fragment Plate"",""Plate Category"":""Small Fragment"",""Plate Type"":""LCP"",""Plate Profile"":""Anatomical"",""Total Holes"":8,""Combi Holes"":true,""Locking Mechanism"":""Variloc"",""Side"":""L"",""Anatomy"":""Distal Tibia""}",FALSE,,FALSE,
Ultimax Supply Sdn Bhd,24217210,"Distal Tibia LCP 3.5 (Variloc) (Left, 10H)",Plates,1000,10,0,Nos,WH-00347,0.1,Kg,0,Malaysia,,VA Distal Tibial LCP 3.5mm,FALSE,FALSE,,0,TRUE,1,0,0,Nos,MYR,99999999,Nos,MYR,0,Nos,MYR,TRUE,1,0,Nos,MYR,0,Nos,MYR,0,Nos,MYR,0,Nos,MYR,"{""Implant Type Category"":""Small Fragment Plate"",""Plate Category"":""Small Fragment"",""Plate Type"":""LCP"",""Plate Profile"":""Anatomical"",""Total Holes"":10,""Combi Holes"":true,""Locking Mechanism"":""Variloc"",""Side"":""L"",""Anatomy"":""Distal Tibia""}",FALSE,,FALSE,
Ultimax Supply Sdn Bhd,24219003,Posterior Medial Tibia LCP (3+3H),Plates,1000,10,0,Nos,WH-00347,0.1,Kg,0,Malaysia,,VA Proximal Medial Posterior Tibial LCP 3.5mm,FALSE,FALSE,,0,TRUE,1,0,0,Nos,MYR,99999999,Nos,MYR,0,Nos,MYR,TRUE,1,0,Nos,MYR,0,Nos,MYR,0,Nos,MYR,0,Nos,MYR,"{""Implant Type Category"":""Small Fragment Plate"",""Plate Category"":""Small Fragment"",""Plate Type"":""LCP"",""Plate Profile"":""Anatomical"",""Total Holes"":6,""Combi Holes"":true,""Locking Mechanism"":""Variloc"",""Anatomy"":""Posterior Medial Tibia"",""Body Hole Count"":3}",FALSE,,FALSE,
Ultimax Supply Sdn Bhd,24219004,Posterior Medial Tibia LCP (3+4H),Plates,1000,10,0,Nos,WH-00347,0.1,Kg,0,Malaysia,,VA Proximal Medial Posterior Tibial LCP 3.5mm,FALSE,FALSE,,0,TRUE,1,0,0,Nos,MYR,99999999,Nos,MYR,0,Nos,MYR,TRUE,1,0,Nos,MYR,0,Nos,MYR,0,Nos,MYR,0,Nos,MYR,"{""Implant Type Category"":""Small Fragment Plate"",""Plate Category"":""Small Fragment"",""Plate Type"":""LCP"",""Plate Profile"":""Anatomical"",""Total Holes"":7,""Combi Holes"":true,""Locking Mechanism"":""Variloc"",""Anatomy"":""Posterior Medial Tibia"",""Body Hole Count"":4}",FALSE,,FALSE,
Ultimax Supply Sdn Bhd,24219006,Posterior Medial Tibia LCP (3+6H),Plates,1000,10,0,Nos,WH-00347,0.1,Kg,0,Malaysia,,VA Proximal Medial Posterior Tibial LCP 3.5mm,FALSE,FALSE,,0,TRUE,1,0,0,Nos,MYR,99999999,Nos,MYR,0,Nos,MYR,TRUE,1,0,Nos,MYR,0,Nos,MYR,0,Nos,MYR,0,Nos,MYR,"{""Implant Type Category"":""Small Fragment Plate"",""Plate Category"":""Small Fragment"",""Plate Type"":""LCP"",""Plate Profile"":""Anatomical"",""Total Holes"":9,""Combi Holes"":true,""Locking Mechanism"":""Variloc"",""Anatomy"":""Posterior Medial Tibia"",""Body Hole Count"":6}",FALSE,,FALSE,
Ultimax Supply Sdn Bhd,24223103,"Distal Medial Humerus LCP (R,3+3H)",Plates,1000,10,0,Nos,WH-00347,0.1,Kg,0,Malaysia,,VA Distal Medial Humerus LCP 2.7/3.5mm,FALSE,FALSE,,0,TRUE,1,0,0,Nos,MYR,99999999,Nos,MYR,0,Nos,MYR,TRUE,1,0,Nos,MYR,0,Nos,MYR,0,Nos,MYR,0,Nos,MYR,"{""Implant Type Category"":""Small Fragment Plate"",""Plate Category"":""Small Fragment"",""Plate Type"":""LCP"",""Plate Profile"":""Anatomical"",""Total Holes"":6,""Combi Holes"":true,""Locking Mechanism"":""Variloc"",""Side"":""R"",""Anatomy"":""Distal Medial Humerus"",""Body Hole Count"":3}",FALSE,,FALSE,
Ultimax Supply Sdn Bhd,24223105,"Distal Medial Humerus LCP (R,3+5H)",Plates,1000,10,0,Nos,WH-00347,0.1,Kg,0,Malaysia,,VA Distal Medial Humerus LCP 2.7/3.5mm,FALSE,FALSE,,0,TRUE,1,0,0,Nos,MYR,99999999,Nos,MYR,0,Nos,MYR,TRUE,1,0,Nos,MYR,0,Nos,MYR,0,Nos,MYR,0,Nos,MYR,"{""Implant Type Category"":""Small Fragment Plate"",""Plate Category"":""Small Fragment"",""Plate Type"":""LCP"",""Plate Profile"":""Anatomical"",""Total Holes"":8,""Combi Holes"":true,""Locking Mechanism"":""Variloc"",""Side"":""R"",""Anatomy"":""Distal Medial Humerus"",""Body Hole Count"":5}",FALSE,,FALSE,
Ultimax Supply Sdn Bhd,24223107,"Distal Medial Humerus LCP (R,3+7H)",Plates,1000,10,0,Nos,WH-00347,0.1,Kg,0,Malaysia,,VA Distal Medial Humerus LCP 2.7/3.5mm,FALSE,FALSE,,0,TRUE,1,0,0,Nos,MYR,99999999,Nos,MYR,0,Nos,MYR,TRUE,1,0,Nos,MYR,0,Nos,MYR,0,Nos,MYR,0,Nos,MYR,"{""Implant Type Category"":""Small Fragment Plate"",""Plate Category"":""Small Fragment"",""Plate Type"":""LCP"",""Plate Profile"":""Anatomical"",""Total Holes"":10,""Combi Holes"":true,""Locking Mechanism"":""Variloc"",""Side"":""R"",""Anatomy"":""Distal Medial Humerus"",""Body Hole Count"":7}",FALSE,,FALSE,
Ultimax Supply Sdn Bhd,24223109,"Distal Medial Humerus LCP (R,3+9H)",Plates,1000,10,0,Nos,WH-00347,0.1,Kg,0,Malaysia,,VA Distal Medial Humerus LCP 2.7/3.5mm,FALSE,FALSE,,0,TRUE,1,0,0,Nos,MYR,99999999,Nos,MYR,0,Nos,MYR,TRUE,1,0,Nos,MYR,0,Nos,MYR,0,Nos,MYR,0,Nos,MYR,"{""Implant Type Category"":""Small Fragment Plate"",""Plate Category"":""Small Fragment"",""Plate Type"":""LCP"",""Plate Profile"":""Anatomical"",""Total Holes"":12,""Combi Holes"":true,""Locking Mechanism"":""Variloc"",""Side"":""R"",""Anatomy"":""Distal Medial Humerus"",""Body Hole Count"":9}",FALSE,,FALSE,
Ultimax Supply Sdn Bhd,24223114,"Distal Medial Humerus LCP (R,3+14H)",Plates,1000,10,0,Nos,WH-00347,0.1,Kg,0,Malaysia,,VA Distal Medial Humerus LCP 2.7/3.5mm,FALSE,FALSE,,0,TRUE,1,0,0,Nos,MYR,99999999,Nos,MYR,0,Nos,MYR,TRUE,1,0,Nos,MYR,0,Nos,MYR,0,Nos,MYR,0,Nos,MYR,"{""Implant Type Category"":""Small Fragment Plate"",""Plate Category"":""Small Fragment"",""Plate Type"":""LCP"",""Plate Profile"":""Anatomical"",""Total Holes"":17,""Combi Holes"":true,""Locking Mechanism"":""Variloc"",""Side"":""R"",""Anatomy"":""Distal Medial Humerus"",""Body Hole Count"":14}",FALSE,,FALSE,
Ultimax Supply Sdn Bhd,24223203,"Distal Medial Humerus LCP (L,3+3H)",Plates,1000,10,0,Nos,WH-00347,0.1,Kg,0,Malaysia,,VA Distal Medial Humerus LCP 2.7/3.5mm,FALSE,FALSE,,0,TRUE,1,0,0,Nos,MYR,99999999,Nos,MYR,0,Nos,MYR,TRUE,1,0,Nos,MYR,0,Nos,MYR,0,Nos,MYR,0,Nos,MYR,"{""Implant Type Category"":""Small Fragment Plate"",""Plate Category"":""Small Fragment"",""Plate Type"":""LCP"",""Plate Profile"":""Anatomical"",""Total Holes"":6,""Combi Holes"":true,""Locking Mechanism"":""Variloc"",""Side"":""L"",""Anatomy"":""Distal Medial Humerus"",""Body Hole Count"":3}",FALSE,,FALSE,
Ultimax Supply Sdn Bhd,24223205,"Distal Medial Humerus LCP (L,3+5H)",Plates,1000,10,0,Nos,WH-00347,0.1,Kg,0,Malaysia,,VA Distal Medial Humerus LCP 2.7/3.5mm,FALSE,FALSE,,0,TRUE,1,0,0,Nos,MYR,99999999,Nos,MYR,0,Nos,MYR,TRUE,1,0,Nos,MYR,0,Nos,MYR,0,Nos,MYR,0,Nos,MYR,"{""Implant Type Category"":""Small Fragment Plate"",""Plate Category"":""Small Fragment"",""Plate Type"":""LCP"",""Plate Profile"":""Anatomical"",""Total Holes"":8,""Combi Holes"":true,""Locking Mechanism"":""Variloc"",""Side"":""L"",""Anatomy"":""Distal Medial Humerus"",""Body Hole Count"":5}",FALSE,,FALSE,
Ultimax Supply Sdn Bhd,24223207,"Distal Medial Humerus LCP (L,3+7H)",Plates,1000,10,0,Nos,WH-00347,0.1,Kg,0,Malaysia,,VA Distal Medial Humerus LCP 2.7/3.5mm,FALSE,FALSE,,0,TRUE,1,0,0,Nos,MYR,99999999,Nos,MYR,0,Nos,MYR,TRUE,1,0,Nos,MYR,0,Nos,MYR,0,Nos,MYR,0,Nos,MYR,"{""Implant Type Category"":""Small Fragment Plate"",""Plate Category"":""Small Fragment"",""Plate Type"":""LCP"",""Plate Profile"":""Anatomical"",""Total Holes"":10,""Combi Holes"":true,""Locking Mechanism"":""Variloc"",""Side"":""L"",""Anatomy"":""Distal Medial Humerus"",""Body Hole Count"":7}",FALSE,,FALSE,
Ultimax Supply Sdn Bhd,24223209,"Distal Medial Humerus LCP (L,3+9H)",Plates,1000,10,0,Nos,WH-00347,0.1,Kg,0,Malaysia,,VA Distal Medial Humerus LCP 2.7/3.5mm,FALSE,FALSE,,0,TRUE,1,0,0,Nos,MYR,99999999,Nos,MYR,0,Nos,MYR,TRUE,1,0,Nos,MYR,0,Nos,MYR,0,Nos,MYR,0,Nos,MYR,"{""Implant Type Category"":""Small Fragment Plate"",""Plate Category"":""Small Fragment"",""Plate Type"":""LCP"",""Plate Profile"":""Anatomical"",""Total Holes"":12,""Combi Holes"":true,""Locking Mechanism"":""Variloc"",""Side"":""L"",""Anatomy"":""Distal Medial Humerus"",""Body Hole Count"":9}",FALSE,,FALSE,
Ultimax Supply Sdn Bhd,24223214,"Distal Medial Humerus LCP (L,3+14H)",Plates,1000,10,0,Nos,WH-00347,0.1,Kg,0,Malaysia,,VA Distal Medial Humerus LCP 2.7/3.5mm,FALSE,FALSE,,0,TRUE,1,0,0,Nos,MYR,99999999,Nos,MYR,0,Nos,MYR,TRUE,1,0,Nos,MYR,0,Nos,MYR,0,Nos,MYR,0,Nos,MYR,"{""Implant Type Category"":""Small Fragment Plate"",""Plate Category"":""Small Fragment"",""Plate Type"":""LCP"",""Plate Profile"":""Anatomical"",""Total Holes"":17,""Combi Holes"":true,""Locking Mechanism"":""Variloc"",""Side"":""L"",""Anatomy"":""Distal Medial Humerus"",""Body Hole Count"":14}",FALSE,,FALSE,
Ultimax Supply Sdn Bhd,24230106,"Proximal Medial Tibial LCP 3.5mm (Right, 6H)",Plates,1000,10,0,Nos,WH-00347,0.06,Kg,0,Malaysia,,VA Proximal Medial Tibial LCP 3.5mm,FALSE,FALSE,,0,TRUE,1,0,0,Nos,MYR,99999999,Nos,MYR,0,Nos,MYR,TRUE,1,0,Nos,MYR,0,Nos,MYR,0,Nos,MYR,0,Nos,MYR,"{""Implant Type Category"":""Small Fragment Plate"",""Diameter"":3.5,""Plate Category"":""Small Fragment"",""Plate Type"":""LCP"",""Plate Profile"":""Anatomical"",""Total Holes"":6,""Combi Holes"":true,""Locking Mechanism"":""Variloc"",""Side"":""R"",""Anatomy"":""Proximal Medial Tibial""}",FALSE,,FALSE,
Ultimax Supply Sdn Bhd,24230108,"Proximal Medial Tibial LCP 3.5mm (Right, 8H)",Plates,1000,10,0,Nos,WH-00347,0.06,Kg,0,Malaysia,,VA Proximal Medial Tibial LCP 3.5mm,FALSE,FALSE,,0,TRUE,1,0,0,Nos,MYR,99999999,Nos,MYR,0,Nos,MYR,TRUE,1,0,Nos,MYR,0,Nos,MYR,0,Nos,MYR,0,Nos,MYR,"{""Implant Type Category"":""Small Fragment Plate"",""Diameter"":3.5,""Plate Category"":""Small Fragment"",""Plate Type"":""LCP"",""Plate Profile"":""Anatomical"",""Total Holes"":8,""Combi Holes"":true,""Locking Mechanism"":""Variloc"",""Side"":""R"",""Anatomy"":""Proximal Medial Tibial""}",FALSE,,FALSE,
Ultimax Supply Sdn Bhd,24230110,"Proximal Medial Tibial LCP 3.5mm (Right, 10H)",Plates,1000,10,0,Nos,WH-00347,0.06,Kg,0,Malaysia,,VA Proximal Medial Tibial LCP 3.5mm,FALSE,FALSE,,0,TRUE,1,0,0,Nos,MYR,99999999,Nos,MYR,0,Nos,MYR,TRUE,1,0,Nos,MYR,0,Nos,MYR,0,Nos,MYR,0,Nos,MYR,"{""Implant Type Category"":""Small Fragment Plate"",""Diameter"":3.5,""Plate Category"":""Small Fragment"",""Plate Type"":""LCP"",""Plate Profile"":""Anatomical"",""Total Holes"":10,""Combi Holes"":true,""Locking Mechanism"":""Variloc"",""Side"":""R"",""Anatomy"":""Proximal Medial Tibial""}",FALSE,,FALSE,
Ultimax Supply Sdn Bhd,24230112,"Proximal Medial Tibial LCP 3.5mm (Right, 12H)",Plates,1000,10,0,Nos,WH-00347,0.06,Kg,0,Malaysia,,VA Proximal Medial Tibial LCP 3.5mm,FALSE,FALSE,,0,TRUE,1,0,0,Nos,MYR,99999999,Nos,MYR,0,Nos,MYR,TRUE,1,0,Nos,MYR,0,Nos,MYR,0,Nos,MYR,0,Nos,MYR,"{""Implant Type Category"":""Small Fragment Plate"",""Diameter"":3.5,""Plate Category"":""Small Fragment"",""Plate Type"":""LCP"",""Plate Profile"":""Anatomical"",""Total Holes"":12,""Combi Holes"":true,""Locking Mechanism"":""Variloc"",""Side"":""R"",""Anatomy"":""Proximal Medial Tibial""}",FALSE,,FALSE,
Ultimax Supply Sdn Bhd,24230206,"Proximal Medial Tibial LCP 3.5mm (Left, 6H)",Plates,1000,10,0,Nos,WH-00347,0.06,Kg,0,Malaysia,,VA Proximal Medial Tibial LCP 3.5mm,FALSE,FALSE,,0,TRUE,1,0,0,Nos,MYR,99999999,Nos,MYR,0,Nos,MYR,TRUE,1,0,Nos,MYR,0,Nos,MYR,0,Nos,MYR,0,Nos,MYR,"{""Implant Type Category"":""Small Fragment Plate"",""Diameter"":3.5,""Plate Category"":""Small Fragment"",""Plate Type"":""LCP"",""Plate Profile"":""Anatomical"",""Total Holes"":6,""Combi Holes"":true,""Locking Mechanism"":""Variloc"",""Side"":""L"",""Anatomy"":""Proximal Medial Tibial""}",FALSE,,FALSE,
Ultimax Supply Sdn Bhd,24230208,"Proximal Medial Tibial LCP 3.5mm (Left, 8H)",Plates,1000,10,0,Nos,WH-00347,0.06,Kg,0,Malaysia,,VA Proximal Medial Tibial LCP 3.5mm,FALSE,FALSE,,0,TRUE,1,0,0,Nos,MYR,99999999,Nos,MYR,0,Nos,MYR,TRUE,1,0,Nos,MYR,0,Nos,MYR,0,Nos,MYR,0,Nos,MYR,"{""Implant Type Category"":""Small Fragment Plate"",""Diameter"":3.5,""Plate Category"":""Small Fragment"",""Plate Type"":""LCP"",""Plate Profile"":""Anatomical"",""Total Holes"":8,""Combi Holes"":true,""Locking Mechanism"":""Variloc"",""Side"":""L"",""Anatomy"":""Proximal Medial Tibial""}",FALSE,,FALSE,
Ultimax Supply Sdn Bhd,24230210,"Proximal Medial Tibial LCP 3.5mm (Left, 10H)",Plates,1000,10,0,Nos,WH-00347,0.06,Kg,0,Malaysia,,VA Proximal Medial Tibial LCP 3.5mm,FALSE,FALSE,,0,TRUE,1,0,0,Nos,MYR,99999999,Nos,MYR,0,Nos,MYR,TRUE,1,0,Nos,MYR,0,Nos,MYR,0,Nos,MYR,0,Nos,MYR,"{""Implant Type Category"":""Small Fragment Plate"",""Diameter"":3.5,""Plate Category"":""Small Fragment"",""Plate Type"":""LCP"",""Plate Profile"":""Anatomical"",""Total Holes"":10,""Combi Holes"":true,""Locking Mechanism"":""Variloc"",""Side"":""L"",""Anatomy"":""Proximal Medial Tibial""}",FALSE,,FALSE,
Ultimax Supply Sdn Bhd,24230212,"Proximal Medial Tibial LCP 3.5mm (Left, 12H)",Plates,1000,10,0,Nos,WH-00347,0.06,Kg,0,Malaysia,,VA Proximal Medial Tibial LCP 3.5mm,FALSE,FALSE,,0,TRUE,1,0,0,Nos,MYR,99999999,Nos,MYR,0,Nos,MYR,TRUE,1,0,Nos,MYR,0,Nos,MYR,0,Nos,MYR,0,Nos,MYR,"{""Implant Type Category"":""Small Fragment Plate"",""Diameter"":3.5,""Plate Category"":""Small Fragment"",""Plate Type"":""LCP"",""Plate Profile"":""Anatomical"",""Total Holes"":12,""Combi Holes"":true,""Locking Mechanism"":""Variloc"",""Side"":""L"",""Anatomy"":""Proximal Medial Tibial""}",FALSE,,FALSE,
Ultimax Supply Sdn Bhd,24257106,"Recon Clavicle LCP (R,6H)",Plates,1000,10,0,Nos,WH-00347,0.06,Kg,0,Malaysia,,VA Recon Clavicle LCP 2.7/3.5mm,FALSE,FALSE,,0,TRUE,1,0,0,Nos,MYR,99999999,Nos,MYR,0,Nos,MYR,TRUE,1,0,Nos,MYR,0,Nos,MYR,0,Nos,MYR,0,Nos,MYR,"{""Implant Type Category"":""Small Fragment Plate"",""Plate Category"":""Small Fragment"",""Plate Type"":""Reconstruction"",""Plate Profile"":""Anatomical"",""Total Holes"":6,""Combi Holes"":true,""Locking Mechanism"":""Variloc"",""Side"":""R"",""Anatomy"":""Reconstruction Clavicle""}",FALSE,,FALSE,
Ultimax Supply Sdn Bhd,24257107,"Recon Clavicle LCP (R,7H)",Plates,1000,10,0,Nos,WH-00347,0.06,Kg,0,Malaysia,,VA Recon Clavicle LCP 2.7/3.5mm,FALSE,FALSE,,0,TRUE,1,0,0,Nos,MYR,99999999,Nos,MYR,0,Nos,MYR,TRUE,1,0,Nos,MYR,0,Nos,MYR,0,Nos,MYR,0,Nos,MYR,"{""Implant Type Category"":""Small Fragment Plate"",""Plate Category"":""Small Fragment"",""Plate Type"":""Reconstruction"",""Plate Profile"":""Anatomical"",""Total Holes"":7,""Combi Holes"":true,""Locking Mechanism"":""Variloc"",""Side"":""R"",""Anatomy"":""Reconstruction Clavicle""}",FALSE,,FALSE,
Ultimax Supply Sdn Bhd,24257108,"Recon Clavicle LCP (R,8H)",Plates,1000,10,0,Nos,WH-00347,0.06,Kg,0,Malaysia,,VA Recon Clavicle LCP 2.7/3.5mm,FALSE,FALSE,,0,TRUE,1,0,0,Nos,MYR,99999999,Nos,MYR,0,Nos,MYR,TRUE,1,0,Nos,MYR,0,Nos,MYR,0,Nos,MYR,0,Nos,MYR,"{""Implant Type Category"":""Small Fragment Plate"",""Plate Category"":""Small Fragment"",""Plate Type"":""Reconstruction"",""Plate Profile"":""Anatomical"",""Total Holes"":8,""Combi Holes"":true,""Locking Mechanism"":""Variloc"",""Side"":""R"",""Anatomy"":""Reconstruction Clavicle""}",FALSE,,FALSE,
Ultimax Supply Sdn Bhd,24257206,"Recon Clavicle LCP (L,6H)",Plates,1000,10,0,Nos,WH-00347,0.06,Kg,0,Malaysia,,VA Recon Clavicle LCP 2.7/3.5mm,FALSE,FALSE,,0,TRUE,1,0,0,Nos,MYR,99999999,Nos,MYR,0,Nos,MYR,TRUE,1,0,Nos,MYR,0,Nos,MYR,0,Nos,MYR,0,Nos,MYR,"{""Implant Type Category"":""Small Fragment Plate"",""Plate Category"":""Small Fragment"",""Plate Type"":""Reconstruction"",""Plate Profile"":""Anatomical"",""Total Holes"":6,""Combi Holes"":true,""Locking Mechanism"":""Variloc"",""Side"":""L"",""Anatomy"":""Reconstruction Clavicle""}",FALSE,,FALSE,
Ultimax Supply Sdn Bhd,24257207,"Recon Clavicle LCP (L,7H)",Plates,1000,10,0,Nos,WH-00347,0.06,Kg,0,Malaysia,,VA Recon Clavicle LCP 2.7/3.5mm,FALSE,FALSE,,0,TRUE,1,0,0,Nos,MYR,99999999,Nos,MYR,0,Nos,MYR,TRUE,1,0,Nos,MYR,0,Nos,MYR,0,Nos,MYR,0,Nos,MYR,"{""Implant Type Category"":""Small Fragment Plate"",""Plate Category"":""Small Fragment"",""Plate Type"":""Reconstruction"",""Plate Profile"":""Anatomical"",""Total Holes"":7,""Combi Holes"":true,""Locking Mechanism"":""Variloc"",""Side"":""L"",""Anatomy"":""Reconstruction Clavicle""}",FALSE,,FALSE,
Ultimax Supply Sdn Bhd,24257208,"Recon Clavicle LCP (L,8H)",Plates,1000,10,0,Nos,WH-00347,0.06,Kg,0,Malaysia,,VA Recon Clavicle LCP 2.7/3.5mm,FALSE,FALSE,,0,TRUE,1,0,0,Nos,MYR,99999999,Nos,MYR,0,Nos,MYR,TRUE,1,0,Nos,MYR,0,Nos,MYR,0,Nos,MYR,0,Nos,MYR,"{""Implant Type Category"":""Small Fragment Plate"",""Plate Category"":""Small Fragment"",""Plate Type"":""Reconstruction"",""Plate Profile"":""Anatomical"",""Total Holes"":8,""Combi Holes"":true,""Locking Mechanism"":""Variloc"",""Side"":""L"",""Anatomy"":""Reconstruction Clavicle""}",FALSE,,FALSE,
Ultimax Supply Sdn Bhd,24258111,"Distal Clavicle LCP (R,7+4H)",Plates,1000,10,0,Nos,WH-00347,0.06,Kg,0,Malaysia,,VA Anterolateral Clavicle LCP 2.7/3.5mm,FALSE,FALSE,,0,TRUE,1,0,0,Nos,MYR,99999999,Nos,MYR,0,Nos,MYR,TRUE,1,0,Nos,MYR,0,Nos,MYR,0,Nos,MYR,0,Nos,MYR,"{""Implant Type Category"":""Small Fragment Plate"",""Plate Category"":""Small Fragment"",""Plate Type"":""LCP"",""Plate Profile"":""Anatomical"",""Total Holes"":11,""Combi Holes"":true,""Locking Mechanism"":""Variloc"",""Side"":""R"",""Anatomy"":""Distal Clavicle"",""Body Hole Count"":4}",FALSE,,FALSE,
Ultimax Supply Sdn Bhd,24258113,"Distal Clavicle LCP (R,7+6H)",Plates,1000,10,0,Nos,WH-00347,0.06,Kg,0,Malaysia,,VA Anterolateral Clavicle LCP 2.7/3.5mm,FALSE,FALSE,,0,TRUE,1,0,0,Nos,MYR,99999999,Nos,MYR,0,Nos,MYR,TRUE,1,0,Nos,MYR,0,Nos,MYR,0,Nos,MYR,0,Nos,MYR,"{""Implant Type Category"":""Small Fragment Plate"",""Plate Category"":""Small Fragment"",""Plate Type"":""LCP"",""Plate Profile"":""Anatomical"",""Total Holes"":13,""Combi Holes"":true,""Locking Mechanism"":""Variloc"",""Side"":""R"",""Anatomy"":""Distal Clavicle"",""Body Hole Count"":6}",FALSE,,FALSE,
Ultimax Supply Sdn Bhd,24258115,"Distal Clavicle LCP (R,7+8H)",Plates,1000,10,0,Nos,WH-00347,0.06,Kg,0,Malaysia,,VA Anterolateral Clavicle LCP 2.7/3.5mm,FALSE,FALSE,,0,TRUE,1,0,0,Nos,MYR,99999999,Nos,MYR,0,Nos,MYR,TRUE,1,0,Nos,MYR,0,Nos,MYR,0,Nos,MYR,0,Nos,MYR,"{""Implant Type Category"":""Small Fragment Plate"",""Plate Category"":""Small Fragment"",""Plate Type"":""LCP"",""Plate Profile"":""Anatomical"",""Total Holes"":15,""Combi Holes"":true,""Locking Mechanism"":""Variloc"",""Side"":""R"",""Anatomy"":""Distal Clavicle"",""Body Hole Count"":8}",FALSE,,FALSE,
Ultimax Supply Sdn Bhd,24258211,"Distal Clavicle LCP (L,7+4H)",Plates,1000,10,0,Nos,WH-00347,0.06,Kg,0,Malaysia,,VA Anterolateral Clavicle LCP 2.7/3.5mm,FALSE,FALSE,,0,TRUE,1,0,0,Nos,MYR,99999999,Nos,MYR,0,Nos,MYR,TRUE,1,0,Nos,MYR,0,Nos,MYR,0,Nos,MYR,0,Nos,MYR,"{""Implant Type Category"":""Small Fragment Plate"",""Plate Category"":""Small Fragment"",""Plate Type"":""LCP"",""Plate Profile"":""Anatomical"",""Total Holes"":11,""Combi Holes"":true,""Locking Mechanism"":""Variloc"",""Side"":""L"",""Anatomy"":""Distal Clavicle"",""Body Hole Count"":4}",FALSE,,FALSE,
Ultimax Supply Sdn Bhd,24258213,"Distal Clavicle LCP (L,7+6H)",Plates,1000,10,0,Nos,WH-00347,0.06,Kg,0,Malaysia,,VA Anterolateral Clavicle LCP 2.7/3.5mm,FALSE,FALSE,,0,TRUE,1,0,0,Nos,MYR,99999999,Nos,MYR,0,Nos,MYR,TRUE,1,0,Nos,MYR,0,Nos,MYR,0,Nos,MYR,0,Nos,MYR,"{""Implant Type Category"":""Small Fragment Plate"",""Plate Category"":""Small Fragment"",""Plate Type"":""LCP"",""Plate Profile"":""Anatomical"",""Total Holes"":13,""Combi Holes"":true,""Locking Mechanism"":""Variloc"",""Side"":""L"",""Anatomy"":""Distal Clavicle"",""Body Hole Count"":6}",FALSE,,FALSE,
Ultimax Supply Sdn Bhd,24258215,"Distal Clavicle LCP (L,7+8H)",Plates,1000,10,0,Nos,WH-00347,0.06,Kg,0,Malaysia,,VA Anterolateral Clavicle LCP 2.7/3.5mm,FALSE,FALSE,,0,TRUE,1,0,0,Nos,MYR,99999999,Nos,MYR,0,Nos,MYR,TRUE,1,0,Nos,MYR,0,Nos,MYR,0,Nos,MYR,0,Nos,MYR,"{""Implant Type Category"":""Small Fragment Plate"",""Plate Category"":""Small Fragment"",""Plate Type"":""LCP"",""Plate Profile"":""Anatomical"",""Total Holes"":15,""Combi Holes"":true,""Locking Mechanism"":""Variloc"",""Side"":""L"",""Anatomy"":""Distal Clavicle"",""Body Hole Count"":8}",FALSE,,FALSE,
Ultimax Supply Sdn Bhd,24259103,"Distal Radius Volar Column LCP (R,8+3H,PT)",Plates,1000,10,0,Nos,WH-00347,0.03,Kg,0,Malaysia,,VA Distal Radius Column LCP 2.7mm,FALSE,FALSE,,0,TRUE,1,0,0,Nos,MYR,99999999,Nos,MYR,0,Nos,MYR,TRUE,1,0,Nos,MYR,0,Nos,MYR,0,Nos,MYR,0,Nos,MYR,"{""Material"":""PT"",""Implant Type Category"":""Small Fragment Plate"",""Plate Category"":""Small Fragment"",""Plate Type"":""Volar"",""Plate Profile"":""Anatomical"",""Total Holes"":11,""Combi Holes"":true,""Locking Mechanism"":""Variloc"",""Side"":""R"",""Anatomy"":""Distal Radius Volar Column"",""Body Hole Count"":3}",FALSE,,FALSE,
Ultimax Supply Sdn Bhd,24259106,"Distal Radius Volar Column LCP (R,8+6H,PT)",Plates,1000,10,0,Nos,WH-00347,0.03,Kg,0,Malaysia,,VA Distal Radius Column LCP 2.7mm,FALSE,FALSE,,0,TRUE,1,0,0,Nos,MYR,99999999,Nos,MYR,0,Nos,MYR,TRUE,1,0,Nos,MYR,0,Nos,MYR,0,Nos,MYR,0,Nos,MYR,"{""Material"":""PT"",""Implant Type Category"":""Small Fragment Plate"",""Plate Category"":""Small Fragment"",""Plate Type"":""Volar"",""Plate Profile"":""Anatomical"",""Total Holes"":14,""Combi Holes"":true,""Locking Mechanism"":""Variloc"",""Side"":""R"",""Anatomy"":""Distal Radius Volar Column"",""Body Hole Count"":6}",FALSE,,FALSE,
Ultimax Supply Sdn Bhd,24259108,"Distal Radius Volar Column LCP (R,8+8H,PT)",Plates,1000,10,0,Nos,WH-00347,0.03,Kg,0,Malaysia,,VA Distal Radius Column LCP 2.7mm,FALSE,FALSE,,0,TRUE,1,0,0,Nos,MYR,99999999,Nos,MYR,0,Nos,MYR,TRUE,1,0,Nos,MYR,0,Nos,MYR,0,Nos,MYR,0,Nos,MYR,"{""Material"":""PT"",""Implant Type Category"":""Small Fragment Plate"",""Plate Category"":""Small Fragment"",""Plate Type"":""Volar"",""Plate Profile"":""Anatomical"",""Total Holes"":16,""Combi Holes"":true,""Locking Mechanism"":""Variloc"",""Side"":""R"",""Anatomy"":""Distal Radius Volar Column"",""Body Hole Count"":8}",FALSE,,FALSE,
Ultimax Supply Sdn Bhd,24259110,"Distal Radius Volar Column LCP (R,8+10H,PT)",Plates,1000,10,0,Nos,WH-00347,0.03,Kg,0,Malaysia,,VA Distal Radius Column LCP 2.7mm,FALSE,FALSE,,0,TRUE,1,0,0,Nos,MYR,99999999,Nos,MYR,0,Nos,MYR,TRUE,1,0,Nos,MYR,0,Nos,MYR,0,Nos,MYR,0,Nos,MYR,"{""Material"":""PT"",""Implant Type Category"":""Small Fragment Plate"",""Plate Category"":""Small Fragment"",""Plate Type"":""Volar"",""Plate Profile"":""Anatomical"",""Total Holes"":18,""Combi Holes"":true,""Locking Mechanism"":""Variloc"",""Side"":""R"",""Anatomy"":""Distal Radius Volar Column"",""Body Hole Count"":10}",FALSE,,FALSE,
Ultimax Supply Sdn Bhd,24259112,"Distal Radius Volar Column LCP (R,8+12H,PT)",Plates,1000,10,0,Nos,WH-00347,0.03,Kg,0,Malaysia,,VA Distal Radius Column LCP 2.7mm,FALSE,FALSE,,0,TRUE,1,0,0,Nos,MYR,99999999,Nos,MYR,0,Nos,MYR,TRUE,1,0,Nos,MYR,0,Nos,MYR,0,Nos,MYR,0,Nos,MYR,"{""Material"":""PT"",""Implant Type Category"":""Small Fragment Plate"",""Plate Category"":""Small Fragment"",""Plate Type"":""Volar"",""Plate Profile"":""Anatomical"",""Total Holes"":20,""Combi Holes"":true,""Locking Mechanism"":""Variloc"",""Side"":""R"",""Anatomy"":""Distal Radius Volar Column"",""Body Hole Count"":12}",FALSE,,FALSE,
Ultimax Supply Sdn Bhd,24259206,"Distal Radius Volar Column LCP (L,8+6H,PT)",Plates,1000,10,0,Nos,WH-00347,0.03,Kg,0,Malaysia,,VA Distal Radius Column LCP 2.7mm,FALSE,FALSE,,0,TRUE,1,0,0,Nos,MYR,99999999,Nos,MYR,0,Nos,MYR,TRUE,1,0,Nos,MYR,0,Nos,MYR,0,Nos,MYR,0,Nos,MYR,"{""Material"":""PT"",""Implant Type Category"":""Small Fragment Plate"",""Plate Category"":""Small Fragment"",""Plate Type"":""Volar"",""Plate Profile"":""Anatomical"",""Total Holes"":14,""Combi Holes"":true,""Locking Mechanism"":""Variloc"",""Side"":""L"",""Anatomy"":""Distal Radius Volar Column"",""Body Hole Count"":6}",FALSE,,FALSE,
Ultimax Supply Sdn Bhd,24259208,"Distal Radius Volar Column LCP (L,8+8H,PT)",Plates,1000,10,0,Nos,WH-00347,0.03,Kg,0,Malaysia,,VA Distal Radius Column LCP 2.7mm,FALSE,FALSE,,0,TRUE,1,0,0,Nos,MYR,99999999,Nos,MYR,0,Nos,MYR,TRUE,1,0,Nos,MYR,0,Nos,MYR,0,Nos,MYR,0,Nos,MYR,"{""Material"":""PT"",""Implant Type Category"":""Small Fragment Plate"",""Plate Category"":""Small Fragment"",""Plate Type"":""Volar"",""Plate Profile"":""Anatomical"",""Total Holes"":16,""Combi Holes"":true,""Locking Mechanism"":""Variloc"",""Side"":""L"",""Anatomy"":""Distal Radius Volar Column"",""Body Hole Count"":8}",FALSE,,FALSE,
Ultimax Supply Sdn Bhd,24259210,"Distal Radius Volar Column LCP (L,8+10H,PT)",Plates,1000,10,0,Nos,WH-00347,0.03,Kg,0,Malaysia,,VA Distal Radius Column LCP 2.7mm,FALSE,FALSE,,0,TRUE,1,0,0,Nos,MYR,99999999,Nos,MYR,0,Nos,MYR,TRUE,1,0,Nos,MYR,0,Nos,MYR,0,Nos,MYR,0,Nos,MYR,"{""Material"":""PT"",""Implant Type Category"":""Small Fragment Plate"",""Plate Category"":""Small Fragment"",""Plate Type"":""Volar"",""Plate Profile"":""Anatomical"",""Total Holes"":18,""Combi Holes"":true,""Locking Mechanism"":""Variloc"",""Side"":""L"",""Anatomy"":""Distal Radius Volar Column"",""Body Hole Count"":10}",FALSE,,FALSE,
Ultimax Supply Sdn Bhd,24259212,"Distal Radius Volar Column LCP (L,8+12H,PT)",Plates,1000,10,0,Nos,WH-00347,0.03,Kg,0,Malaysia,,VA Distal Radius Column LCP 2.7mm,FALSE,FALSE,,0,TRUE,1,0,0,Nos,MYR,99999999,Nos,MYR,0,Nos,MYR,TRUE,1,0,Nos,MYR,0,Nos,MYR,0,Nos,MYR,0,Nos,MYR,"{""Material"":""PT"",""Implant Type Category"":""Small Fragment Plate"",""Plate Category"":""Small Fragment"",""Plate Type"":""Volar"",""Plate Profile"":""Anatomical"",""Total Holes"":20,""Combi Holes"":true,""Locking Mechanism"":""Variloc"",""Side"":""L"",""Anatomy"":""Distal Radius Volar Column"",""Body Hole Count"":12}",FALSE,,FALSE,
Ultimax Supply Sdn Bhd,24260105,"Distal Lateral Femoral LCP 5.0 (Variloc) (Right, 5H)",Plates,1000,10,0,Nos,WH-00347,0.1,Kg,0,Malaysia,,VA Distal Femoral LCP 4.5/5.0mm,FALSE,FALSE,,0,TRUE,1,0,0,Nos,MYR,99999999,Nos,MYR,0,Nos,MYR,TRUE,1,0,Nos,MYR,0,Nos,MYR,0,Nos,MYR,0,Nos,MYR,"{""Implant Type Category"":""Large Fragment Plate"",""Plate Category"":""Large Fragment"",""Plate Type"":""LCP"",""Plate Profile"":""Anatomical"",""Total Holes"":5,""Combi Holes"":true,""Locking Mechanism"":""Variloc"",""Side"":""R"",""Anatomy"":""Distal Lateral Femoral""}",FALSE,,FALSE,
Ultimax Supply Sdn Bhd,24260107,"Distal Lateral Femoral LCP 5.0 (Variloc) (Right, 7H)",Plates,1000,10,0,Nos,WH-00347,0.1,Kg,0,Malaysia,,VA Distal Femoral LCP 4.5/5.0mm,FALSE,FALSE,,0,TRUE,1,0,0,Nos,MYR,99999999,Nos,MYR,0,Nos,MYR,TRUE,1,0,Nos,MYR,0,Nos,MYR,0,Nos,MYR,0,Nos,MYR,"{""Implant Type Category"":""Large Fragment Plate"",""Plate Category"":""Large Fragment"",""Plate Type"":""LCP"",""Plate Profile"":""Anatomical"",""Total Holes"":7,""Combi Holes"":true,""Locking Mechanism"":""Variloc"",""Side"":""R"",""Anatomy"":""Distal Lateral Femoral""}",FALSE,,FALSE,
Ultimax Supply Sdn Bhd,24260109,"Distal Lateral Femoral LCP 5.0 (Variloc) (Right, 9H)",Plates,1000,10,0,Nos,WH-00347,0.1,Kg,0,Malaysia,,VA Distal Femoral LCP 4.5/5.0mm,FALSE,FALSE,,0,TRUE,1,0,0,Nos,MYR,99999999,Nos,MYR,0,Nos,MYR,TRUE,1,0,Nos,MYR,0,Nos,MYR,0,Nos,MYR,0,Nos,MYR,"{""Implant Type Category"":""Large Fragment Plate"",""Plate Category"":""Large Fragment"",""Plate Type"":""LCP"",""Plate Profile"":""Anatomical"",""Total Holes"":9,""Combi Holes"":true,""Locking Mechanism"":""Variloc"",""Side"":""R"",""Anatomy"":""Distal Lateral Femoral""}",FALSE,,FALSE,
Ultimax Supply Sdn Bhd,24260111,"Distal Lateral Femoral LCP 5.0 (Variloc) (Right, 11H)",Plates,1000,10,0,Nos,WH-00347,0.1,Kg,0,Malaysia,,VA Distal Femoral LCP 4.5/5.0mm,FALSE,FALSE,,0,TRUE,1,0,0,Nos,MYR,99999999,Nos,MYR,0,Nos,MYR,TRUE,1,0,Nos,MYR,0,Nos,MYR,0,Nos,MYR,0,Nos,MYR,"{""Implant Type Category"":""Large Fragment Plate"",""Plate Category"":""Large Fragment"",""Plate Type"":""LCP"",""Plate Profile"":""Anatomical"",""Total Holes"":11,""Combi Holes"":true,""Locking Mechanism"":""Variloc"",""Side"":""R"",""Anatomy"":""Distal Lateral Femoral""}",FALSE,,FALSE,
Ultimax Supply Sdn Bhd,24260113,"Distal Lateral Femoral LCP 5.0 (Variloc) (Right, 13H)",Plates,1000,10,0,Nos,WH-00347,0.1,Kg,0,Malaysia,,VA Distal Femoral LCP 4.5/5.0mm,FALSE,FALSE,,0,TRUE,1,0,0,Nos,MYR,99999999,Nos,MYR,0,Nos,MYR,TRUE,1,0,Nos,MYR,0,Nos,MYR,0,Nos,MYR,0,Nos,MYR,"{""Implant Type Category"":""Large Fragment Plate"",""Plate Category"":""Large Fragment"",""Plate Type"":""LCP"",""Plate Profile"":""Anatomical"",""Total Holes"":13,""Combi Holes"":true,""Locking Mechanism"":""Variloc"",""Side"":""R"",""Anatomy"":""Distal Lateral Femoral""}",FALSE,,FALSE,
Ultimax Supply Sdn Bhd,24260205,"Distal Lateral Femoral LCP 5.0 (Variloc) (Left, 5H)",Plates,1000,10,0,Nos,WH-00347,0.1,Kg,0,Malaysia,,VA Distal Femoral LCP 4.5/5.0mm,FALSE,FALSE,,0,TRUE,1,0,0,Nos,MYR,99999999,Nos,MYR,0,Nos,MYR,TRUE,1,0,Nos,MYR,0,Nos,MYR,0,Nos,MYR,0,Nos,MYR,"{""Implant Type Category"":""Large Fragment Plate"",""Plate Category"":""Large Fragment"",""Plate Type"":""LCP"",""Plate Profile"":""Anatomical"",""Total Holes"":5,""Combi Holes"":true,""Locking Mechanism"":""Variloc"",""Side"":""L"",""Anatomy"":""Distal Lateral Femoral""}",FALSE,,FALSE,
Ultimax Supply Sdn Bhd,24260207,"Distal Lateral Femoral LCP 5.0 (Variloc) (Left, 7H)",Plates,1000,10,0,Nos,WH-00347,0.1,Kg,0,Malaysia,,VA Distal Femoral LCP 4.5/5.0mm,FALSE,FALSE,,0,TRUE,1,0,0,Nos,MYR,99999999,Nos,MYR,0,Nos,MYR,TRUE,1,0,Nos,MYR,0,Nos,MYR,0,Nos,MYR,0,Nos,MYR,"{""Implant Type Category"":""Large Fragment Plate"",""Plate Category"":""Large Fragment"",""Plate Type"":""LCP"",""Plate Profile"":""Anatomical"",""Total Holes"":7,""Combi Holes"":true,""Locking Mechanism"":""Variloc"",""Side"":""L"",""Anatomy"":""Distal Lateral Femoral""}",FALSE,,FALSE,
Ultimax Supply Sdn Bhd,24260209,"Distal Lateral Femoral LCP 5.0 (Variloc) (Left, 9H)",Plates,1000,10,0,Nos,WH-00347,0.1,Kg,0,Malaysia,,VA Distal Femoral LCP 4.5/5.0mm,FALSE,FALSE,,0,TRUE,1,0,0,Nos,MYR,99999999,Nos,MYR,0,Nos,MYR,TRUE,1,0,Nos,MYR,0,Nos,MYR,0,Nos,MYR,0,Nos,MYR,"{""Implant Type Category"":""Large Fragment Plate"",""Plate Category"":""Large Fragment"",""Plate Type"":""LCP"",""Plate Profile"":""Anatomical"",""Total Holes"":9,""Combi Holes"":true,""Locking Mechanism"":""Variloc"",""Side"":""L"",""Anatomy"":""Distal Lateral Femoral""}",FALSE,,FALSE,
Ultimax Supply Sdn Bhd,24260211,"Distal Lateral Femoral LCP 5.0 (Variloc) (Left, 11H)",Plates,1000,10,0,Nos,WH-00347,0.1,Kg,0,Malaysia,,VA Distal Femoral LCP 4.5/5.0mm,FALSE,FALSE,,0,TRUE,1,0,0,Nos,MYR,99999999,Nos,MYR,0,Nos,MYR,TRUE,1,0,Nos,MYR,0,Nos,MYR,0,Nos,MYR,0,Nos,MYR,"{""Implant Type Category"":""Large Fragment Plate"",""Plate Category"":""Large Fragment"",""Plate Type"":""LCP"",""Plate Profile"":""Anatomical"",""Total Holes"":11,""Combi Holes"":true,""Locking Mechanism"":""Variloc"",""Side"":""L"",""Anatomy"":""Distal Lateral Femoral""}",FALSE,,FALSE,
Ultimax Supply Sdn Bhd,24260213,"Distal Lateral Femoral LCP 5.0 (Variloc) (Left, 13H)",Plates,1000,10,0,Nos,WH-00347,0.1,Kg,0,Malaysia,,VA Distal Femoral LCP 4.5/5.0mm,FALSE,FALSE,,0,TRUE,1,0,0,Nos,MYR,99999999,Nos,MYR,0,Nos,MYR,TRUE,1,0,Nos,MYR,0,Nos,MYR,0,Nos,MYR,0,Nos,MYR,"{""Implant Type Category"":""Large Fragment Plate"",""Plate Category"":""Large Fragment"",""Plate Type"":""LCP"",""Plate Profile"":""Anatomical"",""Total Holes"":13,""Combi Holes"":true,""Locking Mechanism"":""Variloc"",""Side"":""L"",""Anatomy"":""Distal Lateral Femoral""}",FALSE,,FALSE,
Ultimax Supply Sdn Bhd,24265009,Straight LCP 4.5/5.0 (9H),Plates,1000,10,0,Nos,WH-00347,0.15,Kg,0,Malaysia,,Broad LCP 4.5/5.0mm,FALSE,FALSE,,0,TRUE,1,0,0,Nos,MYR,99999999,Nos,MYR,0,Nos,MYR,TRUE,1,0,Nos,MYR,0,Nos,MYR,0,Nos,MYR,0,Nos,MYR,"{""Implant Type Category"":""Large Fragment Plate"",""Plate Category"":""Large Fragment"",""Plate Type"":""Straight"",""Plate Profile"":""Standard"",""Total Holes"":9,""Combi Holes"":true,""Locking Mechanism"":""Variloc"",""Anatomy"":""Straight""}",FALSE,,FALSE,
Ultimax Supply Sdn Bhd,24265010,Straight LCP 4.5/5.0 (10H),Plates,1000,10,0,Nos,WH-00347,0.15,Kg,0,Malaysia,,Broad LCP 4.5/5.0mm,FALSE,FALSE,,0,TRUE,1,0,0,Nos,MYR,99999999,Nos,MYR,0,Nos,MYR,TRUE,1,0,Nos,MYR,0,Nos,MYR,0,Nos,MYR,0,Nos,MYR,"{""Implant Type Category"":""Large Fragment Plate"",""Plate Category"":""Large Fragment"",""Plate Type"":""Straight"",""Plate Profile"":""Standard"",""Total Holes"":10,""Combi Holes"":true,""Locking Mechanism"":""Variloc"",""Anatomy"":""Straight""}",FALSE,,FALSE,
Ultimax Supply Sdn Bhd,24265011,Straight LCP 4.5/5.0 (11H),Plates,1000,10,0,Nos,WH-00347,0.15,Kg,0,Malaysia,,Broad LCP 4.5/5.0mm,FALSE,FALSE,,0,TRUE,1,0,0,Nos,MYR,99999999,Nos,MYR,0,Nos,MYR,TRUE,1,0,Nos,MYR,0,Nos,MYR,0,Nos,MYR,0,Nos,MYR,"{""Implant Type Category"":""Large Fragment Plate"",""Plate Category"":""Large Fragment"",""Plate Type"":""Straight"",""Plate Profile"":""Standard"",""Total Holes"":11,""Combi Holes"":true,""Locking Mechanism"":""Variloc"",""Anatomy"":""Straight""}",FALSE,,FALSE,
Ultimax Supply Sdn Bhd,24265012,Straight LCP 4.5/5.0 (12H),Plates,1000,10,0,Nos,WH-00347,0.15,Kg,0,Malaysia,,Broad LCP 4.5/5.0mm,FALSE,FALSE,,0,TRUE,1,0,0,Nos,MYR,99999999,Nos,MYR,0,Nos,MYR,TRUE,1,0,Nos,MYR,0,Nos,MYR,0,Nos,MYR,0,Nos,MYR,"{""Implant Type Category"":""Large Fragment Plate"",""Plate Category"":""Large Fragment"",""Plate Type"":""Straight"",""Plate Profile"":""Standard"",""Total Holes"":12,""Combi Holes"":true,""Locking Mechanism"":""Variloc"",""Anatomy"":""Straight""}",FALSE,,FALSE,
Ultimax Supply Sdn Bhd,24265013,Straight LCP 4.5/5.0 (13H),Plates,1000,10,0,Nos,WH-00347,0.15,Kg,0,Malaysia,,Broad LCP 4.5/5.0mm,FALSE,FALSE,,0,TRUE,1,0,0,Nos,MYR,99999999,Nos,MYR,0,Nos,MYR,TRUE,1,0,Nos,MYR,0,Nos,MYR,0,Nos,MYR,0,Nos,MYR,"{""Implant Type Category"":""Large Fragment Plate"",""Plate Category"":""Large Fragment"",""Plate Type"":""Straight"",""Plate Profile"":""Standard"",""Total Holes"":13,""Combi Holes"":true,""Locking Mechanism"":""Variloc"",""Anatomy"":""Straight""}",FALSE,,FALSE,
Ultimax Supply Sdn Bhd,24265014,Straight LCP 4.5/5.0 (14H),Plates,1000,10,0,Nos,WH-00347,0.15,Kg,0,Malaysia,,Broad LCP 4.5/5.0mm,FALSE,FALSE,,0,TRUE,1,0,0,Nos,MYR,99999999,Nos,MYR,0,Nos,MYR,TRUE,1,0,Nos,MYR,0,Nos,MYR,0,Nos,MYR,0,Nos,MYR,"{""Implant Type Category"":""Large Fragment Plate"",""Plate Category"":""Large Fragment"",""Plate Type"":""Straight"",""Plate Profile"":""Standard"",""Total Holes"":14,""Combi Holes"":true,""Locking Mechanism"":""Variloc"",""Anatomy"":""Straight""}",FALSE,,FALSE,
Ultimax Supply Sdn Bhd,24269109,"Proximal Lateral Tibia L LCP 3.5 (Variloc) (R,4+9H)",Plates,1000,10,0,Nos,WH-00347,0.1,Kg,0,Malaysia,,VA Proximal Lateral Tibial LCP 3.5mm,FALSE,FALSE,,0,TRUE,1,0,0,Nos,MYR,99999999,Nos,MYR,0,Nos,MYR,TRUE,1,0,Nos,MYR,0,Nos,MYR,0,Nos,MYR,0,Nos,MYR,"{""Implant Type Category"":""Small Fragment Plate"",""Plate Category"":""Small Fragment"",""Plate Type"":""LCP"",""Plate Profile"":""Anatomical"",""Total Holes"":13,""Combi Holes"":true,""Locking Mechanism"":""Variloc"",""Side"":""R"",""Anatomy"":""Proximal Lateral Tibia L"",""Body Hole Count"":9}",FALSE,,FALSE,
Ultimax Supply Sdn Bhd,24269111,"Proximal Lateral Tibia L LCP 3.5 (Variloc) (R,4+11H)",Plates,1000,10,0,Nos,WH-00347,0.1,Kg,0,Malaysia,,VA Proximal Lateral Tibial LCP 3.5mm,FALSE,FALSE,,0,TRUE,1,0,0,Nos,MYR,99999999,Nos,MYR,0,Nos,MYR,TRUE,1,0,Nos,MYR,0,Nos,MYR,0,Nos,MYR,0,Nos,MYR,"{""Implant Type Category"":""Small Fragment Plate"",""Plate Category"":""Small Fragment"",""Plate Type"":""LCP"",""Plate Profile"":""Anatomical"",""Total Holes"":15,""Combi Holes"":true,""Locking Mechanism"":""Variloc"",""Side"":""R"",""Anatomy"":""Proximal Lateral Tibia L"",""Body Hole Count"":11}",FALSE,,FALSE,
Ultimax Supply Sdn Bhd,24269113,"Proximal Lateral Tibia L LCP 3.5 (Variloc) (R,4+13H)",Plates,1000,10,0,Nos,WH-00347,0.1,Kg,0,Malaysia,,VA Proximal Lateral Tibial LCP 3.5mm,FALSE,FALSE,,0,TRUE,1,0,0,Nos,MYR,99999999,Nos,MYR,0,Nos,MYR,TRUE,1,0,Nos,MYR,0,Nos,MYR,0,Nos,MYR,0,Nos,MYR,"{""Implant Type Category"":""Small Fragment Plate"",""Plate Category"":""Small Fragment"",""Plate Type"":""LCP"",""Plate Profile"":""Anatomical"",""Total Holes"":17,""Combi Holes"":true,""Locking Mechanism"":""Variloc"",""Side"":""R"",""Anatomy"":""Proximal Lateral Tibia L"",""Body Hole Count"":13}",FALSE,,FALSE,
Ultimax Supply Sdn Bhd,24269115,"Proximal Lateral Tibia L LCP 3.5 (Variloc) (R,4+15H)",Plates,1000,10,0,Nos,WH-00347,0.1,Kg,0,Malaysia,,VA Proximal Lateral Tibial LCP 3.5mm,FALSE,FALSE,,0,TRUE,1,0,0,Nos,MYR,99999999,Nos,MYR,0,Nos,MYR,TRUE,1,0,Nos,MYR,0,Nos,MYR,0,Nos,MYR,0,Nos,MYR,"{""Implant Type Category"":""Small Fragment Plate"",""Plate Category"":""Small Fragment"",""Plate Type"":""LCP"",""Plate Profile"":""Anatomical"",""Total Holes"":19,""Combi Holes"":true,""Locking Mechanism"":""Variloc"",""Side"":""R"",""Anatomy"":""Proximal Lateral Tibia L"",""Body Hole Count"":15}",FALSE,,FALSE,
Ultimax Supply Sdn Bhd,24269209,"Proximal Lateral Tibia L LCP 3.5 (Variloc) (L,4+9H)",Plates,1000,10,0,Nos,WH-00347,0.1,Kg,0,Malaysia,,VA Proximal Lateral Tibial LCP 3.5mm,FALSE,FALSE,,0,TRUE,1,0,0,Nos,MYR,99999999,Nos,MYR,0,Nos,MYR,TRUE,1,0,Nos,MYR,0,Nos,MYR,0,Nos,MYR,0,Nos,MYR,"{""Implant Type Category"":""Small Fragment Plate"",""Plate Category"":""Small Fragment"",""Plate Type"":""LCP"",""Plate Profile"":""Anatomical"",""Total Holes"":13,""Combi Holes"":true,""Locking Mechanism"":""Variloc"",""Side"":""L"",""Anatomy"":""Proximal Lateral Tibia L"",""Body Hole Count"":9}",FALSE,,FALSE,
Ultimax Supply Sdn Bhd,24269211,"Proximal Lateral Tibia L LCP 3.5 (Variloc) (L,4+11H)",Plates,1000,10,0,Nos,WH-00347,0.1,Kg,0,Malaysia,,VA Proximal Lateral Tibial LCP 3.5mm,FALSE,FALSE,,0,TRUE,1,0,0,Nos,MYR,99999999,Nos,MYR,0,Nos,MYR,TRUE,1,0,Nos,MYR,0,Nos,MYR,0,Nos,MYR,0,Nos,MYR,"{""Implant Type Category"":""Small Fragment Plate"",""Plate Category"":""Small Fragment"",""Plate Type"":""LCP"",""Plate Profile"":""Anatomical"",""Total Holes"":15,""Combi Holes"":true,""Locking Mechanism"":""Variloc"",""Side"":""L"",""Anatomy"":""Proximal Lateral Tibia L"",""Body Hole Count"":11}",FALSE,,FALSE,
Ultimax Supply Sdn Bhd,24269213,"Proximal Lateral Tibia L LCP 3.5 (Variloc) (L,4+13H)",Plates,1000,10,0,Nos,WH-00347,0.1,Kg,0,Malaysia,,VA Proximal Lateral Tibial LCP 3.5mm,FALSE,FALSE,,0,TRUE,1,0,0,Nos,MYR,99999999,Nos,MYR,0,Nos,MYR,TRUE,1,0,Nos,MYR,0,Nos,MYR,0,Nos,MYR,0,Nos,MYR,"{""Implant Type Category"":""Small Fragment Plate"",""Plate Category"":""Small Fragment"",""Plate Type"":""LCP"",""Plate Profile"":""Anatomical"",""Total Holes"":17,""Combi Holes"":true,""Locking Mechanism"":""Variloc"",""Side"":""L"",""Anatomy"":""Proximal Lateral Tibia L"",""Body Hole Count"":13}",FALSE,,FALSE,
Ultimax Supply Sdn Bhd,24269215,"Proximal Lateral Tibia L LCP 3.5 (Variloc) (L,4+15H)",Plates,1000,10,0,Nos,WH-00347,0.1,Kg,0,Malaysia,,VA Proximal Lateral Tibial LCP 3.5mm,FALSE,FALSE,,0,TRUE,1,0,0,Nos,MYR,99999999,Nos,MYR,0,Nos,MYR,TRUE,1,0,Nos,MYR,0,Nos,MYR,0,Nos,MYR,0,Nos,MYR,"{""Implant Type Category"":""Small Fragment Plate"",""Plate Category"":""Small Fragment"",""Plate Type"":""LCP"",""Plate Profile"":""Anatomical"",""Total Holes"":19,""Combi Holes"":true,""Locking Mechanism"":""Variloc"",""Side"":""L"",""Anatomy"":""Proximal Lateral Tibia L"",""Body Hole Count"":15}",FALSE,,FALSE,
Ultimax Supply Sdn Bhd,24274006,Straight LCP 3.5 (Variloc) 4.0mm (6H),Plates,1000,10,0,Nos,WH-00347,0.08,Kg,0,Malaysia,,"VA Straight LCP 3.5mm, 4.0mm",FALSE,FALSE,,0,TRUE,1,0,0,Nos,MYR,99999999,Nos,MYR,0,Nos,MYR,TRUE,1,0,Nos,MYR,0,Nos,MYR,0,Nos,MYR,0,Nos,MYR,"{""Implant Type Category"":""Small Fragment Plate"",""Diameter"":4,""Plate Category"":""Small Fragment"",""Plate Type"":""Straight"",""Plate Profile"":""Standard"",""Total Holes"":6,""Combi Holes"":true,""Locking Mechanism"":""Variloc"",""Anatomy"":""Straight""}",FALSE,,FALSE,
Ultimax Supply Sdn Bhd,24274008,Straight LCP 3.5 (Variloc) 4.0mm (8H),Plates,1000,10,0,Nos,WH-00347,0.08,Kg,0,Malaysia,,"VA Straight LCP 3.5mm, 4.0mm",FALSE,FALSE,,0,TRUE,1,0,0,Nos,MYR,99999999,Nos,MYR,0,Nos,MYR,TRUE,1,0,Nos,MYR,0,Nos,MYR,0,Nos,MYR,0,Nos,MYR,"{""Implant Type Category"":""Small Fragment Plate"",""Diameter"":4,""Plate Category"":""Small Fragment"",""Plate Type"":""Straight"",""Plate Profile"":""Standard"",""Total Holes"":8,""Combi Holes"":true,""Locking Mechanism"":""Variloc"",""Anatomy"":""Straight""}",FALSE,,FALSE,
Ultimax Supply Sdn Bhd,24274010,Straight LCP 3.5 (Variloc) 4.0mm (10H),Plates,1000,10,0,Nos,WH-00347,0.08,Kg,0,Malaysia,,"VA Straight LCP 3.5mm, 4.0mm",FALSE,FALSE,,0,TRUE,1,0,0,Nos,MYR,99999999,Nos,MYR,0,Nos,MYR,TRUE,1,0,Nos,MYR,0,Nos,MYR,0,Nos,MYR,0,Nos,MYR,"{""Implant Type Category"":""Small Fragment Plate"",""Diameter"":4,""Plate Category"":""Small Fragment"",""Plate Type"":""Straight"",""Plate Profile"":""Standard"",""Total Holes"":10,""Combi Holes"":true,""Locking Mechanism"":""Variloc"",""Anatomy"":""Straight""}",FALSE,,FALSE,
Ultimax Supply Sdn Bhd,24274012,Straight LCP 3.5 (Variloc) 4.0mm (12H),Plates,1000,10,0,Nos,WH-00347,0.08,Kg,0,Malaysia,,"VA Straight LCP 3.5mm, 4.0mm",FALSE,FALSE,,0,TRUE,1,0,0,Nos,MYR,99999999,Nos,MYR,0,Nos,MYR,TRUE,1,0,Nos,MYR,0,Nos,MYR,0,Nos,MYR,0,Nos,MYR,"{""Implant Type Category"":""Small Fragment Plate"",""Diameter"":4,""Plate Category"":""Small Fragment"",""Plate Type"":""Straight"",""Plate Profile"":""Standard"",""Total Holes"":12,""Combi Holes"":true,""Locking Mechanism"":""Variloc"",""Anatomy"":""Straight""}",FALSE,,FALSE,
Ultimax Supply Sdn Bhd,24274014,Straight LCP 3.5 (Variloc) 4.0mm (14H),Plates,1000,10,0,Nos,WH-00347,0.08,Kg,0,Malaysia,,"VA Straight LCP 3.5mm, 4.0mm",FALSE,FALSE,,0,TRUE,1,0,0,Nos,MYR,99999999,Nos,MYR,0,Nos,MYR,TRUE,1,0,Nos,MYR,0,Nos,MYR,0,Nos,MYR,0,Nos,MYR,"{""Implant Type Category"":""Small Fragment Plate"",""Diameter"":4,""Plate Category"":""Small Fragment"",""Plate Type"":""Straight"",""Plate Profile"":""Standard"",""Total Holes"":14,""Combi Holes"":true,""Locking Mechanism"":""Variloc"",""Anatomy"":""Straight""}",FALSE,,FALSE,
Ultimax Supply Sdn Bhd,24274016,Straight LCP 3.5 (Variloc) 4.0mm (16H),Plates,1000,10,0,Nos,WH-00347,0.08,Kg,0,Malaysia,,"VA Straight LCP 3.5mm, 4.0mm",FALSE,FALSE,,0,TRUE,1,0,0,Nos,MYR,99999999,Nos,MYR,0,Nos,MYR,TRUE,1,0,Nos,MYR,0,Nos,MYR,0,Nos,MYR,0,Nos,MYR,"{""Implant Type Category"":""Small Fragment Plate"",""Diameter"":4,""Plate Category"":""Small Fragment"",""Plate Type"":""Straight"",""Plate Profile"":""Standard"",""Total Holes"":16,""Combi Holes"":true,""Locking Mechanism"":""Variloc"",""Anatomy"":""Straight""}",FALSE,,FALSE,
Ultimax Supply Sdn Bhd,24278102,"Distal Radius 2-Column Volar Plate 1 (R,7+2H,PT)",Plates,1000,10,0,Nos,WH-00347,0.03,Kg,0,Malaysia,,VA Distal Radius Two-Column LCP 2.7mm,FALSE,FALSE,,0,TRUE,1,0,0,Nos,MYR,99999999,Nos,MYR,0,Nos,MYR,TRUE,1,0,Nos,MYR,0,Nos,MYR,0,Nos,MYR,0,Nos,MYR,"{""Material"":""PT"",""Implant Type Category"":""Small Fragment Plate"",""Plate Category"":""Small Fragment"",""Plate Type"":""Volar"",""Plate Profile"":""Anatomical"",""Total Holes"":9,""Combi Holes"":true,""Locking Mechanism"":""Variloc"",""Side"":""R"",""Anatomy"":""Distal Radius -Column Volar Plate"",""Body Hole Count"":2}",FALSE,,FALSE,
Ultimax Supply Sdn Bhd,24278103,"Distal Radius 2-Column Volar Plate 1 (R,7+3H,PT)",Plates,1000,10,0,Nos,WH-00347,0.03,Kg,0,Malaysia,,VA Distal Radius Two-Column LCP 2.7mm,FALSE,FALSE,,0,TRUE,1,0,0,Nos,MYR,99999999,Nos,MYR,0,Nos,MYR,TRUE,1,0,Nos,MYR,0,Nos,MYR,0,Nos,MYR,0,Nos,MYR,"{""Material"":""PT"",""Implant Type Category"":""Small Fragment Plate"",""Plate Category"":""Small Fragment"",""Plate Type"":""Volar"",""Plate Profile"":""Anatomical"",""Total Holes"":10,""Combi Holes"":true,""Locking Mechanism"":""Variloc"",""Side"":""R"",""Anatomy"":""Distal Radius -Column Volar Plate"",""Body Hole Count"":3}",FALSE,,FALSE,
Ultimax Supply Sdn Bhd,24278202,"Distal Radius 2-Column Volar Plate 1 (L,7+2H,PT)",Plates,1000,10,0,Nos,WH-00347,0.03,Kg,0,Malaysia,,VA Distal Radius Two-Column LCP 2.7mm,FALSE,FALSE,,0,TRUE,1,0,0,Nos,MYR,99999999,Nos,MYR,0,Nos,MYR,TRUE,1,0,Nos,MYR,0,Nos,MYR,0,Nos,MYR,0,Nos,MYR,"{""Material"":""PT"",""Implant Type Category"":""Small Fragment Plate"",""Plate Category"":""Small Fragment"",""Plate Type"":""Volar"",""Plate Profile"":""Anatomical"",""Total Holes"":9,""Combi Holes"":true,""Locking Mechanism"":""Variloc"",""Side"":""L"",""Anatomy"":""Distal Radius -Column Volar Plate"",""Body Hole Count"":2}",FALSE,,FALSE,
Ultimax Supply Sdn Bhd,24278203,"Distal Radius 2-Column Volar Plate 1 (L,7+3H,PT)",Plates,1000,10,0,Nos,WH-00347,0.03,Kg,0,Malaysia,,VA Distal Radius Two-Column LCP 2.7mm,FALSE,FALSE,,0,TRUE,1,0,0,Nos,MYR,99999999,Nos,MYR,0,Nos,MYR,TRUE,1,0,Nos,MYR,0,Nos,MYR,0,Nos,MYR,0,Nos,MYR,"{""Material"":""PT"",""Implant Type Category"":""Small Fragment Plate"",""Plate Category"":""Small Fragment"",""Plate Type"":""Volar"",""Plate Profile"":""Anatomical"",""Total Holes"":10,""Combi Holes"":true,""Locking Mechanism"":""Variloc"",""Side"":""L"",""Anatomy"":""Distal Radius -Column Volar Plate"",""Body Hole Count"":3}",FALSE,,FALSE,
Ultimax Supply Sdn Bhd,24279102,"Distal Radius 2-Column Volar Plate 2 (R,7+2H,PT)",Plates,1000,10,0,Nos,WH-00347,0.03,Kg,0,Malaysia,,VA Distal Radius Two-Column LCP 2.7mm,FALSE,FALSE,,0,TRUE,1,0,0,Nos,MYR,99999999,Nos,MYR,0,Nos,MYR,TRUE,1,0,Nos,MYR,0,Nos,MYR,0,Nos,MYR,0,Nos,MYR,"{""Material"":""PT"",""Implant Type Category"":""Small Fragment Plate"",""Plate Category"":""Small Fragment"",""Plate Type"":""Volar"",""Plate Profile"":""Anatomical"",""Total Holes"":9,""Combi Holes"":true,""Locking Mechanism"":""Variloc"",""Side"":""R"",""Anatomy"":""Distal Radius -Column Volar Plate"",""Body Hole Count"":2}",FALSE,,FALSE,
Ultimax Supply Sdn Bhd,24279103,"Distal Radius 2-Column Volar Plate 2 (R,7+3H,PT)",Plates,1000,10,0,Nos,WH-00347,0.03,Kg,0,Malaysia,,VA Distal Radius Two-Column LCP 2.7mm,FALSE,FALSE,,0,TRUE,1,0,0,Nos,MYR,99999999,Nos,MYR,0,Nos,MYR,TRUE,1,0,Nos,MYR,0,Nos,MYR,0,Nos,MYR,0,Nos,MYR,"{""Material"":""PT"",""Implant Type Category"":""Small Fragment Plate"",""Plate Category"":""Small Fragment"",""Plate Type"":""Volar"",""Plate Profile"":""Anatomical"",""Total Holes"":10,""Combi Holes"":true,""Locking Mechanism"":""Variloc"",""Side"":""R"",""Anatomy"":""Distal Radius -Column Volar Plate"",""Body Hole Count"":3}",FALSE,,FALSE,
Ultimax Supply Sdn Bhd,24279202,"Distal Radius 2-Column Volar Plate 2 (L,7+2H,PT)",Plates,1000,10,0,Nos,WH-00347,0.03,Kg,0,Malaysia,,VA Distal Radius Two-Column LCP 2.7mm,FALSE,FALSE,,0,TRUE,1,0,0,Nos,MYR,99999999,Nos,MYR,0,Nos,MYR,TRUE,1,0,Nos,MYR,0,Nos,MYR,0,Nos,MYR,0,Nos,MYR,"{""Material"":""PT"",""Implant Type Category"":""Small Fragment Plate"",""Plate Category"":""Small Fragment"",""Plate Type"":""Volar"",""Plate Profile"":""Anatomical"",""Total Holes"":9,""Combi Holes"":true,""Locking Mechanism"":""Variloc"",""Side"":""L"",""Anatomy"":""Distal Radius -Column Volar Plate"",""Body Hole Count"":2}",FALSE,,FALSE,
Ultimax Supply Sdn Bhd,24279203,"Distal Radius 2-Column Volar Plate 2 (L,7+3H,PT)",Plates,1000,10,0,Nos,WH-00347,0.03,Kg,0,Malaysia,,VA Distal Radius Two-Column LCP 2.7mm,FALSE,FALSE,,0,TRUE,1,0,0,Nos,MYR,99999999,Nos,MYR,0,Nos,MYR,TRUE,1,0,Nos,MYR,0,Nos,MYR,0,Nos,MYR,0,Nos,MYR,"{""Material"":""PT"",""Implant Type Category"":""Small Fragment Plate"",""Plate Category"":""Small Fragment"",""Plate Type"":""Volar"",""Plate Profile"":""Anatomical"",""Total Holes"":10,""Combi Holes"":true,""Locking Mechanism"":""Variloc"",""Side"":""L"",""Anatomy"":""Distal Radius -Column Volar Plate"",""Body Hole Count"":3}",FALSE,,FALSE,
Ultimax Supply Sdn Bhd,24280102,"Distal Radius 2-Column Volar Plate 3 (R,7+2H,PT)",Plates,1000,10,0,Nos,WH-00347,0.03,Kg,0,Malaysia,,VA Distal Radius Two-Column LCP 2.7mm,FALSE,FALSE,,0,TRUE,1,0,0,Nos,MYR,99999999,Nos,MYR,0,Nos,MYR,TRUE,1,0,Nos,MYR,0,Nos,MYR,0,Nos,MYR,0,Nos,MYR,"{""Material"":""PT"",""Implant Type Category"":""Small Fragment Plate"",""Plate Category"":""Small Fragment"",""Plate Type"":""Volar"",""Plate Profile"":""Anatomical"",""Total Holes"":9,""Combi Holes"":true,""Locking Mechanism"":""Variloc"",""Side"":""R"",""Anatomy"":""Distal Radius -Column Volar Plate"",""Body Hole Count"":2}",FALSE,,FALSE,
Ultimax Supply Sdn Bhd,24280103,"Distal Radius 2-Column Volar Plate 3 (R,7+3H,PT)",Plates,1000,10,0,Nos,WH-00347,0.03,Kg,0,Malaysia,,VA Distal Radius Two-Column LCP 2.7mm,FALSE,FALSE,,0,TRUE,1,0,0,Nos,MYR,99999999,Nos,MYR,0,Nos,MYR,TRUE,1,0,Nos,MYR,0,Nos,MYR,0,Nos,MYR,0,Nos,MYR,"{""Material"":""PT"",""Implant Type Category"":""Small Fragment Plate"",""Plate Category"":""Small Fragment"",""Plate Type"":""Volar"",""Plate Profile"":""Anatomical"",""Total Holes"":10,""Combi Holes"":true,""Locking Mechanism"":""Variloc"",""Side"":""R"",""Anatomy"":""Distal Radius -Column Volar Plate"",""Body Hole Count"":3}",FALSE,,FALSE,
Ultimax Supply Sdn Bhd,24280202,"Distal Radius 2-Column Volar Plate 3 (L,7+2H,PT)",Plates,1000,10,0,Nos,WH-00347,0.03,Kg,0,Malaysia,,VA Distal Radius Two-Column LCP 2.7mm,FALSE,FALSE,,0,TRUE,1,0,0,Nos,MYR,99999999,Nos,MYR,0,Nos,MYR,TRUE,1,0,Nos,MYR,0,Nos,MYR,0,Nos,MYR,0,Nos,MYR,"{""Material"":""PT"",""Implant Type Category"":""Small Fragment Plate"",""Plate Category"":""Small Fragment"",""Plate Type"":""Volar"",""Plate Profile"":""Anatomical"",""Total Holes"":9,""Combi Holes"":true,""Locking Mechanism"":""Variloc"",""Side"":""L"",""Anatomy"":""Distal Radius -Column Volar Plate"",""Body Hole Count"":2}",FALSE,,FALSE,
Ultimax Supply Sdn Bhd,24280203,"Distal Radius 2-Column Volar Plate 3 (L,7+3H,PT)",Plates,1000,10,0,Nos,WH-00347,0.03,Kg,0,Malaysia,,VA Distal Radius Two-Column LCP 2.7mm,FALSE,FALSE,,0,TRUE,1,0,0,Nos,MYR,99999999,Nos,MYR,0,Nos,MYR,TRUE,1,0,Nos,MYR,0,Nos,MYR,0,Nos,MYR,0,Nos,MYR,"{""Material"":""PT"",""Implant Type Category"":""Small Fragment Plate"",""Plate Category"":""Small Fragment"",""Plate Type"":""Volar"",""Plate Profile"":""Anatomical"",""Total Holes"":10,""Combi Holes"":true,""Locking Mechanism"":""Variloc"",""Side"":""L"",""Anatomy"":""Distal Radius -Column Volar Plate"",""Body Hole Count"":3}",FALSE,,FALSE,
Ultimax Supply Sdn Bhd,24281104,"Clavicle Hook Plate (15mm,R,3+4H)",Plates,1000,10,0,Nos,WH-00347,0.06,Kg,0,Malaysia,,VA Clavicle Hook LCP 2.7/3.5mm,FALSE,FALSE,,0,TRUE,1,0,0,Nos,MYR,99999999,Nos,MYR,0,Nos,MYR,TRUE,1,0,Nos,MYR,0,Nos,MYR,0,Nos,MYR,0,Nos,MYR,"{""Implant Type Category"":""Large Fragment Plate"",""Diameter"":15,""Plate Category"":""Large Fragment"",""Plate Type"":""Hook Plate"",""Plate Profile"":""Anatomical"",""Total Holes"":7,""Combi Holes"":true,""Locking Mechanism"":""Variloc"",""Anatomy"":""Clavicle Hook Plate"",""Body Hole Count"":4}",FALSE,,FALSE,
Ultimax Supply Sdn Bhd,24281106,"Clavicle Hook Plate (15mm,R,3+6H)",Plates,1000,10,0,Nos,WH-00347,0.06,Kg,0,Malaysia,,VA Clavicle Hook LCP 2.7/3.5mm,FALSE,FALSE,,0,TRUE,1,0,0,Nos,MYR,99999999,Nos,MYR,0,Nos,MYR,TRUE,1,0,Nos,MYR,0,Nos,MYR,0,Nos,MYR,0,Nos,MYR,"{""Implant Type Category"":""Large Fragment Plate"",""Diameter"":15,""Plate Category"":""Large Fragment"",""Plate Type"":""Hook Plate"",""Plate Profile"":""Anatomical"",""Total Holes"":9,""Combi Holes"":true,""Locking Mechanism"":""Variloc"",""Anatomy"":""Clavicle Hook Plate"",""Body Hole Count"":6}",FALSE,,FALSE,
Ultimax Supply Sdn Bhd,24281204,"Clavicle Hook Plate (15mm,L,3+4H)",Plates,1000,10,0,Nos,WH-00347,0.06,Kg,0,Malaysia,,VA Clavicle Hook LCP 2.7/3.5mm,FALSE,FALSE,,0,TRUE,1,0,0,Nos,MYR,99999999,Nos,MYR,0,Nos,MYR,TRUE,1,0,Nos,MYR,0,Nos,MYR,0,Nos,MYR,0,Nos,MYR,"{""Implant Type Category"":""Large Fragment Plate"",""Diameter"":15,""Plate Category"":""Large Fragment"",""Plate Type"":""Hook Plate"",""Plate Profile"":""Anatomical"",""Total Holes"":7,""Combi Holes"":true,""Locking Mechanism"":""Variloc"",""Anatomy"":""Clavicle Hook Plate"",""Body Hole Count"":4}",FALSE,,FALSE,
Ultimax Supply Sdn Bhd,24281206,"Clavicle Hook Plate (15mm,L,3+6H)",Plates,1000,10,0,Nos,WH-00347,0.06,Kg,0,Malaysia,,VA Clavicle Hook LCP 2.7/3.5mm,FALSE,FALSE,,0,TRUE,1,0,0,Nos,MYR,99999999,Nos,MYR,0,Nos,MYR,TRUE,1,0,Nos,MYR,0,Nos,MYR,0,Nos,MYR,0,Nos,MYR,"{""Implant Type Category"":""Large Fragment Plate"",""Diameter"":15,""Plate Category"":""Large Fragment"",""Plate Type"":""Hook Plate"",""Plate Profile"":""Anatomical"",""Total Holes"":9,""Combi Holes"":true,""Locking Mechanism"":""Variloc"",""Anatomy"":""Clavicle Hook Plate"",""Body Hole Count"":6}",FALSE,,FALSE,
Ultimax Supply Sdn Bhd,24282103,"Clavicle Hook Plate (12mm,R,3+3H)",Plates,1000,10,0,Nos,WH-00347,0.06,Kg,0,Malaysia,,VA Clavicle Hook LCP 2.7/3.5mm,FALSE,FALSE,,0,TRUE,1,0,0,Nos,MYR,99999999,Nos,MYR,0,Nos,MYR,TRUE,1,0,Nos,MYR,0,Nos,MYR,0,Nos,MYR,0,Nos,MYR,"{""Implant Type Category"":""Large Fragment Plate"",""Diameter"":12,""Plate Category"":""Large Fragment"",""Plate Type"":""Hook Plate"",""Plate Profile"":""Anatomical"",""Total Holes"":6,""Combi Holes"":true,""Locking Mechanism"":""Variloc"",""Anatomy"":""Clavicle Hook Plate"",""Body Hole Count"":3}",FALSE,,FALSE,
Ultimax Supply Sdn Bhd,24282105,"Clavicle Hook Plate (12mm,R,3+5H)",Plates,1000,10,0,Nos,WH-00347,0.06,Kg,0,Malaysia,,VA Clavicle Hook LCP 2.7/3.5mm,FALSE,FALSE,,0,TRUE,1,0,0,Nos,MYR,99999999,Nos,MYR,0,Nos,MYR,TRUE,1,0,Nos,MYR,0,Nos,MYR,0,Nos,MYR,0,Nos,MYR,"{""Implant Type Category"":""Large Fragment Plate"",""Diameter"":12,""Plate Category"":""Large Fragment"",""Plate Type"":""Hook Plate"",""Plate Profile"":""Anatomical"",""Total Holes"":8,""Combi Holes"":true,""Locking Mechanism"":""Variloc"",""Anatomy"":""Clavicle Hook Plate"",""Body Hole Count"":5}",FALSE,,FALSE,
Ultimax Supply Sdn Bhd,24282203,"Clavicle Hook Plate (12mm,L,3+3H)",Plates,1000,10,0,Nos,WH-00347,0.06,Kg,0,Malaysia,,VA Clavicle Hook LCP 2.7/3.5mm,FALSE,FALSE,,0,TRUE,1,0,0,Nos,MYR,99999999,Nos,MYR,0,Nos,MYR,TRUE,1,0,Nos,MYR,0,Nos,MYR,0,Nos,MYR,0,Nos,MYR,"{""Implant Type Category"":""Large Fragment Plate"",""Diameter"":12,""Plate Category"":""Large Fragment"",""Plate Type"":""Hook Plate"",""Plate Profile"":""Anatomical"",""Total Holes"":6,""Combi Holes"":true,""Locking Mechanism"":""Variloc"",""Anatomy"":""Clavicle Hook Plate"",""Body Hole Count"":3}",FALSE,,FALSE,
Ultimax Supply Sdn Bhd,24282205,"Clavicle Hook Plate (12mm,L,3+5H)",Plates,1000,10,0,Nos,WH-00347,0.06,Kg,0,Malaysia,,VA Clavicle Hook LCP 2.7/3.5mm,FALSE,FALSE,,0,TRUE,1,0,0,Nos,MYR,99999999,Nos,MYR,0,Nos,MYR,TRUE,1,0,Nos,MYR,0,Nos,MYR,0,Nos,MYR,0,Nos,MYR,"{""Implant Type Category"":""Large Fragment Plate"",""Diameter"":12,""Plate Category"":""Large Fragment"",""Plate Type"":""Hook Plate"",""Plate Profile"":""Anatomical"",""Total Holes"":8,""Combi Holes"":true,""Locking Mechanism"":""Variloc"",""Anatomy"":""Clavicle Hook Plate"",""Body Hole Count"":5}",FALSE,,FALSE,
Ultimax Supply Sdn Bhd,24283104,"Clavicle Hook Plate (18mm,R,3+4H)",Plates,1000,10,0,Nos,WH-00347,0.06,Kg,0,Malaysia,,VA Clavicle Hook LCP 2.7/3.5mm,FALSE,FALSE,,0,TRUE,1,0,0,Nos,MYR,99999999,Nos,MYR,0,Nos,MYR,TRUE,1,0,Nos,MYR,0,Nos,MYR,0,Nos,MYR,0,Nos,MYR,"{""Implant Type Category"":""Large Fragment Plate"",""Diameter"":18,""Plate Category"":""Large Fragment"",""Plate Type"":""Hook Plate"",""Plate Profile"":""Anatomical"",""Total Holes"":7,""Combi Holes"":true,""Locking Mechanism"":""Variloc"",""Anatomy"":""Clavicle Hook Plate"",""Body Hole Count"":4}",FALSE,,FALSE,
Ultimax Supply Sdn Bhd,24283106,"Clavicle Hook Plate (18mm,R,3+6H)",Plates,1000,10,0,Nos,WH-00347,0.06,Kg,0,Malaysia,,VA Clavicle Hook LCP 2.7/3.5mm,FALSE,FALSE,,0,TRUE,1,0,0,Nos,MYR,99999999,Nos,MYR,0,Nos,MYR,TRUE,1,0,Nos,MYR,0,Nos,MYR,0,Nos,MYR,0,Nos,MYR,"{""Implant Type Category"":""Large Fragment Plate"",""Diameter"":18,""Plate Category"":""Large Fragment"",""Plate Type"":""Hook Plate"",""Plate Profile"":""Anatomical"",""Total Holes"":9,""Combi Holes"":true,""Locking Mechanism"":""Variloc"",""Anatomy"":""Clavicle Hook Plate"",""Body Hole Count"":6}",FALSE,,FALSE,
Ultimax Supply Sdn Bhd,24283204,"Clavicle Hook Plate (18mm,L,3+4H)",Plates,1000,10,0,Nos,WH-00347,0.06,Kg,0,Malaysia,,VA Clavicle Hook LCP 2.7/3.5mm,FALSE,FALSE,,0,TRUE,1,0,0,Nos,MYR,99999999,Nos,MYR,0,Nos,MYR,TRUE,1,0,Nos,MYR,0,Nos,MYR,0,Nos,MYR,0,Nos,MYR,"{""Implant Type Category"":""Large Fragment Plate"",""Diameter"":18,""Plate Category"":""Large Fragment"",""Plate Type"":""Hook Plate"",""Plate Profile"":""Anatomical"",""Total Holes"":7,""Combi Holes"":true,""Locking Mechanism"":""Variloc"",""Anatomy"":""Clavicle Hook Plate"",""Body Hole Count"":4}",FALSE,,FALSE,
Ultimax Supply Sdn Bhd,24283206,"Clavicle Hook Plate (18mm,L,3+6H)",Plates,1000,10,0,Nos,WH-00347,0.06,Kg,0,Malaysia,,VA Clavicle Hook LCP 2.7/3.5mm,FALSE,FALSE,,0,TRUE,1,0,0,Nos,MYR,99999999,Nos,MYR,0,Nos,MYR,TRUE,1,0,Nos,MYR,0,Nos,MYR,0,Nos,MYR,0,Nos,MYR,"{""Implant Type Category"":""Large Fragment Plate"",""Diameter"":18,""Plate Category"":""Large Fragment"",""Plate Type"":""Hook Plate"",""Plate Profile"":""Anatomical"",""Total Holes"":9,""Combi Holes"":true,""Locking Mechanism"":""Variloc"",""Anatomy"":""Clavicle Hook Plate"",""Body Hole Count"":6}",FALSE,,FALSE,
Ultimax Supply Sdn Bhd,24285005,Philos 3.5mm (9+5H),Plates,1000,10,0,Nos,WH-00347,0.06,Kg,0,Malaysia,,VA Proximal Humerus LCP 3.5mm,FALSE,FALSE,,0,TRUE,1,0,0,Nos,MYR,99999999,Nos,MYR,0,Nos,MYR,TRUE,1,0,Nos,MYR,0,Nos,MYR,0,Nos,MYR,0,Nos,MYR,"{""Implant Type Category"":""Small Fragment Plate"",""Diameter"":3.5,""Plate Category"":""Small Fragment"",""Plate Type"":""LCP"",""Plate Profile"":""Anatomical"",""Total Holes"":14,""Combi Holes"":true,""Locking Mechanism"":""Variloc"",""Anatomy"":""Philos"",""Body Hole Count"":5}",FALSE,,FALSE,
Ultimax Supply Sdn Bhd,24285008,Philos 3.5mm (9+8H),Plates,1000,10,0,Nos,WH-00347,0.06,Kg,0,Malaysia,,VA Proximal Humerus LCP 3.5mm,FALSE,FALSE,,0,TRUE,1,0,0,Nos,MYR,99999999,Nos,MYR,0,Nos,MYR,TRUE,1,0,Nos,MYR,0,Nos,MYR,0,Nos,MYR,0,Nos,MYR,"{""Implant Type Category"":""Small Fragment Plate"",""Diameter"":3.5,""Plate Category"":""Small Fragment"",""Plate Type"":""LCP"",""Plate Profile"":""Anatomical"",""Total Holes"":17,""Combi Holes"":true,""Locking Mechanism"":""Variloc"",""Anatomy"":""Philos"",""Body Hole Count"":8}",FALSE,,FALSE,
Ultimax Supply Sdn Bhd,24289006,Distal Lateral Ulna LCP (6H),Plates,1000,10,0,Nos,WH-00347,0.06,Kg,0,Malaysia,,VA Distal Lateral Ulna LCP 2.7mm,FALSE,FALSE,,0,TRUE,1,0,0,Nos,MYR,99999999,Nos,MYR,0,Nos,MYR,TRUE,1,0,Nos,MYR,0,Nos,MYR,0,Nos,MYR,0,Nos,MYR,"{""Implant Type Category"":""Small Fragment Plate"",""Plate Category"":""Small Fragment"",""Plate Type"":""LCP"",""Plate Profile"":""Anatomical"",""Total Holes"":6,""Combi Holes"":true,""Locking Mechanism"":""Variloc"",""Anatomy"":""Distal Lateral Ulna""}",FALSE,,FALSE,
Ultimax Supply Sdn Bhd,24289007,Distal Lateral Ulna LCP (7H),Plates,1000,10,0,Nos,WH-00347,0.06,Kg,0,Malaysia,,VA Distal Lateral Ulna LCP 2.7mm,FALSE,FALSE,,0,TRUE,1,0,0,Nos,MYR,99999999,Nos,MYR,0,Nos,MYR,TRUE,1,0,Nos,MYR,0,Nos,MYR,0,Nos,MYR,0,Nos,MYR,"{""Implant Type Category"":""Small Fragment Plate"",""Plate Category"":""Small Fragment"",""Plate Type"":""LCP"",""Plate Profile"":""Anatomical"",""Total Holes"":7,""Combi Holes"":true,""Locking Mechanism"":""Variloc"",""Anatomy"":""Distal Lateral Ulna""}",FALSE,,FALSE,
Ultimax Supply Sdn Bhd,24291103,"Distal Dorsal Humerus LCP (R,6+3H)",Plates,1000,10,0,Nos,WH-00347,0.1,Kg,0,Malaysia,,VA Distal Dorsal Lateral Humerus LCP 2.7/3.5mm,FALSE,FALSE,,0,TRUE,1,0,0,Nos,MYR,99999999,Nos,MYR,0,Nos,MYR,TRUE,1,0,Nos,MYR,0,Nos,MYR,0,Nos,MYR,0,Nos,MYR,"{""Implant Type Category"":""Small Fragment Plate"",""Plate Category"":""Small Fragment"",""Plate Type"":""Dorsal"",""Plate Profile"":""Anatomical"",""Total Holes"":9,""Combi Holes"":true,""Locking Mechanism"":""Variloc"",""Side"":""R"",""Anatomy"":""Distal Dorsal Humerus"",""Body Hole Count"":3}",FALSE,,FALSE,
Ultimax Supply Sdn Bhd,24291105,"Distal Dorsal Humerus LCP (R,6+5H)",Plates,1000,10,0,Nos,WH-00347,0.1,Kg,0,Malaysia,,VA Distal Dorsal Lateral Humerus LCP 2.7/3.5mm,FALSE,FALSE,,0,TRUE,1,0,0,Nos,MYR,99999999,Nos,MYR,0,Nos,MYR,TRUE,1,0,Nos,MYR,0,Nos,MYR,0,Nos,MYR,0,Nos,MYR,"{""Implant Type Category"":""Small Fragment Plate"",""Plate Category"":""Small Fragment"",""Plate Type"":""Dorsal"",""Plate Profile"":""Anatomical"",""Total Holes"":11,""Combi Holes"":true,""Locking Mechanism"":""Variloc"",""Side"":""R"",""Anatomy"":""Distal Dorsal Humerus"",""Body Hole Count"":5}",FALSE,,FALSE,
Ultimax Supply Sdn Bhd,24291107,"Distal Dorsal Humerus LCP (R,6+7H)",Plates,1000,10,0,Nos,WH-00347,0.1,Kg,0,Malaysia,,VA Distal Dorsal Lateral Humerus LCP 2.7/3.5mm,FALSE,FALSE,,0,TRUE,1,0,0,Nos,MYR,99999999,Nos,MYR,0,Nos,MYR,TRUE,1,0,Nos,MYR,0,Nos,MYR,0,Nos,MYR,0,Nos,MYR,"{""Implant Type Category"":""Small Fragment Plate"",""Plate Category"":""Small Fragment"",""Plate Type"":""Dorsal"",""Plate Profile"":""Anatomical"",""Total Holes"":13,""Combi Holes"":true,""Locking Mechanism"":""Variloc"",""Side"":""R"",""Anatomy"":""Distal Dorsal Humerus"",""Body Hole Count"":7}",FALSE,,FALSE,
Ultimax Supply Sdn Bhd,24291109,"Distal Dorsal Humerus LCP (R,6+9H)",Plates,1000,10,0,Nos,WH-00347,0.1,Kg,0,Malaysia,,VA Distal Dorsal Lateral Humerus LCP 2.7/3.5mm,FALSE,FALSE,,0,TRUE,1,0,0,Nos,MYR,99999999,Nos,MYR,0,Nos,MYR,TRUE,1,0,Nos,MYR,0,Nos,MYR,0,Nos,MYR,0,Nos,MYR,"{""Implant Type Category"":""Small Fragment Plate"",""Plate Category"":""Small Fragment"",""Plate Type"":""Dorsal"",""Plate Profile"":""Anatomical"",""Total Holes"":15,""Combi Holes"":true,""Locking Mechanism"":""Variloc"",""Side"":""R"",""Anatomy"":""Distal Dorsal Humerus"",""Body Hole Count"":9}",FALSE,,FALSE,
Ultimax Supply Sdn Bhd,24291114,"Distal Dorsal Humerus LCP (R,6+14H)",Plates,1000,10,0,Nos,WH-00347,0.1,Kg,0,Malaysia,,VA Distal Dorsal Lateral Humerus LCP 2.7/3.5mm,FALSE,FALSE,,0,TRUE,1,0,0,Nos,MYR,99999999,Nos,MYR,0,Nos,MYR,TRUE,1,0,Nos,MYR,0,Nos,MYR,0,Nos,MYR,0,Nos,MYR,"{""Implant Type Category"":""Small Fragment Plate"",""Plate Category"":""Small Fragment"",""Plate Type"":""Dorsal"",""Plate Profile"":""Anatomical"",""Total Holes"":20,""Combi Holes"":true,""Locking Mechanism"":""Variloc"",""Side"":""R"",""Anatomy"":""Distal Dorsal Humerus"",""Body Hole Count"":14}",FALSE,,FALSE,
Ultimax Supply Sdn Bhd,24291203,"Distal Dorsal Humerus LCP (L,6+3H)",Plates,1000,10,0,Nos,WH-00347,0.1,Kg,0,Malaysia,,VA Distal Dorsal Lateral Humerus LCP 2.7/3.5mm,FALSE,FALSE,,0,TRUE,1,0,0,Nos,MYR,99999999,Nos,MYR,0,Nos,MYR,TRUE,1,0,Nos,MYR,0,Nos,MYR,0,Nos,MYR,0,Nos,MYR,"{""Implant Type Category"":""Small Fragment Plate"",""Plate Category"":""Small Fragment"",""Plate Type"":""Dorsal"",""Plate Profile"":""Anatomical"",""Total Holes"":9,""Combi Holes"":true,""Locking Mechanism"":""Variloc"",""Side"":""L"",""Anatomy"":""Distal Dorsal Humerus"",""Body Hole Count"":3}",FALSE,,FALSE,
Ultimax Supply Sdn Bhd,24291205,"Distal Dorsal Humerus LCP (L,6+5H)",Plates,1000,10,0,Nos,WH-00347,0.1,Kg,0,Malaysia,,VA Distal Dorsal Lateral Humerus LCP 2.7/3.5mm,FALSE,FALSE,,0,TRUE,1,0,0,Nos,MYR,99999999,Nos,MYR,0,Nos,MYR,TRUE,1,0,Nos,MYR,0,Nos,MYR,0,Nos,MYR,0,Nos,MYR,"{""Implant Type Category"":""Small Fragment Plate"",""Plate Category"":""Small Fragment"",""Plate Type"":""Dorsal"",""Plate Profile"":""Anatomical"",""Total Holes"":11,""Combi Holes"":true,""Locking Mechanism"":""Variloc"",""Side"":""L"",""Anatomy"":""Distal Dorsal Humerus"",""Body Hole Count"":5}",FALSE,,FALSE,
Ultimax Supply Sdn Bhd,24291207,"Distal Dorsal Humerus LCP (L,6+7H)",Plates,1000,10,0,Nos,WH-00347,0.1,Kg,0,Malaysia,,VA Distal Dorsal Lateral Humerus LCP 2.7/3.5mm,FALSE,FALSE,,0,TRUE,1,0,0,Nos,MYR,99999999,Nos,MYR,0,Nos,MYR,TRUE,1,0,Nos,MYR,0,Nos,MYR,0,Nos,MYR,0,Nos,MYR,"{""Implant Type Category"":""Small Fragment Plate"",""Plate Category"":""Small Fragment"",""Plate Type"":""Dorsal"",""Plate Profile"":""Anatomical"",""Total Holes"":13,""Combi Holes"":true,""Locking Mechanism"":""Variloc"",""Side"":""L"",""Anatomy"":""Distal Dorsal Humerus"",""Body Hole Count"":7}",FALSE,,FALSE,
Ultimax Supply Sdn Bhd,24291209,"Distal Dorsal Humerus LCP (L,6+9H)",Plates,1000,10,0,Nos,WH-00347,0.1,Kg,0,Malaysia,,VA Distal Dorsal Lateral Humerus LCP 2.7/3.5mm,FALSE,FALSE,,0,TRUE,1,0,0,Nos,MYR,99999999,Nos,MYR,0,Nos,MYR,TRUE,1,0,Nos,MYR,0,Nos,MYR,0,Nos,MYR,0,Nos,MYR,"{""Implant Type Category"":""Small Fragment Plate"",""Plate Category"":""Small Fragment"",""Plate Type"":""Dorsal"",""Plate Profile"":""Anatomical"",""Total Holes"":15,""Combi Holes"":true,""Locking Mechanism"":""Variloc"",""Side"":""L"",""Anatomy"":""Distal Dorsal Humerus"",""Body Hole Count"":9}",FALSE,,FALSE,
Ultimax Supply Sdn Bhd,24291214,"Distal Dorsal Humerus LCP (L,6+14H)",Plates,1000,10,0,Nos,WH-00347,0.1,Kg,0,Malaysia,,VA Distal Dorsal Lateral Humerus LCP 2.7/3.5mm,FALSE,FALSE,,0,TRUE,1,0,0,Nos,MYR,99999999,Nos,MYR,0,Nos,MYR,TRUE,1,0,Nos,MYR,0,Nos,MYR,0,Nos,MYR,0,Nos,MYR,"{""Implant Type Category"":""Small Fragment Plate"",""Plate Category"":""Small Fragment"",""Plate Type"":""Dorsal"",""Plate Profile"":""Anatomical"",""Total Holes"":20,""Combi Holes"":true,""Locking Mechanism"":""Variloc"",""Side"":""L"",""Anatomy"":""Distal Dorsal Humerus"",""Body Hole Count"":14}",FALSE,,FALSE,
Ultimax Supply Sdn Bhd,24292104,"Distal Radius Volar Juxta , 2.7, R (R,6+4H,PT)",Plates,1000,10,0,Nos,WH-00347,0.03,Kg,0,Malaysia,,VA Distal Radius Volar Juxta LCP 2.7mm,FALSE,FALSE,,0,TRUE,1,0,0,Nos,MYR,99999999,Nos,MYR,0,Nos,MYR,TRUE,1,0,Nos,MYR,0,Nos,MYR,0,Nos,MYR,0,Nos,MYR,"{""Material"":""PT"",""Implant Type Category"":""Small Fragment Plate"",""Plate Category"":""Small Fragment"",""Plate Type"":""Volar"",""Plate Profile"":""Anatomical"",""Total Holes"":10,""Combi Holes"":true,""Locking Mechanism"":""Variloc"",""Side"":""R"",""Anatomy"":""Distal Radius Volar Juxta , , R"",""Body Hole Count"":4}",FALSE,,FALSE,
Ultimax Supply Sdn Bhd,24292204,"Distal Radius Volar Juxta , 2.7, L (L,6+4H,PT)",Plates,1000,10,0,Nos,WH-00347,0.03,Kg,0,Malaysia,,VA Distal Radius Volar Juxta LCP 2.7mm,FALSE,FALSE,,0,TRUE,1,0,0,Nos,MYR,99999999,Nos,MYR,0,Nos,MYR,TRUE,1,0,Nos,MYR,0,Nos,MYR,0,Nos,MYR,0,Nos,MYR,"{""Material"":""PT"",""Implant Type Category"":""Small Fragment Plate"",""Plate Category"":""Small Fragment"",""Plate Type"":""Volar"",""Plate Profile"":""Anatomical"",""Total Holes"":10,""Combi Holes"":true,""Locking Mechanism"":""Variloc"",""Side"":""L"",""Anatomy"":""Distal Radius Volar Juxta , , L"",""Body Hole Count"":4}",FALSE,,FALSE,
Ultimax Supply Sdn Bhd,24296104,"Distal Radius Volar Juxta , 2.7, R (R,7+4H,PT)",Plates,1000,10,0,Nos,WH-00347,0.03,Kg,0,Malaysia,,VA Distal Radius Volar Juxta LCP 2.7mm,FALSE,FALSE,,0,TRUE,1,0,0,Nos,MYR,99999999,Nos,MYR,0,Nos,MYR,TRUE,1,0,Nos,MYR,0,Nos,MYR,0,Nos,MYR,0,Nos,MYR,"{""Material"":""PT"",""Implant Type Category"":""Small Fragment Plate"",""Plate Category"":""Small Fragment"",""Plate Type"":""Volar"",""Plate Profile"":""Anatomical"",""Total Holes"":11,""Combi Holes"":true,""Locking Mechanism"":""Variloc"",""Side"":""R"",""Anatomy"":""Distal Radius Volar Juxta , , R"",""Body Hole Count"":4}",FALSE,,FALSE,
Ultimax Supply Sdn Bhd,24296204,"Distal Radius Volar Juxta , 2.7, L (L,7+4H,PT)",Plates,1000,10,0,Nos,WH-00347,0.03,Kg,0,Malaysia,,VA Distal Radius Volar Juxta LCP 2.7mm,FALSE,FALSE,,0,TRUE,1,0,0,Nos,MYR,99999999,Nos,MYR,0,Nos,MYR,TRUE,1,0,Nos,MYR,0,Nos,MYR,0,Nos,MYR,0,Nos,MYR,"{""Material"":""PT"",""Implant Type Category"":""Small Fragment Plate"",""Plate Category"":""Small Fragment"",""Plate Type"":""Volar"",""Plate Profile"":""Anatomical"",""Total Holes"":11,""Combi Holes"":true,""Locking Mechanism"":""Variloc"",""Side"":""L"",""Anatomy"":""Distal Radius Volar Juxta , , L"",""Body Hole Count"":4}",FALSE,,FALSE,
Ultimax Supply Sdn Bhd,24299006,Straight LCP 3.5 (Variloc) 3.2mm (6H),Plates,1000,10,0,Nos,WH-00347,0.08,Kg,0,Malaysia,,"VA Straight LCP 3.5mm, 3.2mm",FALSE,FALSE,,0,TRUE,1,0,0,Nos,MYR,99999999,Nos,MYR,0,Nos,MYR,TRUE,1,0,Nos,MYR,0,Nos,MYR,0,Nos,MYR,0,Nos,MYR,"{""Implant Type Category"":""Small Fragment Plate"",""Diameter"":3.2,""Plate Category"":""Small Fragment"",""Plate Type"":""Straight"",""Plate Profile"":""Standard"",""Total Holes"":6,""Combi Holes"":true,""Locking Mechanism"":""Variloc"",""Anatomy"":""Straight""}",FALSE,,FALSE,
Ultimax Supply Sdn Bhd,24299008,Straight LCP 3.5 (Variloc) 3.2mm (8H),Plates,1000,10,0,Nos,WH-00347,0.08,Kg,0,Malaysia,,"VA Straight LCP 3.5mm, 3.2mm",FALSE,FALSE,,0,TRUE,1,0,0,Nos,MYR,99999999,Nos,MYR,0,Nos,MYR,TRUE,1,0,Nos,MYR,0,Nos,MYR,0,Nos,MYR,0,Nos,MYR,"{""Implant Type Category"":""Small Fragment Plate"",""Diameter"":3.2,""Plate Category"":""Small Fragment"",""Plate Type"":""Straight"",""Plate Profile"":""Standard"",""Total Holes"":8,""Combi Holes"":true,""Locking Mechanism"":""Variloc"",""Anatomy"":""Straight""}",FALSE,,FALSE,
Ultimax Supply Sdn Bhd,24299010,Straight LCP 3.5 (Variloc) 3.2mm (10H),Plates,1000,10,0,Nos,WH-00347,0.08,Kg,0,Malaysia,,"VA Straight LCP 3.5mm, 3.2mm",FALSE,FALSE,,0,TRUE,1,0,0,Nos,MYR,99999999,Nos,MYR,0,Nos,MYR,TRUE,1,0,Nos,MYR,0,Nos,MYR,0,Nos,MYR,0,Nos,MYR,"{""Implant Type Category"":""Small Fragment Plate"",""Diameter"":3.2,""Plate Category"":""Small Fragment"",""Plate Type"":""Straight"",""Plate Profile"":""Standard"",""Total Holes"":10,""Combi Holes"":true,""Locking Mechanism"":""Variloc"",""Anatomy"":""Straight""}",FALSE,,FALSE,
Ultimax Supply Sdn Bhd,24299012,Straight LCP 3.5 (Variloc) 3.2mm (12H),Plates,1000,10,0,Nos,WH-00347,0.08,Kg,0,Malaysia,,"VA Straight LCP 3.5mm, 3.2mm",FALSE,FALSE,,0,TRUE,1,0,0,Nos,MYR,99999999,Nos,MYR,0,Nos,MYR,TRUE,1,0,Nos,MYR,0,Nos,MYR,0,Nos,MYR,0,Nos,MYR,"{""Implant Type Category"":""Small Fragment Plate"",""Diameter"":3.2,""Plate Category"":""Small Fragment"",""Plate Type"":""Straight"",""Plate Profile"":""Standard"",""Total Holes"":12,""Combi Holes"":true,""Locking Mechanism"":""Variloc"",""Anatomy"":""Straight""}",FALSE,,FALSE,
Ultimax Supply Sdn Bhd,26002108,"Distal Lateral Fibular LCP II (Right, 5+3H)",Plates,1000,10,0,Nos,WH-00347,0.06,Kg,0,Malaysia,,VA Distal Fibular LCP 2.7/3.5mm,FALSE,FALSE,,0,TRUE,1,0,0,Nos,MYR,99999999,Nos,MYR,0,Nos,MYR,TRUE,1,0,Nos,MYR,0,Nos,MYR,0,Nos,MYR,0,Nos,MYR,"{""Implant Type Category"":""Small Fragment Plate"",""Plate Category"":""Small Fragment"",""Plate Type"":""LCP"",""Plate Profile"":""Anatomical"",""Total Holes"":8,""Combi Holes"":true,""Locking Mechanism"":""Variloc"",""Side"":""R"",""Anatomy"":""Distal Lateral Fibular II"",""Body Hole Count"":3}",FALSE,,FALSE,
Ultimax Supply Sdn Bhd,26002110,"Distal Lateral Fibular LCP II (Right, 5+5H)",Plates,1000,10,0,Nos,WH-00347,0.06,Kg,0,Malaysia,,VA Distal Fibular LCP 2.7/3.5mm,FALSE,FALSE,,0,TRUE,1,0,0,Nos,MYR,99999999,Nos,MYR,0,Nos,MYR,TRUE,1,0,Nos,MYR,0,Nos,MYR,0,Nos,MYR,0,Nos,MYR,"{""Implant Type Category"":""Small Fragment Plate"",""Plate Category"":""Small Fragment"",""Plate Type"":""LCP"",""Plate Profile"":""Anatomical"",""Total Holes"":10,""Combi Holes"":true,""Locking Mechanism"":""Variloc"",""Side"":""R"",""Anatomy"":""Distal Lateral Fibular II"",""Body Hole Count"":5}",FALSE,,FALSE,
Ultimax Supply Sdn Bhd,26002112,"Distal Lateral Fibular LCP II (Right, 5+7H)",Plates,1000,10,0,Nos,WH-00347,0.06,Kg,0,Malaysia,,VA Distal Fibular LCP 2.7/3.5mm,FALSE,FALSE,,0,TRUE,1,0,0,Nos,MYR,99999999,Nos,MYR,0,Nos,MYR,TRUE,1,0,Nos,MYR,0,Nos,MYR,0,Nos,MYR,0,Nos,MYR,"{""Implant Type Category"":""Small Fragment Plate"",""Plate Category"":""Small Fragment"",""Plate Type"":""LCP"",""Plate Profile"":""Anatomical"",""Total Holes"":12,""Combi Holes"":true,""Locking Mechanism"":""Variloc"",""Side"":""R"",""Anatomy"":""Distal Lateral Fibular II"",""Body Hole Count"":7}",FALSE,,FALSE,
Ultimax Supply Sdn Bhd,26002114,"Distal Lateral Fibular LCP II (Right, 5+9H)",Plates,1000,10,0,Nos,WH-00347,0.06,Kg,0,Malaysia,,VA Distal Fibular LCP 2.7/3.5mm,FALSE,FALSE,,0,TRUE,1,0,0,Nos,MYR,99999999,Nos,MYR,0,Nos,MYR,TRUE,1,0,Nos,MYR,0,Nos,MYR,0,Nos,MYR,0,Nos,MYR,"{""Implant Type Category"":""Small Fragment Plate"",""Plate Category"":""Small Fragment"",""Plate Type"":""LCP"",""Plate Profile"":""Anatomical"",""Total Holes"":14,""Combi Holes"":true,""Locking Mechanism"":""Variloc"",""Side"":""R"",""Anatomy"":""Distal Lateral Fibular II"",""Body Hole Count"":9}",FALSE,,FALSE,
Ultimax Supply Sdn Bhd,26002116,"Distal Lateral Fibular LCP II (Right, 5+11H)",Plates,1000,10,0,Nos,WH-00347,0.06,Kg,0,Malaysia,,VA Distal Fibular LCP 2.7/3.5mm,FALSE,FALSE,,0,TRUE,1,0,0,Nos,MYR,99999999,Nos,MYR,0,Nos,MYR,TRUE,1,0,Nos,MYR,0,Nos,MYR,0,Nos,MYR,0,Nos,MYR,"{""Implant Type Category"":""Small Fragment Plate"",""Plate Category"":""Small Fragment"",""Plate Type"":""LCP"",""Plate Profile"":""Anatomical"",""Total Holes"":16,""Combi Holes"":true,""Locking Mechanism"":""Variloc"",""Side"":""R"",""Anatomy"":""Distal Lateral Fibular II"",""Body Hole Count"":11}",FALSE,,FALSE,
Ultimax Supply Sdn Bhd,26002208,"Distal Lateral Fibular LCP II (Left, 5+3H)",Plates,1000,10,0,Nos,WH-00347,0.06,Kg,0,Malaysia,,VA Distal Fibular LCP 2.7/3.5mm,FALSE,FALSE,,0,TRUE,1,0,0,Nos,MYR,99999999,Nos,MYR,0,Nos,MYR,TRUE,1,0,Nos,MYR,0,Nos,MYR,0,Nos,MYR,0,Nos,MYR,"{""Implant Type Category"":""Small Fragment Plate"",""Plate Category"":""Small Fragment"",""Plate Type"":""LCP"",""Plate Profile"":""Anatomical"",""Total Holes"":8,""Combi Holes"":true,""Locking Mechanism"":""Variloc"",""Side"":""L"",""Anatomy"":""Distal Lateral Fibular II"",""Body Hole Count"":3}",FALSE,,FALSE,
Ultimax Supply Sdn Bhd,26002210,"Distal Lateral Fibular LCP II (Left, 5+5H)",Plates,1000,10,0,Nos,WH-00347,0.06,Kg,0,Malaysia,,VA Distal Fibular LCP 2.7/3.5mm,FALSE,FALSE,,0,TRUE,1,0,0,Nos,MYR,99999999,Nos,MYR,0,Nos,MYR,TRUE,1,0,Nos,MYR,0,Nos,MYR,0,Nos,MYR,0,Nos,MYR,"{""Implant Type Category"":""Small Fragment Plate"",""Plate Category"":""Small Fragment"",""Plate Type"":""LCP"",""Plate Profile"":""Anatomical"",""Total Holes"":10,""Combi Holes"":true,""Locking Mechanism"":""Variloc"",""Side"":""L"",""Anatomy"":""Distal Lateral Fibular II"",""Body Hole Count"":5}",FALSE,,FALSE,
Ultimax Supply Sdn Bhd,26002212,"Distal Lateral Fibular LCP II (Left, 5+7H)",Plates,1000,10,0,Nos,WH-00347,0.06,Kg,0,Malaysia,,VA Distal Fibular LCP 2.7/3.5mm,FALSE,FALSE,,0,TRUE,1,0,0,Nos,MYR,99999999,Nos,MYR,0,Nos,MYR,TRUE,1,0,Nos,MYR,0,Nos,MYR,0,Nos,MYR,0,Nos,MYR,"{""Implant Type Category"":""Small Fragment Plate"",""Plate Category"":""Small Fragment"",""Plate Type"":""LCP"",""Plate Profile"":""Anatomical"",""Total Holes"":12,""Combi Holes"":true,""Locking Mechanism"":""Variloc"",""Side"":""L"",""Anatomy"":""Distal Lateral Fibular II"",""Body Hole Count"":7}",FALSE,,FALSE,
Ultimax Supply Sdn Bhd,26002214,"Distal Lateral Fibular LCP II (Left, 5+9H)",Plates,1000,10,0,Nos,WH-00347,0.06,Kg,0,Malaysia,,VA Distal Fibular LCP 2.7/3.5mm,FALSE,FALSE,,0,TRUE,1,0,0,Nos,MYR,99999999,Nos,MYR,0,Nos,MYR,TRUE,1,0,Nos,MYR,0,Nos,MYR,0,Nos,MYR,0,Nos,MYR,"{""Implant Type Category"":""Small Fragment Plate"",""Plate Category"":""Small Fragment"",""Plate Type"":""LCP"",""Plate Profile"":""Anatomical"",""Total Holes"":14,""Combi Holes"":true,""Locking Mechanism"":""Variloc"",""Side"":""L"",""Anatomy"":""Distal Lateral Fibular II"",""Body Hole Count"":9}",FALSE,,FALSE,
Ultimax Supply Sdn Bhd,26002216,"Distal Lateral Fibular LCP II (Left, 5+11H)",Plates,1000,10,0,Nos,WH-00347,0.06,Kg,0,Malaysia,,VA Distal Fibular LCP 2.7/3.5mm,FALSE,FALSE,,0,TRUE,1,0,0,Nos,MYR,99999999,Nos,MYR,0,Nos,MYR,TRUE,1,0,Nos,MYR,0,Nos,MYR,0,Nos,MYR,0,Nos,MYR,"{""Implant Type Category"":""Small Fragment Plate"",""Plate Category"":""Small Fragment"",""Plate Type"":""LCP"",""Plate Profile"":""Anatomical"",""Total Holes"":16,""Combi Holes"":true,""Locking Mechanism"":""Variloc"",""Side"":""L"",""Anatomy"":""Distal Lateral Fibular II"",""Body Hole Count"":11}",FALSE,,FALSE,
Ultimax Supply Sdn Bhd,26003007,"Reconstruction Locking Compression Plate, 3.5 (7H)",Plates,1000,10,0,Nos,WH-00347,0.08,Kg,0,Malaysia,,Recon LCP 3.5mm,FALSE,FALSE,,0,TRUE,1,0,0,Nos,MYR,99999999,Nos,MYR,0,Nos,MYR,TRUE,1,0,Nos,MYR,0,Nos,MYR,0,Nos,MYR,0,Nos,MYR,"{""Implant Type Category"":""Small Fragment Plate"",""Plate Category"":""Small Fragment"",""Plate Type"":""Reconstruction"",""Total Holes"":7,""Combi Holes"":true,""Locking Mechanism"":""Variloc"",""Anatomy"":""Reconstruction Locking Compression Plate""}",FALSE,,FALSE,
Ultimax Supply Sdn Bhd,26003009,"Reconstruction Locking Compression Plate, 3.5 (9H)",Plates,1000,10,0,Nos,WH-00347,0.08,Kg,0,Malaysia,,Recon LCP 3.5mm,FALSE,FALSE,,0,TRUE,1,0,0,Nos,MYR,99999999,Nos,MYR,0,Nos,MYR,TRUE,1,0,Nos,MYR,0,Nos,MYR,0,Nos,MYR,0,Nos,MYR,"{""Implant Type Category"":""Small Fragment Plate"",""Plate Category"":""Small Fragment"",""Plate Type"":""Reconstruction"",""Total Holes"":9,""Combi Holes"":true,""Locking Mechanism"":""Variloc"",""Anatomy"":""Reconstruction Locking Compression Plate""}",FALSE,,FALSE,
Ultimax Supply Sdn Bhd,26003011,"Reconstruction Locking Compression Plate, 3.5 (11H)",Plates,1000,10,0,Nos,WH-00347,0.08,Kg,0,Malaysia,,Recon LCP 3.5mm,FALSE,FALSE,,0,TRUE,1,0,0,Nos,MYR,99999999,Nos,MYR,0,Nos,MYR,TRUE,1,0,Nos,MYR,0,Nos,MYR,0,Nos,MYR,0,Nos,MYR,"{""Implant Type Category"":""Small Fragment Plate"",""Plate Category"":""Small Fragment"",""Plate Type"":""Reconstruction"",""Total Holes"":11,""Combi Holes"":true,""Locking Mechanism"":""Variloc"",""Anatomy"":""Reconstruction Locking Compression Plate""}",FALSE,,FALSE,
Ultimax Supply Sdn Bhd,26003014,"Reconstruction Locking Compression Plate, 3.5 (14H)",Plates,1000,10,0,Nos,WH-00347,0.08,Kg,0,Malaysia,,Recon LCP 3.5mm,FALSE,FALSE,,0,TRUE,1,0,0,Nos,MYR,99999999,Nos,MYR,0,Nos,MYR,TRUE,1,0,Nos,MYR,0,Nos,MYR,0,Nos,MYR,0,Nos,MYR,"{""Implant Type Category"":""Small Fragment Plate"",""Plate Category"":""Small Fragment"",""Plate Type"":""Reconstruction"",""Total Holes"":14,""Combi Holes"":true,""Locking Mechanism"":""Variloc"",""Anatomy"":""Reconstruction Locking Compression Plate""}",FALSE,,FALSE,
Ultimax Supply Sdn Bhd,26007003,Philos 3.5mm (Short) (9+3H),Plates,1000,10,0,Nos,WH-00347,0.06,Kg,0,Malaysia,,VA Proximal Humerus LCP 3.5mm,FALSE,FALSE,,0,TRUE,1,0,0,Nos,MYR,99999999,Nos,MYR,0,Nos,MYR,TRUE,1,0,Nos,MYR,0,Nos,MYR,0,Nos,MYR,0,Nos,MYR,"{""Implant Type Category"":""Small Fragment Plate"",""Diameter"":3.5,""Plate Category"":""Small Fragment"",""Plate Type"":""LCP"",""Plate Profile"":""Anatomical"",""Total Holes"":12,""Combi Holes"":true,""Locking Mechanism"":""Variloc"",""Anatomy"":""Philos"",""Body Hole Count"":3}",FALSE,,FALSE,
Ultimax Supply Sdn Bhd,26007005,Philos 3.5mm (Short) (9+5H),Plates,1000,10,0,Nos,WH-00347,0.06,Kg,0,Malaysia,,VA Proximal Humerus LCP 3.5mm,FALSE,FALSE,,0,TRUE,1,0,0,Nos,MYR,99999999,Nos,MYR,0,Nos,MYR,TRUE,1,0,Nos,MYR,0,Nos,MYR,0,Nos,MYR,0,Nos,MYR,"{""Implant Type Category"":""Small Fragment Plate"",""Diameter"":3.5,""Plate Category"":""Small Fragment"",""Plate Type"":""LCP"",""Plate Profile"":""Anatomical"",""Total Holes"":14,""Combi Holes"":true,""Locking Mechanism"":""Variloc"",""Anatomy"":""Philos"",""Body Hole Count"":5}",FALSE,,FALSE,
Ultimax Supply Sdn Bhd,26023104,"Distal Radius Volar Juxta , 2.7, R (R,9+4H,PT)",Plates,1000,10,0,Nos,WH-00347,0.03,Kg,0,Malaysia,,VA Distal Radius Volar Juxta LCP 2.7mm,FALSE,FALSE,,0,TRUE,1,0,0,Nos,MYR,99999999,Nos,MYR,0,Nos,MYR,TRUE,1,0,Nos,MYR,0,Nos,MYR,0,Nos,MYR,0,Nos,MYR,"{""Material"":""PT"",""Implant Type Category"":""Small Fragment Plate"",""Plate Category"":""Small Fragment"",""Plate Type"":""Volar"",""Plate Profile"":""Anatomical"",""Total Holes"":13,""Combi Holes"":true,""Locking Mechanism"":""Variloc"",""Side"":""R"",""Anatomy"":""Distal Radius Volar Juxta , , R"",""Body Hole Count"":4}",FALSE,,FALSE,
Ultimax Supply Sdn Bhd,26023204,"Distal Radius Volar Juxta , 2.7, L (L9+4H,PT)",Plates,1000,10,0,Nos,WH-00347,0.03,Kg,0,Malaysia,,VA Distal Radius Volar Juxta LCP 2.7mm,FALSE,FALSE,,0,TRUE,1,0,0,Nos,MYR,99999999,Nos,MYR,0,Nos,MYR,TRUE,1,0,Nos,MYR,0,Nos,MYR,0,Nos,MYR,0,Nos,MYR,"{""Material"":""PT"",""Implant Type Category"":""Small Fragment Plate"",""Plate Category"":""Small Fragment"",""Plate Type"":""Volar"",""Plate Profile"":""Anatomical"",""Total Holes"":13,""Combi Holes"":true,""Locking Mechanism"":""Variloc"",""Anatomy"":""Distal Radius Volar Juxta , , L"",""Body Hole Count"":4}",FALSE,,FALSE,
Ultimax Supply Sdn Bhd,30375012,2.7mm Cortex Screw Variloc (2.7mm x 12mm),Screws,1000,10,0,Nos,WH-00350,0.01,Kg,0,Malaysia,,"VA 2.7 mm set (Screws), VA 2.7/3.5 mm set (Screws)",FALSE,FALSE,,0,TRUE,1,0,150,Nos,MYR,99999999,Nos,MYR,0,Nos,MYR,TRUE,1,0,Nos,MYR,0,Nos,MYR,0,Nos,MYR,0,Nos,MYR,"{""Implant Type Category"":""Small Fragment Screw"",""Diameter"":2.7,""Length"":12,""Screw Category"":""Small Fragment"",""Screw Type"":""Cortex"",""Head Type"":""Non-Locking"",""Locking Mechanism"":""Variloc""}",FALSE,,FALSE,
Ultimax Supply Sdn Bhd,30375014,2.7mm Cortex Screw Variloc (2.7mm x 14mm),Screws,1000,10,0,Nos,WH-00350,0.01,Kg,0,Malaysia,,"VA 2.7 mm set (Screws), VA 2.7/3.5 mm set (Screws)",FALSE,FALSE,,0,TRUE,1,0,150,Nos,MYR,99999999,Nos,MYR,0,Nos,MYR,TRUE,1,0,Nos,MYR,0,Nos,MYR,0,Nos,MYR,0,Nos,MYR,"{""Implant Type Category"":""Small Fragment Screw"",""Diameter"":2.7,""Length"":14,""Screw Category"":""Small Fragment"",""Screw Type"":""Cortex"",""Head Type"":""Non-Locking"",""Locking Mechanism"":""Variloc""}",FALSE,,FALSE,
Ultimax Supply Sdn Bhd,30375016,2.7mm Cortex Screw Variloc (2.7mm x 16mm),Screws,1000,10,0,Nos,WH-00350,0.01,Kg,0,Malaysia,,"VA 2.7 mm set (Screws), VA 2.7/3.5 mm set (Screws)",FALSE,FALSE,,0,TRUE,1,0,150,Nos,MYR,99999999,Nos,MYR,0,Nos,MYR,TRUE,1,0,Nos,MYR,0,Nos,MYR,0,Nos,MYR,0,Nos,MYR,"{""Implant Type Category"":""Small Fragment Screw"",""Diameter"":2.7,""Length"":16,""Screw Category"":""Small Fragment"",""Screw Type"":""Cortex"",""Head Type"":""Non-Locking"",""Locking Mechanism"":""Variloc""}",FALSE,,FALSE,
Ultimax Supply Sdn Bhd,30375018,2.7mm Cortex Screw Variloc (2.7mm x 18mm),Screws,1000,10,0,Nos,WH-00350,0.01,Kg,0,Malaysia,,"VA 2.7 mm set (Screws), VA 2.7/3.5 mm set (Screws)",FALSE,FALSE,,0,TRUE,1,0,150,Nos,MYR,99999999,Nos,MYR,0,Nos,MYR,TRUE,1,0,Nos,MYR,0,Nos,MYR,0,Nos,MYR,0,Nos,MYR,"{""Implant Type Category"":""Small Fragment Screw"",""Diameter"":2.7,""Length"":18,""Screw Category"":""Small Fragment"",""Screw Type"":""Cortex"",""Head Type"":""Non-Locking"",""Locking Mechanism"":""Variloc""}",FALSE,,FALSE,
Ultimax Supply Sdn Bhd,30375020,2.7mm Cortex Screw Variloc (2.7mm x 20mm),Screws,1000,10,0,Nos,WH-00350,0.01,Kg,0,Malaysia,,"VA 2.7 mm set (Screws), VA 2.7/3.5 mm set (Screws)",FALSE,FALSE,,0,TRUE,1,0,150,Nos,MYR,99999999,Nos,MYR,0,Nos,MYR,TRUE,1,0,Nos,MYR,0,Nos,MYR,0,Nos,MYR,0,Nos,MYR,"{""Implant Type Category"":""Small Fragment Screw"",""Diameter"":2.7,""Length"":20,""Screw Category"":""Small Fragment"",""Screw Type"":""Cortex"",""Head Type"":""Non-Locking"",""Locking Mechanism"":""Variloc""}",FALSE,,FALSE,
Ultimax Supply Sdn Bhd,30375022,2.7mm Cortex Screw Variloc (2.7mm x 22mm),Screws,1000,10,0,Nos,WH-00350,0.01,Kg,0,Malaysia,,"VA 2.7 mm set (Screws), VA 2.7/3.5 mm set (Screws)",FALSE,FALSE,,0,TRUE,1,0,150,Nos,MYR,99999999,Nos,MYR,0,Nos,MYR,TRUE,1,0,Nos,MYR,0,Nos,MYR,0,Nos,MYR,0,Nos,MYR,"{""Implant Type Category"":""Small Fragment Screw"",""Diameter"":2.7,""Length"":22,""Screw Category"":""Small Fragment"",""Screw Type"":""Cortex"",""Head Type"":""Non-Locking"",""Locking Mechanism"":""Variloc""}",FALSE,,FALSE,
Ultimax Supply Sdn Bhd,30375024,2.7mm Cortex Screw Variloc (2.7mm x 24mm),Screws,1000,10,0,Nos,WH-00350,0.01,Kg,0,Malaysia,,"VA 2.7 mm set (Screws), VA 2.7/3.5 mm set (Screws)",FALSE,FALSE,,0,TRUE,1,0,150,Nos,MYR,99999999,Nos,MYR,0,Nos,MYR,TRUE,1,0,Nos,MYR,0,Nos,MYR,0,Nos,MYR,0,Nos,MYR,"{""Implant Type Category"":""Small Fragment Screw"",""Diameter"":2.7,""Length"":24,""Screw Category"":""Small Fragment"",""Screw Type"":""Cortex"",""Head Type"":""Non-Locking"",""Locking Mechanism"":""Variloc""}",FALSE,,FALSE,
Ultimax Supply Sdn Bhd,30375026,2.7mm Cortex Screw Variloc (2.7mm x 26mm),Screws,1000,10,0,Nos,WH-00350,0.01,Kg,0,Malaysia,,"VA 2.7 mm set (Screws), VA 2.7/3.5 mm set (Screws)",FALSE,FALSE,,0,TRUE,1,0,150,Nos,MYR,99999999,Nos,MYR,0,Nos,MYR,TRUE,1,0,Nos,MYR,0,Nos,MYR,0,Nos,MYR,0,Nos,MYR,"{""Implant Type Category"":""Small Fragment Screw"",""Diameter"":2.7,""Length"":26,""Screw Category"":""Small Fragment"",""Screw Type"":""Cortex"",""Head Type"":""Non-Locking"",""Locking Mechanism"":""Variloc""}",FALSE,,FALSE,
Ultimax Supply Sdn Bhd,30375028,2.7mm Cortex Screw Variloc (2.7mm x 28mm),Screws,1000,10,0,Nos,WH-00350,0.01,Kg,0,Malaysia,,"VA 2.7 mm set (Screws), VA 2.7/3.5 mm set (Screws)",FALSE,FALSE,,0,TRUE,1,0,150,Nos,MYR,99999999,Nos,MYR,0,Nos,MYR,TRUE,1,0,Nos,MYR,0,Nos,MYR,0,Nos,MYR,0,Nos,MYR,"{""Implant Type Category"":""Small Fragment Screw"",""Diameter"":2.7,""Length"":28,""Screw Category"":""Small Fragment"",""Screw Type"":""Cortex"",""Head Type"":""Non-Locking"",""Locking Mechanism"":""Variloc""}",FALSE,,FALSE,
Ultimax Supply Sdn Bhd,30375030,2.7mm Cortex Screw Variloc (2.7mm x 30mm),Screws,1000,10,0,Nos,WH-00350,0.01,Kg,0,Malaysia,,VA 2.7/3.5 mm set (Screws),FALSE,FALSE,,0,TRUE,1,0,150,Nos,MYR,99999999,Nos,MYR,0,Nos,MYR,TRUE,1,0,Nos,MYR,0,Nos,MYR,0,Nos,MYR,0,Nos,MYR,"{""Implant Type Category"":""Small Fragment Screw"",""Diameter"":2.7,""Length"":30,""Screw Category"":""Small Fragment"",""Screw Type"":""Cortex"",""Head Type"":""Non-Locking"",""Locking Mechanism"":""Variloc""}",FALSE,,FALSE,
Ultimax Supply Sdn Bhd,30386016,4.5mm Cortex Screw Variloc (4.5mmx16mm),Screws,1000,10,0,Nos,WH-00350,0.035,Kg,0,Malaysia,,VA 4.5/ 5.0 mm set (Screws),FALSE,FALSE,,0,TRUE,1,0,150,Nos,MYR,99999999,Nos,MYR,0,Nos,MYR,TRUE,1,0,Nos,MYR,0,Nos,MYR,0,Nos,MYR,0,Nos,MYR,"{""Implant Type Category"":""Large Fragment Screw"",""Diameter"":4.5,""Length"":16,""Screw Category"":""Large Fragment"",""Screw Type"":""Cortex"",""Head Type"":""Non-Locking"",""Locking Mechanism"":""Variloc""}",FALSE,,FALSE,
Ultimax Supply Sdn Bhd,30386018,4.5mm Cortex Screw Variloc (4.5mmx18mm),Screws,1000,10,0,Nos,WH-00350,0.035,Kg,0,Malaysia,,VA 4.5/ 5.0 mm set (Screws),FALSE,FALSE,,0,TRUE,1,0,150,Nos,MYR,99999999,Nos,MYR,0,Nos,MYR,TRUE,1,0,Nos,MYR,0,Nos,MYR,0,Nos,MYR,0,Nos,MYR,"{""Implant Type Category"":""Large Fragment Screw"",""Diameter"":4.5,""Length"":18,""Screw Category"":""Large Fragment"",""Screw Type"":""Cortex"",""Head Type"":""Non-Locking"",""Locking Mechanism"":""Variloc""}",FALSE,,FALSE,
Ultimax Supply Sdn Bhd,30386020,4.5mm Cortex Screw Variloc (4.5mmx20mm),Screws,1000,10,0,Nos,WH-00350,0.035,Kg,0,Malaysia,,VA 4.5/ 5.0 mm set (Screws),FALSE,FALSE,,0,TRUE,1,0,150,Nos,MYR,99999999,Nos,MYR,0,Nos,MYR,TRUE,1,0,Nos,MYR,0,Nos,MYR,0,Nos,MYR,0,Nos,MYR,"{""Implant Type Category"":""Large Fragment Screw"",""Diameter"":4.5,""Length"":20,""Screw Category"":""Large Fragment"",""Screw Type"":""Cortex"",""Head Type"":""Non-Locking"",""Locking Mechanism"":""Variloc""}",FALSE,,FALSE,
Ultimax Supply Sdn Bhd,30386022,4.5mm Cortex Screw Variloc (4.5mmx22mm),Screws,1000,10,0,Nos,WH-00350,0.035,Kg,0,Malaysia,,VA 4.5/ 5.0 mm set (Screws),FALSE,FALSE,,0,TRUE,1,0,150,Nos,MYR,99999999,Nos,MYR,0,Nos,MYR,TRUE,1,0,Nos,MYR,0,Nos,MYR,0,Nos,MYR,0,Nos,MYR,"{""Implant Type Category"":""Large Fragment Screw"",""Diameter"":4.5,""Length"":22,""Screw Category"":""Large Fragment"",""Screw Type"":""Cortex"",""Head Type"":""Non-Locking"",""Locking Mechanism"":""Variloc""}",FALSE,,FALSE,
Ultimax Supply Sdn Bhd,30386024,4.5mm Cortex Screw Variloc (4.5mmx24mm),Screws,1000,10,0,Nos,WH-00350,0.035,Kg,0,Malaysia,,VA 4.5/ 5.0 mm set (Screws),FALSE,FALSE,,0,TRUE,1,0,150,Nos,MYR,99999999,Nos,MYR,0,Nos,MYR,TRUE,1,0,Nos,MYR,0,Nos,MYR,0,Nos,MYR,0,Nos,MYR,"{""Implant Type Category"":""Large Fragment Screw"",""Diameter"":4.5,""Length"":24,""Screw Category"":""Large Fragment"",""Screw Type"":""Cortex"",""Head Type"":""Non-Locking"",""Locking Mechanism"":""Variloc""}",FALSE,,FALSE,
Ultimax Supply Sdn Bhd,30386026,4.5mm Cortex Screw Variloc (4.5mmx26mm),Screws,1000,10,0,Nos,WH-00350,0.035,Kg,0,Malaysia,,VA 4.5/ 5.0 mm set (Screws),FALSE,FALSE,,0,TRUE,1,0,150,Nos,MYR,99999999,Nos,MYR,0,Nos,MYR,TRUE,1,0,Nos,MYR,0,Nos,MYR,0,Nos,MYR,0,Nos,MYR,"{""Implant Type Category"":""Large Fragment Screw"",""Diameter"":4.5,""Length"":26,""Screw Category"":""Large Fragment"",""Screw Type"":""Cortex"",""Head Type"":""Non-Locking"",""Locking Mechanism"":""Variloc""}",FALSE,,FALSE,
Ultimax Supply Sdn Bhd,30386028,4.5mm Cortex Screw Variloc (4.5mmx28mm),Screws,1000,10,0,Nos,WH-00350,0.035,Kg,0,Malaysia,,VA 4.5/ 5.0 mm set (Screws),FALSE,FALSE,,0,TRUE,1,0,150,Nos,MYR,99999999,Nos,MYR,0,Nos,MYR,TRUE,1,0,Nos,MYR,0,Nos,MYR,0,Nos,MYR,0,Nos,MYR,"{""Implant Type Category"":""Large Fragment Screw"",""Diameter"":4.5,""Length"":28,""Screw Category"":""Large Fragment"",""Screw Type"":""Cortex"",""Head Type"":""Non-Locking"",""Locking Mechanism"":""Variloc""}",FALSE,,FALSE,
Ultimax Supply Sdn Bhd,30386030,4.5mm Cortex Screw Variloc (4.5mmx30mm),Screws,1000,10,0,Nos,WH-00350,0.035,Kg,0,Malaysia,,VA 4.5/ 5.0 mm set (Screws),FALSE,FALSE,,0,TRUE,1,0,150,Nos,MYR,99999999,Nos,MYR,0,Nos,MYR,TRUE,1,0,Nos,MYR,0,Nos,MYR,0,Nos,MYR,0,Nos,MYR,"{""Implant Type Category"":""Large Fragment Screw"",""Diameter"":4.5,""Length"":30,""Screw Category"":""Large Fragment"",""Screw Type"":""Cortex"",""Head Type"":""Non-Locking"",""Locking Mechanism"":""Variloc""}",FALSE,,FALSE,
Ultimax Supply Sdn Bhd,30386032,4.5mm Cortex Screw Variloc (4.5mmx32mm),Screws,1000,10,0,Nos,WH-00350,0.035,Kg,0,Malaysia,,VA 4.5/ 5.0 mm set (Screws),FALSE,FALSE,,0,TRUE,1,0,150,Nos,MYR,99999999,Nos,MYR,0,Nos,MYR,TRUE,1,0,Nos,MYR,0,Nos,MYR,0,Nos,MYR,0,Nos,MYR,"{""Implant Type Category"":""Large Fragment Screw"",""Diameter"":4.5,""Length"":32,""Screw Category"":""Large Fragment"",""Screw Type"":""Cortex"",""Head Type"":""Non-Locking"",""Locking Mechanism"":""Variloc""}",FALSE,,FALSE,
Ultimax Supply Sdn Bhd,30386034,4.5mm Cortex Screw Variloc (4.5mmx34mm),Screws,1000,10,0,Nos,WH-00350,0.035,Kg,0,Malaysia,,VA 4.5/ 5.0 mm set (Screws),FALSE,FALSE,,0,TRUE,1,0,150,Nos,MYR,99999999,Nos,MYR,0,Nos,MYR,TRUE,1,0,Nos,MYR,0,Nos,MYR,0,Nos,MYR,0,Nos,MYR,"{""Implant Type Category"":""Large Fragment Screw"",""Diameter"":4.5,""Length"":34,""Screw Category"":""Large Fragment"",""Screw Type"":""Cortex"",""Head Type"":""Non-Locking"",""Locking Mechanism"":""Variloc""}",FALSE,,FALSE,
Ultimax Supply Sdn Bhd,30386036,4.5mm Cortex Screw Variloc (4.5mmx36mm),Screws,1000,10,0,Nos,WH-00350,0.035,Kg,0,Malaysia,,VA 4.5/ 5.0 mm set (Screws),FALSE,FALSE,,0,TRUE,1,0,150,Nos,MYR,99999999,Nos,MYR,0,Nos,MYR,TRUE,1,0,Nos,MYR,0,Nos,MYR,0,Nos,MYR,0,Nos,MYR,"{""Implant Type Category"":""Large Fragment Screw"",""Diameter"":4.5,""Length"":36,""Screw Category"":""Large Fragment"",""Screw Type"":""Cortex"",""Head Type"":""Non-Locking"",""Locking Mechanism"":""Variloc""}",FALSE,,FALSE,
Ultimax Supply Sdn Bhd,30386038,4.5mm Cortex Screw Variloc (4.5mmx38mm),Screws,1000,10,0,Nos,WH-00350,0.035,Kg,0,Malaysia,,VA 4.5/ 5.0 mm set (Screws),FALSE,FALSE,,0,TRUE,1,0,150,Nos,MYR,99999999,Nos,MYR,0,Nos,MYR,TRUE,1,0,Nos,MYR,0,Nos,MYR,0,Nos,MYR,0,Nos,MYR,"{""Implant Type Category"":""Large Fragment Screw"",""Diameter"":4.5,""Length"":38,""Screw Category"":""Large Fragment"",""Screw Type"":""Cortex"",""Head Type"":""Non-Locking"",""Locking Mechanism"":""Variloc""}",FALSE,,FALSE,
Ultimax Supply Sdn Bhd,30386040,4.5mm Cortex Screw Variloc (4.5mmx40mm),Screws,1000,10,0,Nos,WH-00350,0.035,Kg,0,Malaysia,,VA 4.5/ 5.0 mm set (Screws),FALSE,FALSE,,0,TRUE,1,0,150,Nos,MYR,99999999,Nos,MYR,0,Nos,MYR,TRUE,1,0,Nos,MYR,0,Nos,MYR,0,Nos,MYR,0,Nos,MYR,"{""Implant Type Category"":""Large Fragment Screw"",""Diameter"":4.5,""Length"":40,""Screw Category"":""Large Fragment"",""Screw Type"":""Cortex"",""Head Type"":""Non-Locking"",""Locking Mechanism"":""Variloc""}",FALSE,,FALSE,
Ultimax Supply Sdn Bhd,30386042,4.5mm Cortex Screw Variloc (4.5mmx42mm),Screws,1000,10,0,Nos,WH-00350,0.035,Kg,0,Malaysia,,VA 4.5/ 5.0 mm set (Screws),FALSE,FALSE,,0,TRUE,1,0,150,Nos,MYR,99999999,Nos,MYR,0,Nos,MYR,TRUE,1,0,Nos,MYR,0,Nos,MYR,0,Nos,MYR,0,Nos,MYR,"{""Implant Type Category"":""Large Fragment Screw"",""Diameter"":4.5,""Length"":42,""Screw Category"":""Large Fragment"",""Screw Type"":""Cortex"",""Head Type"":""Non-Locking"",""Locking Mechanism"":""Variloc""}",FALSE,,FALSE,
Ultimax Supply Sdn Bhd,30386044,4.5mm Cortex Screw Variloc (4.5mmx44mm),Screws,1000,10,0,Nos,WH-00350,0.035,Kg,0,Malaysia,,VA 4.5/ 5.0 mm set (Screws),FALSE,FALSE,,0,TRUE,1,0,150,Nos,MYR,99999999,Nos,MYR,0,Nos,MYR,TRUE,1,0,Nos,MYR,0,Nos,MYR,0,Nos,MYR,0,Nos,MYR,"{""Implant Type Category"":""Large Fragment Screw"",""Diameter"":4.5,""Length"":44,""Screw Category"":""Large Fragment"",""Screw Type"":""Cortex"",""Head Type"":""Non-Locking"",""Locking Mechanism"":""Variloc""}",FALSE,,FALSE,
Ultimax Supply Sdn Bhd,30386046,4.5mm Cortex Screw Variloc (4.5mmx46mm),Screws,1000,10,0,Nos,WH-00350,0.035,Kg,0,Malaysia,,VA 4.5/ 5.0 mm set (Screws),FALSE,FALSE,,0,TRUE,1,0,150,Nos,MYR,99999999,Nos,MYR,0,Nos,MYR,TRUE,1,0,Nos,MYR,0,Nos,MYR,0,Nos,MYR,0,Nos,MYR,"{""Implant Type Category"":""Large Fragment Screw"",""Diameter"":4.5,""Length"":46,""Screw Category"":""Large Fragment"",""Screw Type"":""Cortex"",""Head Type"":""Non-Locking"",""Locking Mechanism"":""Variloc""}",FALSE,,FALSE,
Ultimax Supply Sdn Bhd,30386048,4.5mm Cortex Screw Variloc (4.5mmx48mm),Screws,1000,10,0,Nos,WH-00350,0.035,Kg,0,Malaysia,,VA 4.5/ 5.0 mm set (Screws),FALSE,FALSE,,0,TRUE,1,0,150,Nos,MYR,99999999,Nos,MYR,0,Nos,MYR,TRUE,1,0,Nos,MYR,0,Nos,MYR,0,Nos,MYR,0,Nos,MYR,"{""Implant Type Category"":""Large Fragment Screw"",""Diameter"":4.5,""Length"":48,""Screw Category"":""Large Fragment"",""Screw Type"":""Cortex"",""Head Type"":""Non-Locking"",""Locking Mechanism"":""Variloc""}",FALSE,,FALSE,
Ultimax Supply Sdn Bhd,30386050,4.5mm Cortex Screw Variloc (4.5mmx50mm),Screws,1000,10,0,Nos,WH-00350,0.035,Kg,0,Malaysia,,VA 4.5/ 5.0 mm set (Screws),FALSE,FALSE,,0,TRUE,1,0,150,Nos,MYR,99999999,Nos,MYR,0,Nos,MYR,TRUE,1,0,Nos,MYR,0,Nos,MYR,0,Nos,MYR,0,Nos,MYR,"{""Implant Type Category"":""Large Fragment Screw"",""Diameter"":4.5,""Length"":50,""Screw Category"":""Large Fragment"",""Screw Type"":""Cortex"",""Head Type"":""Non-Locking"",""Locking Mechanism"":""Variloc""}",FALSE,,FALSE,
Ultimax Supply Sdn Bhd,30386052,4.5mm Cortex Screw Variloc (4.5mmx52mm),Screws,1000,10,0,Nos,WH-00350,0.035,Kg,0,Malaysia,,VA 4.5/ 5.0 mm set (Screws),FALSE,FALSE,,0,TRUE,1,0,150,Nos,MYR,99999999,Nos,MYR,0,Nos,MYR,TRUE,1,0,Nos,MYR,0,Nos,MYR,0,Nos,MYR,0,Nos,MYR,"{""Implant Type Category"":""Large Fragment Screw"",""Diameter"":4.5,""Length"":52,""Screw Category"":""Large Fragment"",""Screw Type"":""Cortex"",""Head Type"":""Non-Locking"",""Locking Mechanism"":""Variloc""}",FALSE,,FALSE,
Ultimax Supply Sdn Bhd,30386054,4.5mm Cortex Screw Variloc (4.5mmx54mm),Screws,1000,10,0,Nos,WH-00350,0.035,Kg,0,Malaysia,,VA 4.5/ 5.0 mm set (Screws),FALSE,FALSE,,0,TRUE,1,0,150,Nos,MYR,99999999,Nos,MYR,0,Nos,MYR,TRUE,1,0,Nos,MYR,0,Nos,MYR,0,Nos,MYR,0,Nos,MYR,"{""Implant Type Category"":""Large Fragment Screw"",""Diameter"":4.5,""Length"":54,""Screw Category"":""Large Fragment"",""Screw Type"":""Cortex"",""Head Type"":""Non-Locking"",""Locking Mechanism"":""Variloc""}",FALSE,,FALSE,
Ultimax Supply Sdn Bhd,30386056,4.5mm Cortex Screw Variloc (4.5mmx56mm),Screws,1000,10,0,Nos,WH-00350,0.035,Kg,0,Malaysia,,VA 4.5/ 5.0 mm set (Screws),FALSE,FALSE,,0,TRUE,1,0,150,Nos,MYR,99999999,Nos,MYR,0,Nos,MYR,TRUE,1,0,Nos,MYR,0,Nos,MYR,0,Nos,MYR,0,Nos,MYR,"{""Implant Type Category"":""Large Fragment Screw"",""Diameter"":4.5,""Length"":56,""Screw Category"":""Large Fragment"",""Screw Type"":""Cortex"",""Head Type"":""Non-Locking"",""Locking Mechanism"":""Variloc""}",FALSE,,FALSE,
Ultimax Supply Sdn Bhd,30386058,4.5mm Cortex Screw Variloc (4.5mmx58mm),Screws,1000,10,0,Nos,WH-00350,0.035,Kg,0,Malaysia,,VA 4.5/ 5.0 mm set (Screws),FALSE,FALSE,,0,TRUE,1,0,150,Nos,MYR,99999999,Nos,MYR,0,Nos,MYR,TRUE,1,0,Nos,MYR,0,Nos,MYR,0,Nos,MYR,0,Nos,MYR,"{""Implant Type Category"":""Large Fragment Screw"",""Diameter"":4.5,""Length"":58,""Screw Category"":""Large Fragment"",""Screw Type"":""Cortex"",""Head Type"":""Non-Locking"",""Locking Mechanism"":""Variloc""}",FALSE,,FALSE,
Ultimax Supply Sdn Bhd,30386060,4.5mm Cortex Screw Variloc (4.5mmx60mm),Screws,1000,10,0,Nos,WH-00350,0.035,Kg,0,Malaysia,,VA 4.5/ 5.0 mm set (Screws),FALSE,FALSE,,0,TRUE,1,0,150,Nos,MYR,99999999,Nos,MYR,0,Nos,MYR,TRUE,1,0,Nos,MYR,0,Nos,MYR,0,Nos,MYR,0,Nos,MYR,"{""Implant Type Category"":""Large Fragment Screw"",""Diameter"":4.5,""Length"":60,""Screw Category"":""Large Fragment"",""Screw Type"":""Cortex"",""Head Type"":""Non-Locking"",""Locking Mechanism"":""Variloc""}",FALSE,,FALSE,
Ultimax Supply Sdn Bhd,30386062,4.5mm Cortex Screw Variloc (4.5mmx62mm),Screws,1000,10,0,Nos,WH-00350,0.035,Kg,0,Malaysia,,VA 4.5/ 5.0 mm set (Screws),FALSE,FALSE,,0,TRUE,1,0,150,Nos,MYR,99999999,Nos,MYR,0,Nos,MYR,TRUE,1,0,Nos,MYR,0,Nos,MYR,0,Nos,MYR,0,Nos,MYR,"{""Implant Type Category"":""Large Fragment Screw"",""Diameter"":4.5,""Length"":62,""Screw Category"":""Large Fragment"",""Screw Type"":""Cortex"",""Head Type"":""Non-Locking"",""Locking Mechanism"":""Variloc""}",FALSE,,FALSE,
Ultimax Supply Sdn Bhd,30386065,4.5mm Cortex Screw Variloc (4.5mmx65mm),Screws,1000,10,0,Nos,WH-00350,0.035,Kg,0,Malaysia,,VA 4.5/ 5.0 mm set (Screws),FALSE,FALSE,,0,TRUE,1,0,150,Nos,MYR,99999999,Nos,MYR,0,Nos,MYR,TRUE,1,0,Nos,MYR,0,Nos,MYR,0,Nos,MYR,0,Nos,MYR,"{""Implant Type Category"":""Large Fragment Screw"",""Diameter"":4.5,""Length"":65,""Screw Category"":""Large Fragment"",""Screw Type"":""Cortex"",""Head Type"":""Non-Locking"",""Locking Mechanism"":""Variloc""}",FALSE,,FALSE,
Ultimax Supply Sdn Bhd,30386070,4.5mm Cortex Screw Variloc (4.5mmx70mm),Screws,1000,10,0,Nos,WH-00350,0.035,Kg,0,Malaysia,,VA 4.5/ 5.0 mm set (Screws),FALSE,FALSE,,0,TRUE,1,0,150,Nos,MYR,99999999,Nos,MYR,0,Nos,MYR,TRUE,1,0,Nos,MYR,0,Nos,MYR,0,Nos,MYR,0,Nos,MYR,"{""Implant Type Category"":""Large Fragment Screw"",""Diameter"":4.5,""Length"":70,""Screw Category"":""Large Fragment"",""Screw Type"":""Cortex"",""Head Type"":""Non-Locking"",""Locking Mechanism"":""Variloc""}",FALSE,,FALSE,
Ultimax Supply Sdn Bhd,30387012,3.5mm Cortex Screw Variloc (3.5mm x 12mm),Screws,1000,10,0,Nos,WH-00350,0.02,Kg,0,Malaysia,,"VA 3.5 mm set (Screws), VA 2.7/3.5 mm set (Screws)",FALSE,FALSE,,0,TRUE,1,0,150,Nos,MYR,99999999,Nos,MYR,0,Nos,MYR,TRUE,1,0,Nos,MYR,0,Nos,MYR,0,Nos,MYR,0,Nos,MYR,"{""Implant Type Category"":""Small Fragment Screw"",""Diameter"":3.5,""Length"":12,""Screw Category"":""Small Fragment"",""Screw Type"":""Cortex"",""Head Type"":""Non-Locking"",""Locking Mechanism"":""Variloc""}",FALSE,,FALSE,
Ultimax Supply Sdn Bhd,30387014,3.5mm Cortex Screw Variloc (3.5mm x 14mm),Screws,1000,10,0,Nos,WH-00350,0.02,Kg,0,Malaysia,,"VA 3.5 mm set (Screws), VA 2.7/3.5 mm set (Screws)",FALSE,FALSE,,0,TRUE,1,0,150,Nos,MYR,99999999,Nos,MYR,0,Nos,MYR,TRUE,1,0,Nos,MYR,0,Nos,MYR,0,Nos,MYR,0,Nos,MYR,"{""Implant Type Category"":""Small Fragment Screw"",""Diameter"":3.5,""Length"":14,""Screw Category"":""Small Fragment"",""Screw Type"":""Cortex"",""Head Type"":""Non-Locking"",""Locking Mechanism"":""Variloc""}",FALSE,,FALSE,
Ultimax Supply Sdn Bhd,30387016,3.5mm Cortex Screw Variloc (3.5mm x 16mm),Screws,1000,10,0,Nos,WH-00350,0.02,Kg,0,Malaysia,,"VA 3.5 mm set (Screws), VA 2.7/3.5 mm set (Screws)",FALSE,FALSE,,0,TRUE,1,0,150,Nos,MYR,99999999,Nos,MYR,0,Nos,MYR,TRUE,1,0,Nos,MYR,0,Nos,MYR,0,Nos,MYR,0,Nos,MYR,"{""Implant Type Category"":""Small Fragment Screw"",""Diameter"":3.5,""Length"":16,""Screw Category"":""Small Fragment"",""Screw Type"":""Cortex"",""Head Type"":""Non-Locking"",""Locking Mechanism"":""Variloc""}",FALSE,,FALSE,
Ultimax Supply Sdn Bhd,30387018,3.5mm Cortex Screw Variloc (3.5mm x 18mm),Screws,1000,10,0,Nos,WH-00350,0.02,Kg,0,Malaysia,,"VA 3.5 mm set (Screws), VA 2.7/3.5 mm set (Screws)",FALSE,FALSE,,0,TRUE,1,0,150,Nos,MYR,99999999,Nos,MYR,0,Nos,MYR,TRUE,1,0,Nos,MYR,0,Nos,MYR,0,Nos,MYR,0,Nos,MYR,"{""Implant Type Category"":""Small Fragment Screw"",""Diameter"":3.5,""Length"":18,""Screw Category"":""Small Fragment"",""Screw Type"":""Cortex"",""Head Type"":""Non-Locking"",""Locking Mechanism"":""Variloc""}",FALSE,,FALSE,
Ultimax Supply Sdn Bhd,30387020,3.5mm Cortex Screw Variloc (3.5mm x 20mm),Screws,1000,10,0,Nos,WH-00350,0.02,Kg,0,Malaysia,,"VA 3.5 mm set (Screws), VA 2.7/3.5 mm set (Screws)",FALSE,FALSE,,0,TRUE,1,0,150,Nos,MYR,99999999,Nos,MYR,0,Nos,MYR,TRUE,1,0,Nos,MYR,0,Nos,MYR,0,Nos,MYR,0,Nos,MYR,"{""Implant Type Category"":""Small Fragment Screw"",""Diameter"":3.5,""Length"":20,""Screw Category"":""Small Fragment"",""Screw Type"":""Cortex"",""Head Type"":""Non-Locking"",""Locking Mechanism"":""Variloc""}",FALSE,,FALSE,
Ultimax Supply Sdn Bhd,30387022,3.5mm Cortex Screw Variloc (3.5mm x 22mm),Screws,1000,10,0,Nos,WH-00350,0.02,Kg,0,Malaysia,,"VA 3.5 mm set (Screws), VA 2.7/3.5 mm set (Screws)",FALSE,FALSE,,0,TRUE,1,0,150,Nos,MYR,99999999,Nos,MYR,0,Nos,MYR,TRUE,1,0,Nos,MYR,0,Nos,MYR,0,Nos,MYR,0,Nos,MYR,"{""Implant Type Category"":""Small Fragment Screw"",""Diameter"":3.5,""Length"":22,""Screw Category"":""Small Fragment"",""Screw Type"":""Cortex"",""Head Type"":""Non-Locking"",""Locking Mechanism"":""Variloc""}",FALSE,,FALSE,
Ultimax Supply Sdn Bhd,30387024,3.5mm Cortex Screw Variloc (3.5mm x 24mm),Screws,1000,10,0,Nos,WH-00350,0.02,Kg,0,Malaysia,,"VA 3.5 mm set (Screws), VA 2.7/3.5 mm set (Screws)",FALSE,FALSE,,0,TRUE,1,0,150,Nos,MYR,99999999,Nos,MYR,0,Nos,MYR,TRUE,1,0,Nos,MYR,0,Nos,MYR,0,Nos,MYR,0,Nos,MYR,"{""Implant Type Category"":""Small Fragment Screw"",""Diameter"":3.5,""Length"":24,""Screw Category"":""Small Fragment"",""Screw Type"":""Cortex"",""Head Type"":""Non-Locking"",""Locking Mechanism"":""Variloc""}",FALSE,,FALSE,
Ultimax Supply Sdn Bhd,30387026,3.5mm Cortex Screw Variloc (3.5mm x 26mm),Screws,1000,10,0,Nos,WH-00350,0.02,Kg,0,Malaysia,,"VA 3.5 mm set (Screws), VA 2.7/3.5 mm set (Screws)",FALSE,FALSE,,0,TRUE,1,0,150,Nos,MYR,99999999,Nos,MYR,0,Nos,MYR,TRUE,1,0,Nos,MYR,0,Nos,MYR,0,Nos,MYR,0,Nos,MYR,"{""Implant Type Category"":""Small Fragment Screw"",""Diameter"":3.5,""Length"":26,""Screw Category"":""Small Fragment"",""Screw Type"":""Cortex"",""Head Type"":""Non-Locking"",""Locking Mechanism"":""Variloc""}",FALSE,,FALSE,
Ultimax Supply Sdn Bhd,30387028,3.5mm Cortex Screw Variloc (3.5mm x 28mm),Screws,1000,10,0,Nos,WH-00350,0.02,Kg,0,Malaysia,,"VA 3.5 mm set (Screws), VA 2.7/3.5 mm set (Screws)",FALSE,FALSE,,0,TRUE,1,0,150,Nos,MYR,99999999,Nos,MYR,0,Nos,MYR,TRUE,1,0,Nos,MYR,0,Nos,MYR,0,Nos,MYR,0,Nos,MYR,"{""Implant Type Category"":""Small Fragment Screw"",""Diameter"":3.5,""Length"":28,""Screw Category"":""Small Fragment"",""Screw Type"":""Cortex"",""Head Type"":""Non-Locking"",""Locking Mechanism"":""Variloc""}",FALSE,,FALSE,
Ultimax Supply Sdn Bhd,30387030,3.5mm Cortex Screw Variloc (3.5mm x 30mm),Screws,1000,10,0,Nos,WH-00350,0.02,Kg,0,Malaysia,,"VA 3.5 mm set (Screws), VA 2.7/3.5 mm set (Screws)",FALSE,FALSE,,0,TRUE,1,0,150,Nos,MYR,99999999,Nos,MYR,0,Nos,MYR,TRUE,1,0,Nos,MYR,0,Nos,MYR,0,Nos,MYR,0,Nos,MYR,"{""Implant Type Category"":""Small Fragment Screw"",""Diameter"":3.5,""Length"":30,""Screw Category"":""Small Fragment"",""Screw Type"":""Cortex"",""Head Type"":""Non-Locking"",""Locking Mechanism"":""Variloc""}",FALSE,,FALSE,
Ultimax Supply Sdn Bhd,30387032,3.5mm Cortex Screw Variloc (3.5mm x 32mm),Screws,1000,10,0,Nos,WH-00350,0.02,Kg,0,Malaysia,,"VA 3.5 mm set (Screws), VA 2.7/3.5 mm set (Screws)",FALSE,FALSE,,0,TRUE,1,0,150,Nos,MYR,99999999,Nos,MYR,0,Nos,MYR,TRUE,1,0,Nos,MYR,0,Nos,MYR,0,Nos,MYR,0,Nos,MYR,"{""Implant Type Category"":""Small Fragment Screw"",""Diameter"":3.5,""Length"":32,""Screw Category"":""Small Fragment"",""Screw Type"":""Cortex"",""Head Type"":""Non-Locking"",""Locking Mechanism"":""Variloc""}",FALSE,,FALSE,
Ultimax Supply Sdn Bhd,30387034,3.5mm Cortex Screw Variloc (3.5mm x 34mm),Screws,1000,10,0,Nos,WH-00350,0.02,Kg,0,Malaysia,,"VA 3.5 mm set (Screws), VA 2.7/3.5 mm set (Screws)",FALSE,FALSE,,0,TRUE,1,0,150,Nos,MYR,99999999,Nos,MYR,0,Nos,MYR,TRUE,1,0,Nos,MYR,0,Nos,MYR,0,Nos,MYR,0,Nos,MYR,"{""Implant Type Category"":""Small Fragment Screw"",""Diameter"":3.5,""Length"":34,""Screw Category"":""Small Fragment"",""Screw Type"":""Cortex"",""Head Type"":""Non-Locking"",""Locking Mechanism"":""Variloc""}",FALSE,,FALSE,
Ultimax Supply Sdn Bhd,30387036,3.5mm Cortex Screw Variloc (3.5mm x 36mm),Screws,1000,10,0,Nos,WH-00350,0.02,Kg,0,Malaysia,,"VA 3.5 mm set (Screws), VA 2.7/3.5 mm set (Screws)",FALSE,FALSE,,0,TRUE,1,0,150,Nos,MYR,99999999,Nos,MYR,0,Nos,MYR,TRUE,1,0,Nos,MYR,0,Nos,MYR,0,Nos,MYR,0,Nos,MYR,"{""Implant Type Category"":""Small Fragment Screw"",""Diameter"":3.5,""Length"":36,""Screw Category"":""Small Fragment"",""Screw Type"":""Cortex"",""Head Type"":""Non-Locking"",""Locking Mechanism"":""Variloc""}",FALSE,,FALSE,
Ultimax Supply Sdn Bhd,30387038,3.5mm Cortex Screw Variloc (3.5mm x 38mm),Screws,1000,10,0,Nos,WH-00350,0.02,Kg,0,Malaysia,,"VA 3.5 mm set (Screws), VA 2.7/3.5 mm set (Screws)",FALSE,FALSE,,0,TRUE,1,0,150,Nos,MYR,99999999,Nos,MYR,0,Nos,MYR,TRUE,1,0,Nos,MYR,0,Nos,MYR,0,Nos,MYR,0,Nos,MYR,"{""Implant Type Category"":""Small Fragment Screw"",""Diameter"":3.5,""Length"":38,""Screw Category"":""Small Fragment"",""Screw Type"":""Cortex"",""Head Type"":""Non-Locking"",""Locking Mechanism"":""Variloc""}",FALSE,,FALSE,
Ultimax Supply Sdn Bhd,30387040,3.5mm Cortex Screw Variloc (3.5mm x 40mm),Screws,1000,10,0,Nos,WH-00350,0.02,Kg,0,Malaysia,,"VA 3.5 mm set (Screws), VA 2.7/3.5 mm set (Screws)",FALSE,FALSE,,0,TRUE,1,0,150,Nos,MYR,99999999,Nos,MYR,0,Nos,MYR,TRUE,1,0,Nos,MYR,0,Nos,MYR,0,Nos,MYR,0,Nos,MYR,"{""Implant Type Category"":""Small Fragment Screw"",""Diameter"":3.5,""Length"":40,""Screw Category"":""Small Fragment"",""Screw Type"":""Cortex"",""Head Type"":""Non-Locking"",""Locking Mechanism"":""Variloc""}",FALSE,,FALSE,
Ultimax Supply Sdn Bhd,30387045,3.5mm Cortex Screw Variloc (3.5mm x 45mm),Screws,1000,10,0,Nos,WH-00350,0.02,Kg,0,Malaysia,,"VA 3.5 mm set (Screws), VA 2.7/3.5 mm set (Screws)",FALSE,FALSE,,0,TRUE,1,0,150,Nos,MYR,99999999,Nos,MYR,0,Nos,MYR,TRUE,1,0,Nos,MYR,0,Nos,MYR,0,Nos,MYR,0,Nos,MYR,"{""Implant Type Category"":""Small Fragment Screw"",""Diameter"":3.5,""Length"":45,""Screw Category"":""Small Fragment"",""Screw Type"":""Cortex"",""Head Type"":""Non-Locking"",""Locking Mechanism"":""Variloc""}",FALSE,,FALSE,
Ultimax Supply Sdn Bhd,30387050,3.5mm Cortex Screw Variloc (3.5mm x 50mm),Screws,1000,10,0,Nos,WH-00350,0.02,Kg,0,Malaysia,,"VA 3.5 mm set (Screws), VA 2.7/3.5 mm set (Screws)",FALSE,FALSE,,0,TRUE,1,0,150,Nos,MYR,99999999,Nos,MYR,0,Nos,MYR,TRUE,1,0,Nos,MYR,0,Nos,MYR,0,Nos,MYR,0,Nos,MYR,"{""Implant Type Category"":""Small Fragment Screw"",""Diameter"":3.5,""Length"":50,""Screw Category"":""Small Fragment"",""Screw Type"":""Cortex"",""Head Type"":""Non-Locking"",""Locking Mechanism"":""Variloc""}",FALSE,,FALSE,
Ultimax Supply Sdn Bhd,30387055,3.5mm Cortex Screw Variloc (3.5mm x 55mm),Screws,1000,10,0,Nos,WH-00350,0.02,Kg,0,Malaysia,,"VA 3.5 mm set (Screws), VA 2.7/3.5 mm set (Screws)",FALSE,FALSE,,0,TRUE,1,0,150,Nos,MYR,99999999,Nos,MYR,0,Nos,MYR,TRUE,1,0,Nos,MYR,0,Nos,MYR,0,Nos,MYR,0,Nos,MYR,"{""Implant Type Category"":""Small Fragment Screw"",""Diameter"":3.5,""Length"":55,""Screw Category"":""Small Fragment"",""Screw Type"":""Cortex"",""Head Type"":""Non-Locking"",""Locking Mechanism"":""Variloc""}",FALSE,,FALSE,
Ultimax Supply Sdn Bhd,30387060,3.5mm Cortex Screw Variloc (3.5mm x 60mm),Screws,1000,10,0,Nos,WH-00350,0.02,Kg,0,Malaysia,,"VA 3.5 mm set (Screws), VA 2.7/3.5 mm set (Screws)",FALSE,FALSE,,0,TRUE,1,0,150,Nos,MYR,99999999,Nos,MYR,0,Nos,MYR,TRUE,1,0,Nos,MYR,0,Nos,MYR,0,Nos,MYR,0,Nos,MYR,"{""Implant Type Category"":""Small Fragment Screw"",""Diameter"":3.5,""Length"":60,""Screw Category"":""Small Fragment"",""Screw Type"":""Cortex"",""Head Type"":""Non-Locking"",""Locking Mechanism"":""Variloc""}",FALSE,,FALSE,
Ultimax Supply Sdn Bhd,31401050,"KCS 7.3mm, 16mm Thread (50mm)",Cannulated Screws (KCS),1000,10,0,Nos,WH-00349,0.05,Kg,0,Malaysia,,7.3mm Cannulated Screw,FALSE,FALSE,,0,TRUE,1,0,0,Nos,MYR,99999999,Nos,MYR,0,Nos,MYR,TRUE,1,0,Nos,MYR,0,Nos,MYR,0,Nos,MYR,0,Nos,MYR,"{""Implant Type Category"":""KCS"",""Diameter"":7.3,""KCS Size"":7.3,""Length"":50,""Thread Variant"":""16mm Thread""}",FALSE,,FALSE,
Ultimax Supply Sdn Bhd,31401055,"KCS 7.3mm, 16mm Thread (55mm)",Cannulated Screws (KCS),1000,10,0,Nos,WH-00349,0.05,Kg,0,Malaysia,,7.3mm Cannulated Screw,FALSE,FALSE,,0,TRUE,1,0,0,Nos,MYR,99999999,Nos,MYR,0,Nos,MYR,TRUE,1,0,Nos,MYR,0,Nos,MYR,0,Nos,MYR,0,Nos,MYR,"{""Implant Type Category"":""KCS"",""Diameter"":7.3,""KCS Size"":7.3,""Length"":55,""Thread Variant"":""16mm Thread""}",FALSE,,FALSE,
Ultimax Supply Sdn Bhd,31401060,"KCS 7.3mm, 16mm Thread (60mm)",Cannulated Screws (KCS),1000,10,0,Nos,WH-00349,0.05,Kg,0,Malaysia,,7.3mm Cannulated Screw,FALSE,FALSE,,0,TRUE,1,0,0,Nos,MYR,99999999,Nos,MYR,0,Nos,MYR,TRUE,1,0,Nos,MYR,0,Nos,MYR,0,Nos,MYR,0,Nos,MYR,"{""Implant Type Category"":""KCS"",""Diameter"":7.3,""KCS Size"":7.3,""Length"":60,""Thread Variant"":""16mm Thread""}",FALSE,,FALSE,
Ultimax Supply Sdn Bhd,31401065,"KCS 7.3mm, 16mm Thread (65mm)",Cannulated Screws (KCS),1000,10,0,Nos,WH-00349,0.05,Kg,0,Malaysia,,7.3mm Cannulated Screw,FALSE,FALSE,,0,TRUE,1,0,0,Nos,MYR,99999999,Nos,MYR,0,Nos,MYR,TRUE,1,0,Nos,MYR,0,Nos,MYR,0,Nos,MYR,0,Nos,MYR,"{""Implant Type Category"":""KCS"",""Diameter"":7.3,""KCS Size"":7.3,""Length"":65,""Thread Variant"":""16mm Thread""}",FALSE,,FALSE,
Ultimax Supply Sdn Bhd,31401070,"KCS 7.3mm, 16mm Thread (70mm)",Cannulated Screws (KCS),1000,10,0,Nos,WH-00349,0.05,Kg,0,Malaysia,,7.3mm Cannulated Screw,FALSE,FALSE,,0,TRUE,1,0,0,Nos,MYR,99999999,Nos,MYR,0,Nos,MYR,TRUE,1,0,Nos,MYR,0,Nos,MYR,0,Nos,MYR,0,Nos,MYR,"{""Implant Type Category"":""KCS"",""Diameter"":7.3,""KCS Size"":7.3,""Length"":70,""Thread Variant"":""16mm Thread""}",FALSE,,FALSE,
Ultimax Supply Sdn Bhd,31401075,"KCS 7.3mm, 16mm Thread (75mm)",Cannulated Screws (KCS),1000,10,0,Nos,WH-00349,0.05,Kg,0,Malaysia,,7.3mm Cannulated Screw,FALSE,FALSE,,0,TRUE,1,0,0,Nos,MYR,99999999,Nos,MYR,0,Nos,MYR,TRUE,1,0,Nos,MYR,0,Nos,MYR,0,Nos,MYR,0,Nos,MYR,"{""Implant Type Category"":""KCS"",""Diameter"":7.3,""KCS Size"":7.3,""Length"":75,""Thread Variant"":""16mm Thread""}",FALSE,,FALSE,
Ultimax Supply Sdn Bhd,31401080,"KCS 7.3mm, 16mm Thread (80mm)",Cannulated Screws (KCS),1000,10,0,Nos,WH-00349,0.05,Kg,0,Malaysia,,7.3mm Cannulated Screw,FALSE,FALSE,,0,TRUE,1,0,0,Nos,MYR,99999999,Nos,MYR,0,Nos,MYR,TRUE,1,0,Nos,MYR,0,Nos,MYR,0,Nos,MYR,0,Nos,MYR,"{""Implant Type Category"":""KCS"",""Diameter"":7.3,""KCS Size"":7.3,""Length"":80,""Thread Variant"":""16mm Thread""}",FALSE,,FALSE,
Ultimax Supply Sdn Bhd,31401085,"KCS 7.3mm, 16mm Thread (85mm)",Cannulated Screws (KCS),1000,10,0,Nos,WH-00349,0.05,Kg,0,Malaysia,,7.3mm Cannulated Screw,FALSE,FALSE,,0,TRUE,1,0,0,Nos,MYR,99999999,Nos,MYR,0,Nos,MYR,TRUE,1,0,Nos,MYR,0,Nos,MYR,0,Nos,MYR,0,Nos,MYR,"{""Implant Type Category"":""KCS"",""Diameter"":7.3,""KCS Size"":7.3,""Length"":85,""Thread Variant"":""16mm Thread""}",FALSE,,FALSE,
Ultimax Supply Sdn Bhd,31401090,"KCS 7.3mm, 16mm Thread (90mm)",Cannulated Screws (KCS),1000,10,0,Nos,WH-00349,0.05,Kg,0,Malaysia,,7.3mm Cannulated Screw,FALSE,FALSE,,0,TRUE,1,0,0,Nos,MYR,99999999,Nos,MYR,0,Nos,MYR,TRUE,1,0,Nos,MYR,0,Nos,MYR,0,Nos,MYR,0,Nos,MYR,"{""Implant Type Category"":""KCS"",""Diameter"":7.3,""KCS Size"":7.3,""Length"":90,""Thread Variant"":""16mm Thread""}",FALSE,,FALSE,
Ultimax Supply Sdn Bhd,31401091,"KCS 7.3mm, 16mm Thread (95mm)",Cannulated Screws (KCS),1000,10,0,Nos,WH-00349,0.05,Kg,0,Malaysia,,7.3mm Cannulated Screw,FALSE,FALSE,,0,TRUE,1,0,0,Nos,MYR,99999999,Nos,MYR,0,Nos,MYR,TRUE,1,0,Nos,MYR,0,Nos,MYR,0,Nos,MYR,0,Nos,MYR,"{""Implant Type Category"":""KCS"",""Diameter"":7.3,""KCS Size"":7.3,""Length"":95,""Thread Variant"":""16mm Thread""}",FALSE,,FALSE,
Ultimax Supply Sdn Bhd,31401092,"KCS 7.3mm, 16mm Thread (100mm)",Cannulated Screws (KCS),1000,10,0,Nos,WH-00349,0.05,Kg,0,Malaysia,,7.3mm Cannulated Screw,FALSE,FALSE,,0,TRUE,1,0,0,Nos,MYR,99999999,Nos,MYR,0,Nos,MYR,TRUE,1,0,Nos,MYR,0,Nos,MYR,0,Nos,MYR,0,Nos,MYR,"{""Implant Type Category"":""KCS"",""Diameter"":7.3,""KCS Size"":7.3,""Length"":100,""Thread Variant"":""16mm Thread""}",FALSE,,FALSE,
Ultimax Supply Sdn Bhd,31401093,"KCS 7.3mm, 16mm Thread (105mm)",Cannulated Screws (KCS),1000,10,0,Nos,WH-00349,0.05,Kg,0,Malaysia,,7.3mm Cannulated Screw,FALSE,FALSE,,0,TRUE,1,0,0,Nos,MYR,99999999,Nos,MYR,0,Nos,MYR,TRUE,1,0,Nos,MYR,0,Nos,MYR,0,Nos,MYR,0,Nos,MYR,"{""Implant Type Category"":""KCS"",""Diameter"":7.3,""KCS Size"":7.3,""Length"":105,""Thread Variant"":""16mm Thread""}",FALSE,,FALSE,
Ultimax Supply Sdn Bhd,31401094,"KCS 7.3mm, 16mm Thread (110mm)",Cannulated Screws (KCS),1000,10,0,Nos,WH-00349,0.05,Kg,0,Malaysia,,7.3mm Cannulated Screw,FALSE,FALSE,,0,TRUE,1,0,0,Nos,MYR,99999999,Nos,MYR,0,Nos,MYR,TRUE,1,0,Nos,MYR,0,Nos,MYR,0,Nos,MYR,0,Nos,MYR,"{""Implant Type Category"":""KCS"",""Diameter"":7.3,""KCS Size"":7.3,""Length"":110,""Thread Variant"":""16mm Thread""}",FALSE,,FALSE,
Ultimax Supply Sdn Bhd,31401095,"KCS 7.3mm, 16mm Thread (115mm)",Cannulated Screws (KCS),1000,10,0,Nos,WH-00349,0.05,Kg,0,Malaysia,,7.3mm Cannulated Screw,FALSE,FALSE,,0,TRUE,1,0,0,Nos,MYR,99999999,Nos,MYR,0,Nos,MYR,TRUE,1,0,Nos,MYR,0,Nos,MYR,0,Nos,MYR,0,Nos,MYR,"{""Implant Type Category"":""KCS"",""Diameter"":7.3,""KCS Size"":7.3,""Length"":115,""Thread Variant"":""16mm Thread""}",FALSE,,FALSE,
Ultimax Supply Sdn Bhd,31401096,"KCS 7.3mm, 16mm Thread (120mm)",Cannulated Screws (KCS),1000,10,0,Nos,WH-00349,0.05,Kg,0,Malaysia,,7.3mm Cannulated Screw,FALSE,FALSE,,0,TRUE,1,0,0,Nos,MYR,99999999,Nos,MYR,0,Nos,MYR,TRUE,1,0,Nos,MYR,0,Nos,MYR,0,Nos,MYR,0,Nos,MYR,"{""Implant Type Category"":""KCS"",""Diameter"":7.3,""KCS Size"":7.3,""Length"":120,""Thread Variant"":""16mm Thread""}",FALSE,,FALSE,
Ultimax Supply Sdn Bhd,31402000,"KCS 7.3mm, 16mm Thread (Washer)",Cannulated Screws (KCS),1000,10,0,Nos,WH-00349,0.01,Kg,0,Malaysia,,7.3mm Cannulated Screw,FALSE,FALSE,,0,TRUE,1,0,0,Nos,MYR,99999999,Nos,MYR,0,Nos,MYR,TRUE,1,0,Nos,MYR,0,Nos,MYR,0,Nos,MYR,0,Nos,MYR,"{""Implant Type Category"":""KCS"",""Diameter"":7.3,""KCS Size"":7.3,""Thread Variant"":""16mm Thread"",""Includes Washer"":true}",FALSE,,FALSE,
Ultimax Supply Sdn Bhd,31404050,"KCS 7.3mm, 32mm Thread (50mm)",Cannulated Screws (KCS),1000,10,0,Nos,WH-00349,0.05,Kg,0,Malaysia,,7.3mm Cannulated Screw,FALSE,FALSE,,0,TRUE,1,0,0,Nos,MYR,99999999,Nos,MYR,0,Nos,MYR,TRUE,1,0,Nos,MYR,0,Nos,MYR,0,Nos,MYR,0,Nos,MYR,"{""Implant Type Category"":""KCS"",""Diameter"":7.3,""KCS Size"":7.3,""Length"":50,""Thread Variant"":""32mm Thread""}",FALSE,,FALSE,
Ultimax Supply Sdn Bhd,31404055,"KCS 7.3mm, 32mm Thread (55mm)",Cannulated Screws (KCS),1000,10,0,Nos,WH-00349,0.05,Kg,0,Malaysia,,7.3mm Cannulated Screw,FALSE,FALSE,,0,TRUE,1,0,0,Nos,MYR,99999999,Nos,MYR,0,Nos,MYR,TRUE,1,0,Nos,MYR,0,Nos,MYR,0,Nos,MYR,0,Nos,MYR,"{""Implant Type Category"":""KCS"",""Diameter"":7.3,""KCS Size"":7.3,""Length"":55,""Thread Variant"":""32mm Thread""}",FALSE,,FALSE,
Ultimax Supply Sdn Bhd,31404060,"KCS 7.3mm, 32mm Thread (60mm)",Cannulated Screws (KCS),1000,10,0,Nos,WH-00349,0.05,Kg,0,Malaysia,,7.3mm Cannulated Screw,FALSE,FALSE,,0,TRUE,1,0,0,Nos,MYR,99999999,Nos,MYR,0,Nos,MYR,TRUE,1,0,Nos,MYR,0,Nos,MYR,0,Nos,MYR,0,Nos,MYR,"{""Implant Type Category"":""KCS"",""Diameter"":7.3,""KCS Size"":7.3,""Length"":60,""Thread Variant"":""32mm Thread""}",FALSE,,FALSE,
Ultimax Supply Sdn Bhd,31404065,"KCS 7.3mm, 32mm Thread (65mm)",Cannulated Screws (KCS),1000,10,0,Nos,WH-00349,0.05,Kg,0,Malaysia,,7.3mm Cannulated Screw,FALSE,FALSE,,0,TRUE,1,0,0,Nos,MYR,99999999,Nos,MYR,0,Nos,MYR,TRUE,1,0,Nos,MYR,0,Nos,MYR,0,Nos,MYR,0,Nos,MYR,"{""Implant Type Category"":""KCS"",""Diameter"":7.3,""KCS Size"":7.3,""Length"":65,""Thread Variant"":""32mm Thread""}",FALSE,,FALSE,
Ultimax Supply Sdn Bhd,31404070,"KCS 7.3mm, 32mm Thread (70mm)",Cannulated Screws (KCS),1000,10,0,Nos,WH-00349,0.05,Kg,0,Malaysia,,7.3mm Cannulated Screw,FALSE,FALSE,,0,TRUE,1,0,0,Nos,MYR,99999999,Nos,MYR,0,Nos,MYR,TRUE,1,0,Nos,MYR,0,Nos,MYR,0,Nos,MYR,0,Nos,MYR,"{""Implant Type Category"":""KCS"",""Diameter"":7.3,""KCS Size"":7.3,""Length"":70,""Thread Variant"":""32mm Thread""}",FALSE,,FALSE,
Ultimax Supply Sdn Bhd,31404075,"KCS 7.3mm, 32mm Thread (75mm)",Cannulated Screws (KCS),1000,10,0,Nos,WH-00349,0.05,Kg,0,Malaysia,,7.3mm Cannulated Screw,FALSE,FALSE,,0,TRUE,1,0,0,Nos,MYR,99999999,Nos,MYR,0,Nos,MYR,TRUE,1,0,Nos,MYR,0,Nos,MYR,0,Nos,MYR,0,Nos,MYR,"{""Implant Type Category"":""KCS"",""Diameter"":7.3,""KCS Size"":7.3,""Length"":75,""Thread Variant"":""32mm Thread""}",FALSE,,FALSE,
Ultimax Supply Sdn Bhd,31404080,"KCS 7.3mm, 32mm Thread (80mm)",Cannulated Screws (KCS),1000,10,0,Nos,WH-00349,0.05,Kg,0,Malaysia,,7.3mm Cannulated Screw,FALSE,FALSE,,0,TRUE,1,0,0,Nos,MYR,99999999,Nos,MYR,0,Nos,MYR,TRUE,1,0,Nos,MYR,0,Nos,MYR,0,Nos,MYR,0,Nos,MYR,"{""Implant Type Category"":""KCS"",""Diameter"":7.3,""KCS Size"":7.3,""Length"":80,""Thread Variant"":""32mm Thread""}",FALSE,,FALSE,
Ultimax Supply Sdn Bhd,31404085,"KCS 7.3mm, 32mm Thread (85mm)",Cannulated Screws (KCS),1000,10,0,Nos,WH-00349,0.05,Kg,0,Malaysia,,7.3mm Cannulated Screw,FALSE,FALSE,,0,TRUE,1,0,0,Nos,MYR,99999999,Nos,MYR,0,Nos,MYR,TRUE,1,0,Nos,MYR,0,Nos,MYR,0,Nos,MYR,0,Nos,MYR,"{""Implant Type Category"":""KCS"",""Diameter"":7.3,""KCS Size"":7.3,""Length"":85,""Thread Variant"":""32mm Thread""}",FALSE,,FALSE,
Ultimax Supply Sdn Bhd,31404090,"KCS 7.3mm, 32mm Thread (90mm)",Cannulated Screws (KCS),1000,10,0,Nos,WH-00349,0.05,Kg,0,Malaysia,,7.3mm Cannulated Screw,FALSE,FALSE,,0,TRUE,1,0,0,Nos,MYR,99999999,Nos,MYR,0,Nos,MYR,TRUE,1,0,Nos,MYR,0,Nos,MYR,0,Nos,MYR,0,Nos,MYR,"{""Implant Type Category"":""KCS"",""Diameter"":7.3,""KCS Size"":7.3,""Length"":90,""Thread Variant"":""32mm Thread""}",FALSE,,FALSE,
Ultimax Supply Sdn Bhd,31404091,"KCS 7.3mm, 32mm Thread (95mm)",Cannulated Screws (KCS),1000,10,0,Nos,WH-00349,0.05,Kg,0,Malaysia,,7.3mm Cannulated Screw,FALSE,FALSE,,0,TRUE,1,0,0,Nos,MYR,99999999,Nos,MYR,0,Nos,MYR,TRUE,1,0,Nos,MYR,0,Nos,MYR,0,Nos,MYR,0,Nos,MYR,"{""Implant Type Category"":""KCS"",""Diameter"":7.3,""KCS Size"":7.3,""Length"":95,""Thread Variant"":""32mm Thread""}",FALSE,,FALSE,
Ultimax Supply Sdn Bhd,31404092,"KCS 7.3mm, 32mm Thread (100mm)",Cannulated Screws (KCS),1000,10,0,Nos,WH-00349,0.05,Kg,0,Malaysia,,7.3mm Cannulated Screw,FALSE,FALSE,,0,TRUE,1,0,0,Nos,MYR,99999999,Nos,MYR,0,Nos,MYR,TRUE,1,0,Nos,MYR,0,Nos,MYR,0,Nos,MYR,0,Nos,MYR,"{""Implant Type Category"":""KCS"",""Diameter"":7.3,""KCS Size"":7.3,""Length"":100,""Thread Variant"":""32mm Thread""}",FALSE,,FALSE,
Ultimax Supply Sdn Bhd,31404093,"KCS 7.3mm, 32mm Thread (105mm)",Cannulated Screws (KCS),1000,10,0,Nos,WH-00349,0.05,Kg,0,Malaysia,,7.3mm Cannulated Screw,FALSE,FALSE,,0,TRUE,1,0,0,Nos,MYR,99999999,Nos,MYR,0,Nos,MYR,TRUE,1,0,Nos,MYR,0,Nos,MYR,0,Nos,MYR,0,Nos,MYR,"{""Implant Type Category"":""KCS"",""Diameter"":7.3,""KCS Size"":7.3,""Length"":105,""Thread Variant"":""32mm Thread""}",FALSE,,FALSE,
Ultimax Supply Sdn Bhd,31404094,"KCS 7.3mm, 32mm Thread (110mm)",Cannulated Screws (KCS),1000,10,0,Nos,WH-00349,0.05,Kg,0,Malaysia,,7.3mm Cannulated Screw,FALSE,FALSE,,0,TRUE,1,0,0,Nos,MYR,99999999,Nos,MYR,0,Nos,MYR,TRUE,1,0,Nos,MYR,0,Nos,MYR,0,Nos,MYR,0,Nos,MYR,"{""Implant Type Category"":""KCS"",""Diameter"":7.3,""KCS Size"":7.3,""Length"":110,""Thread Variant"":""32mm Thread""}",FALSE,,FALSE,
Ultimax Supply Sdn Bhd,31404095,"KCS 7.3mm, 32mm Thread (115mm)",Cannulated Screws (KCS),1000,10,0,Nos,WH-00349,0.05,Kg,0,Malaysia,,7.3mm Cannulated Screw,FALSE,FALSE,,0,TRUE,1,0,0,Nos,MYR,99999999,Nos,MYR,0,Nos,MYR,TRUE,1,0,Nos,MYR,0,Nos,MYR,0,Nos,MYR,0,Nos,MYR,"{""Implant Type Category"":""KCS"",""Diameter"":7.3,""KCS Size"":7.3,""Length"":115,""Thread Variant"":""32mm Thread""}",FALSE,,FALSE,
Ultimax Supply Sdn Bhd,31404096,"KCS 7.3mm, 32mm Thread (120mm)",Cannulated Screws (KCS),1000,10,0,Nos,WH-00349,0.05,Kg,0,Malaysia,,7.3mm Cannulated Screw,FALSE,FALSE,,0,TRUE,1,0,0,Nos,MYR,99999999,Nos,MYR,0,Nos,MYR,TRUE,1,0,Nos,MYR,0,Nos,MYR,0,Nos,MYR,0,Nos,MYR,"{""Implant Type Category"":""KCS"",""Diameter"":7.3,""KCS Size"":7.3,""Length"":120,""Thread Variant"":""32mm Thread""}",FALSE,,FALSE,
Ultimax Supply Sdn Bhd,31406000,KCS 4.0mm (Washer),Cannulated Screws (KCS),1000,10,0,Nos,WH-00349,0.01,Kg,0,Malaysia,,4.0mm Cannulated Screw,FALSE,FALSE,,0,TRUE,1,0,0,Nos,MYR,99999999,Nos,MYR,0,Nos,MYR,TRUE,1,0,Nos,MYR,0,Nos,MYR,0,Nos,MYR,0,Nos,MYR,"{""Implant Type Category"":""KCS"",""Diameter"":4,""KCS Size"":4,""Includes Washer"":true}",FALSE,,FALSE,
Ultimax Supply Sdn Bhd,31421025,KCS 4.0mm (25mm),Cannulated Screws (KCS),1000,10,0,Nos,WH-00349,0.02,Kg,0,Malaysia,,4.0mm Cannulated Screw,FALSE,FALSE,,0,TRUE,1,0,0,Nos,MYR,99999999,Nos,MYR,0,Nos,MYR,TRUE,1,0,Nos,MYR,0,Nos,MYR,0,Nos,MYR,0,Nos,MYR,"{""Implant Type Category"":""KCS"",""Diameter"":4,""KCS Size"":4,""Length"":25}",FALSE,,FALSE,
Ultimax Supply Sdn Bhd,31421030,KCS 4.0mm (30mm),Cannulated Screws (KCS),1000,10,0,Nos,WH-00349,0.02,Kg,0,Malaysia,,4.0mm Cannulated Screw,FALSE,FALSE,,0,TRUE,1,0,0,Nos,MYR,99999999,Nos,MYR,0,Nos,MYR,TRUE,1,0,Nos,MYR,0,Nos,MYR,0,Nos,MYR,0,Nos,MYR,"{""Implant Type Category"":""KCS"",""Diameter"":4,""KCS Size"":4,""Length"":30}",FALSE,,FALSE,
Ultimax Supply Sdn Bhd,31421035,KCS 4.0mm (35mm),Cannulated Screws (KCS),1000,10,0,Nos,WH-00349,0.02,Kg,0,Malaysia,,4.0mm Cannulated Screw,FALSE,FALSE,,0,TRUE,1,0,0,Nos,MYR,99999999,Nos,MYR,0,Nos,MYR,TRUE,1,0,Nos,MYR,0,Nos,MYR,0,Nos,MYR,0,Nos,MYR,"{""Implant Type Category"":""KCS"",""Diameter"":4,""KCS Size"":4,""Length"":35}",FALSE,,FALSE,
Ultimax Supply Sdn Bhd,31421040,KCS 4.0mm (40mm),Cannulated Screws (KCS),1000,10,0,Nos,WH-00349,0.02,Kg,0,Malaysia,,4.0mm Cannulated Screw,FALSE,FALSE,,0,TRUE,1,0,0,Nos,MYR,99999999,Nos,MYR,0,Nos,MYR,TRUE,1,0,Nos,MYR,0,Nos,MYR,0,Nos,MYR,0,Nos,MYR,"{""Implant Type Category"":""KCS"",""Diameter"":4,""KCS Size"":4,""Length"":40}",FALSE,,FALSE,
Ultimax Supply Sdn Bhd,31421045,KCS 4.0mm (45mm),Cannulated Screws (KCS),1000,10,0,Nos,WH-00349,0.02,Kg,0,Malaysia,,4.0mm Cannulated Screw,FALSE,FALSE,,0,TRUE,1,0,0,Nos,MYR,99999999,Nos,MYR,0,Nos,MYR,TRUE,1,0,Nos,MYR,0,Nos,MYR,0,Nos,MYR,0,Nos,MYR,"{""Implant Type Category"":""KCS"",""Diameter"":4,""KCS Size"":4,""Length"":45}",FALSE,,FALSE,
Ultimax Supply Sdn Bhd,31421050,KCS 4.0mm (50mm),Cannulated Screws (KCS),1000,10,0,Nos,WH-00349,0.02,Kg,0,Malaysia,,4.0mm Cannulated Screw,FALSE,FALSE,,0,TRUE,1,0,0,Nos,MYR,99999999,Nos,MYR,0,Nos,MYR,TRUE,1,0,Nos,MYR,0,Nos,MYR,0,Nos,MYR,0,Nos,MYR,"{""Implant Type Category"":""KCS"",""Diameter"":4,""KCS Size"":4,""Length"":50}",FALSE,,FALSE,
Ultimax Supply Sdn Bhd,31421055,KCS 4.0mm (55mm),Cannulated Screws (KCS),1000,10,0,Nos,WH-00349,0.02,Kg,0,Malaysia,,4.0mm Cannulated Screw,FALSE,FALSE,,0,TRUE,1,0,0,Nos,MYR,99999999,Nos,MYR,0,Nos,MYR,TRUE,1,0,Nos,MYR,0,Nos,MYR,0,Nos,MYR,0,Nos,MYR,"{""Implant Type Category"":""KCS"",""Diameter"":4,""KCS Size"":4,""Length"":55}",FALSE,,FALSE,
Ultimax Supply Sdn Bhd,31421060,KCS 4.0mm (60mm),Cannulated Screws (KCS),1000,10,0,Nos,WH-00349,0.02,Kg,0,Malaysia,,4.0mm Cannulated Screw,FALSE,FALSE,,0,TRUE,1,0,0,Nos,MYR,99999999,Nos,MYR,0,Nos,MYR,TRUE,1,0,Nos,MYR,0,Nos,MYR,0,Nos,MYR,0,Nos,MYR,"{""Implant Type Category"":""KCS"",""Diameter"":4,""KCS Size"":4,""Length"":60}",FALSE,,FALSE,
Ultimax Supply Sdn Bhd,31421065,KCS 4.0mm (65mm),Cannulated Screws (KCS),1000,10,0,Nos,WH-00349,0.02,Kg,0,Malaysia,,4.0mm Cannulated Screw,FALSE,FALSE,,0,TRUE,1,0,0,Nos,MYR,99999999,Nos,MYR,0,Nos,MYR,TRUE,1,0,Nos,MYR,0,Nos,MYR,0,Nos,MYR,0,Nos,MYR,"{""Implant Type Category"":""KCS"",""Diameter"":4,""KCS Size"":4,""Length"":65}",FALSE,,FALSE,
Ultimax Supply Sdn Bhd,31421070,KCS 4.0mm (70mm),Cannulated Screws (KCS),1000,10,0,Nos,WH-00349,0.02,Kg,0,Malaysia,,4.0mm Cannulated Screw,FALSE,FALSE,,0,TRUE,1,0,0,Nos,MYR,99999999,Nos,MYR,0,Nos,MYR,TRUE,1,0,Nos,MYR,0,Nos,MYR,0,Nos,MYR,0,Nos,MYR,"{""Implant Type Category"":""KCS"",""Diameter"":4,""KCS Size"":4,""Length"":70}",FALSE,,FALSE,
Ultimax Supply Sdn Bhd,31477108,2.7mm VA Locking Screw Variloc (2.7mm x 8mm),Screws,1000,10,0,Nos,WH-00350,0.01,Kg,0,Malaysia,,VA 2.7/3.5 mm set (Screws),FALSE,FALSE,,0,TRUE,1,0,250,Nos,MYR,99999999,Nos,MYR,0,Nos,MYR,TRUE,1,0,Nos,MYR,0,Nos,MYR,0,Nos,MYR,0,Nos,MYR,"{""Implant Type Category"":""Small Fragment Screw"",""Diameter"":2.7,""Length"":8,""Screw Category"":""Small Fragment"",""Screw Type"":""Locking"",""Head Type"":""VA Locking"",""Locking Mechanism"":""Variloc""}",FALSE,,FALSE,
Ultimax Supply Sdn Bhd,31477110,2.7mm VA Locking Screw Variloc (2.7mm x 10mm),Screws,1000,10,0,Nos,WH-00350,0.01,Kg,0,Malaysia,,"VA 2.7 mm set (Screws), VA 2.7/3.5 mm set (Screws)",FALSE,FALSE,,0,TRUE,1,0,250,Nos,MYR,99999999,Nos,MYR,0,Nos,MYR,TRUE,1,0,Nos,MYR,0,Nos,MYR,0,Nos,MYR,0,Nos,MYR,"{""Implant Type Category"":""Small Fragment Screw"",""Diameter"":2.7,""Length"":10,""Screw Category"":""Small Fragment"",""Screw Type"":""Locking"",""Head Type"":""VA Locking"",""Locking Mechanism"":""Variloc""}",FALSE,,FALSE,
Ultimax Supply Sdn Bhd,31477112,2.7mm VA Locking Screw Variloc (2.7mm x 12mm),Screws,1000,10,0,Nos,WH-00350,0.01,Kg,0,Malaysia,,"VA 2.7 mm set (Screws), VA 2.7/3.5 mm set (Screws)",FALSE,FALSE,,0,TRUE,1,0,250,Nos,MYR,99999999,Nos,MYR,0,Nos,MYR,TRUE,1,0,Nos,MYR,0,Nos,MYR,0,Nos,MYR,0,Nos,MYR,"{""Implant Type Category"":""Small Fragment Screw"",""Diameter"":2.7,""Length"":12,""Screw Category"":""Small Fragment"",""Screw Type"":""Locking"",""Head Type"":""VA Locking"",""Locking Mechanism"":""Variloc""}",FALSE,,FALSE,
Ultimax Supply Sdn Bhd,31477114,2.7mm VA Locking Screw Variloc (2.7mm x 14mm),Screws,1000,10,0,Nos,WH-00350,0.01,Kg,0,Malaysia,,"VA 2.7 mm set (Screws), VA 2.7/3.5 mm set (Screws)",FALSE,FALSE,,0,TRUE,1,0,250,Nos,MYR,99999999,Nos,MYR,0,Nos,MYR,TRUE,1,0,Nos,MYR,0,Nos,MYR,0,Nos,MYR,0,Nos,MYR,"{""Implant Type Category"":""Small Fragment Screw"",""Diameter"":2.7,""Length"":14,""Screw Category"":""Small Fragment"",""Screw Type"":""Locking"",""Head Type"":""VA Locking"",""Locking Mechanism"":""Variloc""}",FALSE,,FALSE,
Ultimax Supply Sdn Bhd,31477116,2.7mm VA Locking Screw Variloc (2.7mm x 16mm),Screws,1000,10,0,Nos,WH-00350,0.01,Kg,0,Malaysia,,"VA 2.7 mm set (Screws), VA 2.7/3.5 mm set (Screws)",FALSE,FALSE,,0,TRUE,1,0,250,Nos,MYR,99999999,Nos,MYR,0,Nos,MYR,TRUE,1,0,Nos,MYR,0,Nos,MYR,0,Nos,MYR,0,Nos,MYR,"{""Implant Type Category"":""Small Fragment Screw"",""Diameter"":2.7,""Length"":16,""Screw Category"":""Small Fragment"",""Screw Type"":""Locking"",""Head Type"":""VA Locking"",""Locking Mechanism"":""Variloc""}",FALSE,,FALSE,
Ultimax Supply Sdn Bhd,31477118,2.7mm VA Locking Screw Variloc (2.7mm x 18mm),Screws,1000,10,0,Nos,WH-00350,0.01,Kg,0,Malaysia,,"VA 2.7 mm set (Screws), VA 2.7/3.5 mm set (Screws)",FALSE,FALSE,,0,TRUE,1,0,250,Nos,MYR,99999999,Nos,MYR,0,Nos,MYR,TRUE,1,0,Nos,MYR,0,Nos,MYR,0,Nos,MYR,0,Nos,MYR,"{""Implant Type Category"":""Small Fragment Screw"",""Diameter"":2.7,""Length"":18,""Screw Category"":""Small Fragment"",""Screw Type"":""Locking"",""Head Type"":""VA Locking"",""Locking Mechanism"":""Variloc""}",FALSE,,FALSE,
Ultimax Supply Sdn Bhd,31477120,2.7mm VA Locking Screw Variloc (2.7mm x 20mm),Screws,1000,10,0,Nos,WH-00350,0.01,Kg,0,Malaysia,,"VA 2.7 mm set (Screws), VA 2.7/3.5 mm set (Screws)",FALSE,FALSE,,0,TRUE,1,0,250,Nos,MYR,99999999,Nos,MYR,0,Nos,MYR,TRUE,1,0,Nos,MYR,0,Nos,MYR,0,Nos,MYR,0,Nos,MYR,"{""Implant Type Category"":""Small Fragment Screw"",""Diameter"":2.7,""Length"":20,""Screw Category"":""Small Fragment"",""Screw Type"":""Locking"",""Head Type"":""VA Locking"",""Locking Mechanism"":""Variloc""}",FALSE,,FALSE,
Ultimax Supply Sdn Bhd,31477122,2.7mm VA Locking Screw Variloc (2.7mm x 22mm),Screws,1000,10,0,Nos,WH-00350,0.01,Kg,0,Malaysia,,"VA 2.7 mm set (Screws), VA 2.7/3.5 mm set (Screws)",FALSE,FALSE,,0,TRUE,1,0,250,Nos,MYR,99999999,Nos,MYR,0,Nos,MYR,TRUE,1,0,Nos,MYR,0,Nos,MYR,0,Nos,MYR,0,Nos,MYR,"{""Implant Type Category"":""Small Fragment Screw"",""Diameter"":2.7,""Length"":22,""Screw Category"":""Small Fragment"",""Screw Type"":""Locking"",""Head Type"":""VA Locking"",""Locking Mechanism"":""Variloc""}",FALSE,,FALSE,
Ultimax Supply Sdn Bhd,31477124,2.7mm VA Locking Screw Variloc (2.7mm x 24mm),Screws,1000,10,0,Nos,WH-00350,0.01,Kg,0,Malaysia,,"VA 2.7 mm set (Screws), VA 2.7/3.5 mm set (Screws)",FALSE,FALSE,,0,TRUE,1,0,250,Nos,MYR,99999999,Nos,MYR,0,Nos,MYR,TRUE,1,0,Nos,MYR,0,Nos,MYR,0,Nos,MYR,0,Nos,MYR,"{""Implant Type Category"":""Small Fragment Screw"",""Diameter"":2.7,""Length"":24,""Screw Category"":""Small Fragment"",""Screw Type"":""Locking"",""Head Type"":""VA Locking"",""Locking Mechanism"":""Variloc""}",FALSE,,FALSE,
Ultimax Supply Sdn Bhd,31477126,2.7mm VA Locking Screw Variloc (2.7mm x 26mm),Screws,1000,10,0,Nos,WH-00350,0.01,Kg,0,Malaysia,,"VA 2.7 mm set (Screws), VA 2.7/3.5 mm set (Screws)",FALSE,FALSE,,0,TRUE,1,0,250,Nos,MYR,99999999,Nos,MYR,0,Nos,MYR,TRUE,1,0,Nos,MYR,0,Nos,MYR,0,Nos,MYR,0,Nos,MYR,"{""Implant Type Category"":""Small Fragment Screw"",""Diameter"":2.7,""Length"":26,""Screw Category"":""Small Fragment"",""Screw Type"":""Locking"",""Head Type"":""VA Locking"",""Locking Mechanism"":""Variloc""}",FALSE,,FALSE,
Ultimax Supply Sdn Bhd,31477128,2.7mm VA Locking Screw Variloc (2.7mm x 28mm),Screws,1000,10,0,Nos,WH-00350,0.01,Kg,0,Malaysia,,"VA 2.7 mm set (Screws), VA 2.7/3.5 mm set (Screws)",FALSE,FALSE,,0,TRUE,1,0,250,Nos,MYR,99999999,Nos,MYR,0,Nos,MYR,TRUE,1,0,Nos,MYR,0,Nos,MYR,0,Nos,MYR,0,Nos,MYR,"{""Implant Type Category"":""Small Fragment Screw"",""Diameter"":2.7,""Length"":28,""Screw Category"":""Small Fragment"",""Screw Type"":""Locking"",""Head Type"":""VA Locking"",""Locking Mechanism"":""Variloc""}",FALSE,,FALSE,
Ultimax Supply Sdn Bhd,31477130,2.7mm VA Locking Screw Variloc (2.7mm x 30mm),Screws,1000,10,0,Nos,WH-00350,0.01,Kg,0,Malaysia,,"VA 2.7 mm set (Screws), VA 2.7/3.5 mm set (Screws)",FALSE,FALSE,,0,TRUE,1,0,250,Nos,MYR,99999999,Nos,MYR,0,Nos,MYR,TRUE,1,0,Nos,MYR,0,Nos,MYR,0,Nos,MYR,0,Nos,MYR,"{""Implant Type Category"":""Small Fragment Screw"",""Diameter"":2.7,""Length"":30,""Screw Category"":""Small Fragment"",""Screw Type"":""Locking"",""Head Type"":""VA Locking"",""Locking Mechanism"":""Variloc""}",FALSE,,FALSE,
Ultimax Supply Sdn Bhd,31477132,2.7mm VA Locking Screw Variloc (2.7mm x 32mm),Screws,1000,10,0,Nos,WH-00350,0.01,Kg,0,Malaysia,,VA 2.7/3.5 mm set (Screws),FALSE,FALSE,,0,TRUE,1,0,250,Nos,MYR,99999999,Nos,MYR,0,Nos,MYR,TRUE,1,0,Nos,MYR,0,Nos,MYR,0,Nos,MYR,0,Nos,MYR,"{""Implant Type Category"":""Small Fragment Screw"",""Diameter"":2.7,""Length"":32,""Screw Category"":""Small Fragment"",""Screw Type"":""Locking"",""Head Type"":""VA Locking"",""Locking Mechanism"":""Variloc""}",FALSE,,FALSE,
Ultimax Supply Sdn Bhd,31477134,2.7mm VA Locking Screw Variloc (2.7mm x 34mm),Screws,1000,10,0,Nos,WH-00350,0.01,Kg,0,Malaysia,,VA 2.7/3.5 mm set (Screws),FALSE,FALSE,,0,TRUE,1,0,250,Nos,MYR,99999999,Nos,MYR,0,Nos,MYR,TRUE,1,0,Nos,MYR,0,Nos,MYR,0,Nos,MYR,0,Nos,MYR,"{""Implant Type Category"":""Small Fragment Screw"",""Diameter"":2.7,""Length"":34,""Screw Category"":""Small Fragment"",""Screw Type"":""Locking"",""Head Type"":""VA Locking"",""Locking Mechanism"":""Variloc""}",FALSE,,FALSE,
Ultimax Supply Sdn Bhd,31477136,2.7mm VA Locking Screw Variloc (2.7mm x 36mm),Screws,1000,10,0,Nos,WH-00350,0.01,Kg,0,Malaysia,,VA 2.7/3.5 mm set (Screws),FALSE,FALSE,,0,TRUE,1,0,250,Nos,MYR,99999999,Nos,MYR,0,Nos,MYR,TRUE,1,0,Nos,MYR,0,Nos,MYR,0,Nos,MYR,0,Nos,MYR,"{""Implant Type Category"":""Small Fragment Screw"",""Diameter"":2.7,""Length"":36,""Screw Category"":""Small Fragment"",""Screw Type"":""Locking"",""Head Type"":""VA Locking"",""Locking Mechanism"":""Variloc""}",FALSE,,FALSE,
Ultimax Supply Sdn Bhd,31477138,2.7mm VA Locking Screw Variloc (2.7mm x 38mm),Screws,1000,10,0,Nos,WH-00350,0.01,Kg,0,Malaysia,,VA 2.7/3.5 mm set (Screws),FALSE,FALSE,,0,TRUE,1,0,250,Nos,MYR,99999999,Nos,MYR,0,Nos,MYR,TRUE,1,0,Nos,MYR,0,Nos,MYR,0,Nos,MYR,0,Nos,MYR,"{""Implant Type Category"":""Small Fragment Screw"",""Diameter"":2.7,""Length"":38,""Screw Category"":""Small Fragment"",""Screw Type"":""Locking"",""Head Type"":""VA Locking"",""Locking Mechanism"":""Variloc""}",FALSE,,FALSE,
Ultimax Supply Sdn Bhd,31477140,2.7mm VA Locking Screw Variloc (2.7mm x 40mm),Screws,1000,10,0,Nos,WH-00350,0.01,Kg,0,Malaysia,,VA 2.7/3.5 mm set (Screws),FALSE,FALSE,,0,TRUE,1,0,250,Nos,MYR,99999999,Nos,MYR,0,Nos,MYR,TRUE,1,0,Nos,MYR,0,Nos,MYR,0,Nos,MYR,0,Nos,MYR,"{""Implant Type Category"":""Small Fragment Screw"",""Diameter"":2.7,""Length"":40,""Screw Category"":""Small Fragment"",""Screw Type"":""Locking"",""Head Type"":""VA Locking"",""Locking Mechanism"":""Variloc""}",FALSE,,FALSE,
Ultimax Supply Sdn Bhd,31477142,2.7mm VA Locking Screw Variloc (2.7mm x 42mm),Screws,1000,10,0,Nos,WH-00350,0.01,Kg,0,Malaysia,,VA 2.7/3.5 mm set (Screws),FALSE,FALSE,,0,TRUE,1,0,250,Nos,MYR,99999999,Nos,MYR,0,Nos,MYR,TRUE,1,0,Nos,MYR,0,Nos,MYR,0,Nos,MYR,0,Nos,MYR,"{""Implant Type Category"":""Small Fragment Screw"",""Diameter"":2.7,""Length"":42,""Screw Category"":""Small Fragment"",""Screw Type"":""Locking"",""Head Type"":""VA Locking"",""Locking Mechanism"":""Variloc""}",FALSE,,FALSE,
Ultimax Supply Sdn Bhd,31477144,2.7mm VA Locking Screw Variloc (2.7mm x 44mm),Screws,1000,10,0,Nos,WH-00350,0.01,Kg,0,Malaysia,,VA 2.7/3.5 mm set (Screws),FALSE,FALSE,,0,TRUE,1,0,250,Nos,MYR,99999999,Nos,MYR,0,Nos,MYR,TRUE,1,0,Nos,MYR,0,Nos,MYR,0,Nos,MYR,0,Nos,MYR,"{""Implant Type Category"":""Small Fragment Screw"",""Diameter"":2.7,""Length"":44,""Screw Category"":""Small Fragment"",""Screw Type"":""Locking"",""Head Type"":""VA Locking"",""Locking Mechanism"":""Variloc""}",FALSE,,FALSE,
Ultimax Supply Sdn Bhd,31477146,2.7mm VA Locking Screw Variloc (2.7mm x 46mm),Screws,1000,10,0,Nos,WH-00350,0.01,Kg,0,Malaysia,,VA 2.7/3.5 mm set (Screws),FALSE,FALSE,,0,TRUE,1,0,250,Nos,MYR,99999999,Nos,MYR,0,Nos,MYR,TRUE,1,0,Nos,MYR,0,Nos,MYR,0,Nos,MYR,0,Nos,MYR,"{""Implant Type Category"":""Small Fragment Screw"",""Diameter"":2.7,""Length"":46,""Screw Category"":""Small Fragment"",""Screw Type"":""Locking"",""Head Type"":""VA Locking"",""Locking Mechanism"":""Variloc""}",FALSE,,FALSE,
Ultimax Supply Sdn Bhd,31477148,2.7mm VA Locking Screw Variloc (2.7mm x 48mm),Screws,1000,10,0,Nos,WH-00350,0.01,Kg,0,Malaysia,,VA 2.7/3.5 mm set (Screws),FALSE,FALSE,,0,TRUE,1,0,250,Nos,MYR,99999999,Nos,MYR,0,Nos,MYR,TRUE,1,0,Nos,MYR,0,Nos,MYR,0,Nos,MYR,0,Nos,MYR,"{""Implant Type Category"":""Small Fragment Screw"",""Diameter"":2.7,""Length"":48,""Screw Category"":""Small Fragment"",""Screw Type"":""Locking"",""Head Type"":""VA Locking"",""Locking Mechanism"":""Variloc""}",FALSE,,FALSE,
Ultimax Supply Sdn Bhd,31477150,2.7mm VA Locking Screw Variloc (2.7mm x 50mm),Screws,1000,10,0,Nos,WH-00350,0.01,Kg,0,Malaysia,,VA 2.7/3.5 mm set (Screws),FALSE,FALSE,,0,TRUE,1,0,250,Nos,MYR,99999999,Nos,MYR,0,Nos,MYR,TRUE,1,0,Nos,MYR,0,Nos,MYR,0,Nos,MYR,0,Nos,MYR,"{""Implant Type Category"":""Small Fragment Screw"",""Diameter"":2.7,""Length"":50,""Screw Category"":""Small Fragment"",""Screw Type"":""Locking"",""Head Type"":""VA Locking"",""Locking Mechanism"":""Variloc""}",FALSE,,FALSE,
Ultimax Supply Sdn Bhd,31477152,2.7mm VA Locking Screw Variloc (2.7mm x 52mm),Screws,1000,10,0,Nos,WH-00350,0.01,Kg,0,Malaysia,,VA 2.7/3.5 mm set (Screws),FALSE,FALSE,,0,TRUE,1,0,250,Nos,MYR,99999999,Nos,MYR,0,Nos,MYR,TRUE,1,0,Nos,MYR,0,Nos,MYR,0,Nos,MYR,0,Nos,MYR,"{""Implant Type Category"":""Small Fragment Screw"",""Diameter"":2.7,""Length"":52,""Screw Category"":""Small Fragment"",""Screw Type"":""Locking"",""Head Type"":""VA Locking"",""Locking Mechanism"":""Variloc""}",FALSE,,FALSE,
Ultimax Supply Sdn Bhd,31477154,2.7mm VA Locking Screw Variloc (2.7mm x 54mm),Screws,1000,10,0,Nos,WH-00350,0.01,Kg,0,Malaysia,,VA 2.7/3.5 mm set (Screws),FALSE,FALSE,,0,TRUE,1,0,250,Nos,MYR,99999999,Nos,MYR,0,Nos,MYR,TRUE,1,0,Nos,MYR,0,Nos,MYR,0,Nos,MYR,0,Nos,MYR,"{""Implant Type Category"":""Small Fragment Screw"",""Diameter"":2.7,""Length"":54,""Screw Category"":""Small Fragment"",""Screw Type"":""Locking"",""Head Type"":""VA Locking"",""Locking Mechanism"":""Variloc""}",FALSE,,FALSE,
Ultimax Supply Sdn Bhd,31477156,2.7mm VA Locking Screw Variloc (2.7mm x 56mm),Screws,1000,10,0,Nos,WH-00350,0.01,Kg,0,Malaysia,,VA 2.7/3.5 mm set (Screws),FALSE,FALSE,,0,TRUE,1,0,250,Nos,MYR,99999999,Nos,MYR,0,Nos,MYR,TRUE,1,0,Nos,MYR,0,Nos,MYR,0,Nos,MYR,0,Nos,MYR,"{""Implant Type Category"":""Small Fragment Screw"",""Diameter"":2.7,""Length"":56,""Screw Category"":""Small Fragment"",""Screw Type"":""Locking"",""Head Type"":""VA Locking"",""Locking Mechanism"":""Variloc""}",FALSE,,FALSE,
Ultimax Supply Sdn Bhd,31477158,2.7mm VA Locking Screw Variloc (2.7mm x 58mm),Screws,1000,10,0,Nos,WH-00350,0.01,Kg,0,Malaysia,,VA 2.7/3.5 mm set (Screws),FALSE,FALSE,,0,TRUE,1,0,250,Nos,MYR,99999999,Nos,MYR,0,Nos,MYR,TRUE,1,0,Nos,MYR,0,Nos,MYR,0,Nos,MYR,0,Nos,MYR,"{""Implant Type Category"":""Small Fragment Screw"",""Diameter"":2.7,""Length"":58,""Screw Category"":""Small Fragment"",""Screw Type"":""Locking"",""Head Type"":""VA Locking"",""Locking Mechanism"":""Variloc""}",FALSE,,FALSE,
Ultimax Supply Sdn Bhd,31477160,2.7mm VA Locking Screw Variloc (2.7mm x 60mm),Screws,1000,10,0,Nos,WH-00350,0.01,Kg,0,Malaysia,,VA 2.7/3.5 mm set (Screws),FALSE,FALSE,,0,TRUE,1,0,250,Nos,MYR,99999999,Nos,MYR,0,Nos,MYR,TRUE,1,0,Nos,MYR,0,Nos,MYR,0,Nos,MYR,0,Nos,MYR,"{""Implant Type Category"":""Small Fragment Screw"",""Diameter"":2.7,""Length"":60,""Screw Category"":""Small Fragment"",""Screw Type"":""Locking"",""Head Type"":""VA Locking"",""Locking Mechanism"":""Variloc""}",FALSE,,FALSE,
Ultimax Supply Sdn Bhd,31478122,3.5mm VA Locking Screw Variloc (3.5mm x 22mm),Screws,1000,10,0,Nos,WH-00350,0.02,Kg,0,Malaysia,,"VA 3.5 mm set (Screws), VA 2.7/3.5 mm set (Screws)",FALSE,FALSE,,0,TRUE,1,0,250,Nos,MYR,99999999,Nos,MYR,0,Nos,MYR,TRUE,1,0,Nos,MYR,0,Nos,MYR,0,Nos,MYR,0,Nos,MYR,"{""Implant Type Category"":""Small Fragment Screw"",""Diameter"":3.5,""Length"":22,""Screw Category"":""Small Fragment"",""Screw Type"":""Locking"",""Head Type"":""VA Locking"",""Locking Mechanism"":""Variloc""}",FALSE,,FALSE,
Ultimax Supply Sdn Bhd,31478124,3.5mm VA Locking Screw Variloc (3.5mm x 24mm),Screws,1000,10,0,Nos,WH-00350,0.02,Kg,0,Malaysia,,"VA 3.5 mm set (Screws), VA 2.7/3.5 mm set (Screws)",FALSE,FALSE,,0,TRUE,1,0,250,Nos,MYR,99999999,Nos,MYR,0,Nos,MYR,TRUE,1,0,Nos,MYR,0,Nos,MYR,0,Nos,MYR,0,Nos,MYR,"{""Implant Type Category"":""Small Fragment Screw"",""Diameter"":3.5,""Length"":24,""Screw Category"":""Small Fragment"",""Screw Type"":""Locking"",""Head Type"":""VA Locking"",""Locking Mechanism"":""Variloc""}",FALSE,,FALSE,
Ultimax Supply Sdn Bhd,31478126,3.5mm VA Locking Screw Variloc (3.5mm x 26mm),Screws,1000,10,0,Nos,WH-00350,0.02,Kg,0,Malaysia,,"VA 3.5 mm set (Screws), VA 2.7/3.5 mm set (Screws)",FALSE,FALSE,,0,TRUE,1,0,250,Nos,MYR,99999999,Nos,MYR,0,Nos,MYR,TRUE,1,0,Nos,MYR,0,Nos,MYR,0,Nos,MYR,0,Nos,MYR,"{""Implant Type Category"":""Small Fragment Screw"",""Diameter"":3.5,""Length"":26,""Screw Category"":""Small Fragment"",""Screw Type"":""Locking"",""Head Type"":""VA Locking"",""Locking Mechanism"":""Variloc""}",FALSE,,FALSE,
Ultimax Supply Sdn Bhd,31478128,3.5mm VA Locking Screw Variloc (3.5mm x 28mm),Screws,1000,10,0,Nos,WH-00350,0.02,Kg,0,Malaysia,,"VA 3.5 mm set (Screws), VA 2.7/3.5 mm set (Screws)",FALSE,FALSE,,0,TRUE,1,0,250,Nos,MYR,99999999,Nos,MYR,0,Nos,MYR,TRUE,1,0,Nos,MYR,0,Nos,MYR,0,Nos,MYR,0,Nos,MYR,"{""Implant Type Category"":""Small Fragment Screw"",""Diameter"":3.5,""Length"":28,""Screw Category"":""Small Fragment"",""Screw Type"":""Locking"",""Head Type"":""VA Locking"",""Locking Mechanism"":""Variloc""}",FALSE,,FALSE,
Ultimax Supply Sdn Bhd,31478130,3.5mm VA Locking Screw Variloc (3.5mm x 30mm),Screws,1000,10,0,Nos,WH-00350,0.02,Kg,0,Malaysia,,"VA 3.5 mm set (Screws), VA 2.7/3.5 mm set (Screws)",FALSE,FALSE,,0,TRUE,1,0,250,Nos,MYR,99999999,Nos,MYR,0,Nos,MYR,TRUE,1,0,Nos,MYR,0,Nos,MYR,0,Nos,MYR,0,Nos,MYR,"{""Implant Type Category"":""Small Fragment Screw"",""Diameter"":3.5,""Length"":30,""Screw Category"":""Small Fragment"",""Screw Type"":""Locking"",""Head Type"":""VA Locking"",""Locking Mechanism"":""Variloc""}",FALSE,,FALSE,
Ultimax Supply Sdn Bhd,31478132,3.5mm VA Locking Screw Variloc (3.5mm x 32mm),Screws,1000,10,0,Nos,WH-00350,0.02,Kg,0,Malaysia,,"VA 3.5 mm set (Screws), VA 2.7/3.5 mm set (Screws)",FALSE,FALSE,,0,TRUE,1,0,250,Nos,MYR,99999999,Nos,MYR,0,Nos,MYR,TRUE,1,0,Nos,MYR,0,Nos,MYR,0,Nos,MYR,0,Nos,MYR,"{""Implant Type Category"":""Small Fragment Screw"",""Diameter"":3.5,""Length"":32,""Screw Category"":""Small Fragment"",""Screw Type"":""Locking"",""Head Type"":""VA Locking"",""Locking Mechanism"":""Variloc""}",FALSE,,FALSE,
Ultimax Supply Sdn Bhd,31478134,3.5mm VA Locking Screw Variloc (3.5mm x 34mm),Screws,1000,10,0,Nos,WH-00350,0.02,Kg,0,Malaysia,,"VA 3.5 mm set (Screws), VA 2.7/3.5 mm set (Screws)",FALSE,FALSE,,0,TRUE,1,0,250,Nos,MYR,99999999,Nos,MYR,0,Nos,MYR,TRUE,1,0,Nos,MYR,0,Nos,MYR,0,Nos,MYR,0,Nos,MYR,"{""Implant Type Category"":""Small Fragment Screw"",""Diameter"":3.5,""Length"":34,""Screw Category"":""Small Fragment"",""Screw Type"":""Locking"",""Head Type"":""VA Locking"",""Locking Mechanism"":""Variloc""}",FALSE,,FALSE,
Ultimax Supply Sdn Bhd,31478136,3.5mm VA Locking Screw Variloc (3.5mm x 36mm),Screws,1000,10,0,Nos,WH-00350,0.02,Kg,0,Malaysia,,"VA 3.5 mm set (Screws), VA 2.7/3.5 mm set (Screws)",FALSE,FALSE,,0,TRUE,1,0,250,Nos,MYR,99999999,Nos,MYR,0,Nos,MYR,TRUE,1,0,Nos,MYR,0,Nos,MYR,0,Nos,MYR,0,Nos,MYR,"{""Implant Type Category"":""Small Fragment Screw"",""Diameter"":3.5,""Length"":36,""Screw Category"":""Small Fragment"",""Screw Type"":""Locking"",""Head Type"":""VA Locking"",""Locking Mechanism"":""Variloc""}",FALSE,,FALSE,
Ultimax Supply Sdn Bhd,31478138,3.5mm VA Locking Screw Variloc (3.5mm x 38mm),Screws,1000,10,0,Nos,WH-00350,0.02,Kg,0,Malaysia,,"VA 3.5 mm set (Screws), VA 2.7/3.5 mm set (Screws)",FALSE,FALSE,,0,TRUE,1,0,250,Nos,MYR,99999999,Nos,MYR,0,Nos,MYR,TRUE,1,0,Nos,MYR,0,Nos,MYR,0,Nos,MYR,0,Nos,MYR,"{""Implant Type Category"":""Small Fragment Screw"",""Diameter"":3.5,""Length"":38,""Screw Category"":""Small Fragment"",""Screw Type"":""Locking"",""Head Type"":""VA Locking"",""Locking Mechanism"":""Variloc""}",FALSE,,FALSE,
Ultimax Supply Sdn Bhd,31478140,3.5mm VA Locking Screw Variloc (3.5mm x 40mm),Screws,1000,10,0,Nos,WH-00350,0.02,Kg,0,Malaysia,,"VA 3.5 mm set (Screws), VA 2.7/3.5 mm set (Screws)",FALSE,FALSE,,0,TRUE,1,0,250,Nos,MYR,99999999,Nos,MYR,0,Nos,MYR,TRUE,1,0,Nos,MYR,0,Nos,MYR,0,Nos,MYR,0,Nos,MYR,"{""Implant Type Category"":""Small Fragment Screw"",""Diameter"":3.5,""Length"":40,""Screw Category"":""Small Fragment"",""Screw Type"":""Locking"",""Head Type"":""VA Locking"",""Locking Mechanism"":""Variloc""}",FALSE,,FALSE,
Ultimax Supply Sdn Bhd,31478146,3.5mm VA Locking Screw Variloc (3.5mm x 46mm),Screws,1000,10,0,Nos,WH-00350,0.02,Kg,0,Malaysia,,"VA 3.5 mm set (Screws), VA 2.7/3.5 mm set (Screws)",FALSE,FALSE,,0,TRUE,1,0,250,Nos,MYR,99999999,Nos,MYR,0,Nos,MYR,TRUE,1,0,Nos,MYR,0,Nos,MYR,0,Nos,MYR,0,Nos,MYR,"{""Implant Type Category"":""Small Fragment Screw"",""Diameter"":3.5,""Length"":46,""Screw Category"":""Small Fragment"",""Screw Type"":""Locking"",""Head Type"":""VA Locking"",""Locking Mechanism"":""Variloc""}",FALSE,,FALSE,
Ultimax Supply Sdn Bhd,31478150,3.5mm VA Locking Screw Variloc (3.5mm x 50mm),Screws,1000,10,0,Nos,WH-00350,0.02,Kg,0,Malaysia,,"VA 3.5 mm set (Screws), VA 2.7/3.5 mm set (Screws)",FALSE,FALSE,,0,TRUE,1,0,250,Nos,MYR,99999999,Nos,MYR,0,Nos,MYR,TRUE,1,0,Nos,MYR,0,Nos,MYR,0,Nos,MYR,0,Nos,MYR,"{""Implant Type Category"":""Small Fragment Screw"",""Diameter"":3.5,""Length"":50,""Screw Category"":""Small Fragment"",""Screw Type"":""Locking"",""Head Type"":""VA Locking"",""Locking Mechanism"":""Variloc""}",FALSE,,FALSE,
Ultimax Supply Sdn Bhd,31478156,3.5mm VA Locking Screw Variloc (3.5mm x 56mm),Screws,1000,10,0,Nos,WH-00350,0.02,Kg,0,Malaysia,,"VA 3.5 mm set (Screws), VA 2.7/3.5 mm set (Screws)",FALSE,FALSE,,0,TRUE,1,0,250,Nos,MYR,99999999,Nos,MYR,0,Nos,MYR,TRUE,1,0,Nos,MYR,0,Nos,MYR,0,Nos,MYR,0,Nos,MYR,"{""Implant Type Category"":""Small Fragment Screw"",""Diameter"":3.5,""Length"":56,""Screw Category"":""Small Fragment"",""Screw Type"":""Locking"",""Head Type"":""VA Locking"",""Locking Mechanism"":""Variloc""}",FALSE,,FALSE,
Ultimax Supply Sdn Bhd,31478160,3.5mm VA Locking Screw Variloc (3.5mm x 60mm),Screws,1000,10,0,Nos,WH-00350,0.02,Kg,0,Malaysia,,"VA 3.5 mm set (Screws), VA 2.7/3.5 mm set (Screws)",FALSE,FALSE,,0,TRUE,1,0,250,Nos,MYR,99999999,Nos,MYR,0,Nos,MYR,TRUE,1,0,Nos,MYR,0,Nos,MYR,0,Nos,MYR,0,Nos,MYR,"{""Implant Type Category"":""Small Fragment Screw"",""Diameter"":3.5,""Length"":60,""Screw Category"":""Small Fragment"",""Screw Type"":""Locking"",""Head Type"":""VA Locking"",""Locking Mechanism"":""Variloc""}",FALSE,,FALSE,
Ultimax Supply Sdn Bhd,31478166,3.5mm VA Locking Screw Variloc (3.5mm x 66mm),Screws,1000,10,0,Nos,WH-00350,0.02,Kg,0,Malaysia,,"VA 3.5 mm set (Screws), VA 2.7/3.5 mm set (Screws)",FALSE,FALSE,,0,TRUE,1,0,250,Nos,MYR,99999999,Nos,MYR,0,Nos,MYR,TRUE,1,0,Nos,MYR,0,Nos,MYR,0,Nos,MYR,0,Nos,MYR,"{""Implant Type Category"":""Small Fragment Screw"",""Diameter"":3.5,""Length"":66,""Screw Category"":""Small Fragment"",""Screw Type"":""Locking"",""Head Type"":""VA Locking"",""Locking Mechanism"":""Variloc""}",FALSE,,FALSE,
Ultimax Supply Sdn Bhd,31478170,3.5mm VA Locking Screw Variloc (3.5mm x 70mm),Screws,1000,10,0,Nos,WH-00350,0.02,Kg,0,Malaysia,,"VA 3.5 mm set (Screws), VA 2.7/3.5 mm set (Screws)",FALSE,FALSE,,0,TRUE,1,0,250,Nos,MYR,99999999,Nos,MYR,0,Nos,MYR,TRUE,1,0,Nos,MYR,0,Nos,MYR,0,Nos,MYR,0,Nos,MYR,"{""Implant Type Category"":""Small Fragment Screw"",""Diameter"":3.5,""Length"":70,""Screw Category"":""Small Fragment"",""Screw Type"":""Locking"",""Head Type"":""VA Locking"",""Locking Mechanism"":""Variloc""}",FALSE,,FALSE,
Ultimax Supply Sdn Bhd,31478176,3.5mm VA Locking Screw Variloc (3.5mm x 76mm),Screws,1000,10,0,Nos,WH-00350,0.02,Kg,0,Malaysia,,"VA 3.5 mm set (Screws), VA 2.7/3.5 mm set (Screws)",FALSE,FALSE,,0,TRUE,1,0,250,Nos,MYR,99999999,Nos,MYR,0,Nos,MYR,TRUE,1,0,Nos,MYR,0,Nos,MYR,0,Nos,MYR,0,Nos,MYR,"{""Implant Type Category"":""Small Fragment Screw"",""Diameter"":3.5,""Length"":76,""Screw Category"":""Small Fragment"",""Screw Type"":""Locking"",""Head Type"":""VA Locking"",""Locking Mechanism"":""Variloc""}",FALSE,,FALSE,
Ultimax Supply Sdn Bhd,31478180,3.5mm VA Locking Screw Variloc (3.5mm x 80mm),Screws,1000,10,0,Nos,WH-00350,0.02,Kg,0,Malaysia,,"VA 3.5 mm set (Screws), VA 2.7/3.5 mm set (Screws)",FALSE,FALSE,,0,TRUE,1,0,250,Nos,MYR,99999999,Nos,MYR,0,Nos,MYR,TRUE,1,0,Nos,MYR,0,Nos,MYR,0,Nos,MYR,0,Nos,MYR,"{""Implant Type Category"":""Small Fragment Screw"",""Diameter"":3.5,""Length"":80,""Screw Category"":""Small Fragment"",""Screw Type"":""Locking"",""Head Type"":""VA Locking"",""Locking Mechanism"":""Variloc""}",FALSE,,FALSE,
Ultimax Supply Sdn Bhd,31479155,5.0mm VA Locking Screw Variloc (5.0mmx55mm),Screws,1000,10,0,Nos,WH-00350,0.035,Kg,0,Malaysia,,VA 4.5/ 5.0 mm set (Screws),FALSE,FALSE,,0,TRUE,1,0,250,Nos,MYR,99999999,Nos,MYR,0,Nos,MYR,TRUE,1,0,Nos,MYR,0,Nos,MYR,0,Nos,MYR,0,Nos,MYR,"{""Implant Type Category"":""Large Fragment Screw"",""Diameter"":5,""Length"":55,""Screw Category"":""Large Fragment"",""Screw Type"":""Locking"",""Head Type"":""VA Locking"",""Locking Mechanism"":""Variloc""}",FALSE,,FALSE,
Ultimax Supply Sdn Bhd,31479160,5.0mm VA Locking Screw Variloc (5.0mmx60mm),Screws,1000,10,0,Nos,WH-00350,0.035,Kg,0,Malaysia,,VA 4.5/ 5.0 mm set (Screws),FALSE,FALSE,,0,TRUE,1,0,250,Nos,MYR,99999999,Nos,MYR,0,Nos,MYR,TRUE,1,0,Nos,MYR,0,Nos,MYR,0,Nos,MYR,0,Nos,MYR,"{""Implant Type Category"":""Large Fragment Screw"",""Diameter"":5,""Length"":60,""Screw Category"":""Large Fragment"",""Screw Type"":""Locking"",""Head Type"":""VA Locking"",""Locking Mechanism"":""Variloc""}",FALSE,,FALSE,
Ultimax Supply Sdn Bhd,31479165,5.0mm VA Locking Screw Variloc (5.0mmx65mm),Screws,1000,10,0,Nos,WH-00350,0.035,Kg,0,Malaysia,,VA 4.5/ 5.0 mm set (Screws),FALSE,FALSE,,0,TRUE,1,0,250,Nos,MYR,99999999,Nos,MYR,0,Nos,MYR,TRUE,1,0,Nos,MYR,0,Nos,MYR,0,Nos,MYR,0,Nos,MYR,"{""Implant Type Category"":""Large Fragment Screw"",""Diameter"":5,""Length"":65,""Screw Category"":""Large Fragment"",""Screw Type"":""Locking"",""Head Type"":""VA Locking"",""Locking Mechanism"":""Variloc""}",FALSE,,FALSE,
Ultimax Supply Sdn Bhd,31479170,5.0mm VA Locking Screw Variloc (5.0mmx70mm),Screws,1000,10,0,Nos,WH-00350,0.035,Kg,0,Malaysia,,VA 4.5/ 5.0 mm set (Screws),FALSE,FALSE,,0,TRUE,1,0,250,Nos,MYR,99999999,Nos,MYR,0,Nos,MYR,TRUE,1,0,Nos,MYR,0,Nos,MYR,0,Nos,MYR,0,Nos,MYR,"{""Implant Type Category"":""Large Fragment Screw"",""Diameter"":5,""Length"":70,""Screw Category"":""Large Fragment"",""Screw Type"":""Locking"",""Head Type"":""VA Locking"",""Locking Mechanism"":""Variloc""}",FALSE,,FALSE,
Ultimax Supply Sdn Bhd,31479175,5.0mm VA Locking Screw Variloc (5.0mmx75mm),Screws,1000,10,0,Nos,WH-00350,0.035,Kg,0,Malaysia,,VA 4.5/ 5.0 mm set (Screws),FALSE,FALSE,,0,TRUE,1,0,250,Nos,MYR,99999999,Nos,MYR,0,Nos,MYR,TRUE,1,0,Nos,MYR,0,Nos,MYR,0,Nos,MYR,0,Nos,MYR,"{""Implant Type Category"":""Large Fragment Screw"",""Diameter"":5,""Length"":75,""Screw Category"":""Large Fragment"",""Screw Type"":""Locking"",""Head Type"":""VA Locking"",""Locking Mechanism"":""Variloc""}",FALSE,,FALSE,
Ultimax Supply Sdn Bhd,31479180,5.0mm VA Locking Screw Variloc (5.0mmx80mm),Screws,1000,10,0,Nos,WH-00350,0.035,Kg,0,Malaysia,,VA 4.5/ 5.0 mm set (Screws),FALSE,FALSE,,0,TRUE,1,0,250,Nos,MYR,99999999,Nos,MYR,0,Nos,MYR,TRUE,1,0,Nos,MYR,0,Nos,MYR,0,Nos,MYR,0,Nos,MYR,"{""Implant Type Category"":""Large Fragment Screw"",""Diameter"":5,""Length"":80,""Screw Category"":""Large Fragment"",""Screw Type"":""Locking"",""Head Type"":""VA Locking"",""Locking Mechanism"":""Variloc""}",FALSE,,FALSE,
Ultimax Supply Sdn Bhd,31479185,5.0mm VA Locking Screw Variloc (5.0mmx85mm),Screws,1000,10,0,Nos,WH-00350,0.035,Kg,0,Malaysia,,VA 4.5/ 5.0 mm set (Screws),FALSE,FALSE,,0,TRUE,1,0,250,Nos,MYR,99999999,Nos,MYR,0,Nos,MYR,TRUE,1,0,Nos,MYR,0,Nos,MYR,0,Nos,MYR,0,Nos,MYR,"{""Implant Type Category"":""Large Fragment Screw"",""Diameter"":5,""Length"":85,""Screw Category"":""Large Fragment"",""Screw Type"":""Locking"",""Head Type"":""VA Locking"",""Locking Mechanism"":""Variloc""}",FALSE,,FALSE,
Ultimax Supply Sdn Bhd,31479190,5.0mm VA Locking Screw Variloc (5.0mmx90mm),Screws,1000,10,0,Nos,WH-00350,0.035,Kg,0,Malaysia,,VA 4.5/ 5.0 mm set (Screws),FALSE,FALSE,,0,TRUE,1,0,250,Nos,MYR,99999999,Nos,MYR,0,Nos,MYR,TRUE,1,0,Nos,MYR,0,Nos,MYR,0,Nos,MYR,0,Nos,MYR,"{""Implant Type Category"":""Large Fragment Screw"",""Diameter"":5,""Length"":90,""Screw Category"":""Large Fragment"",""Screw Type"":""Locking"",""Head Type"":""VA Locking"",""Locking Mechanism"":""Variloc""}",FALSE,,FALSE,
Ultimax Supply Sdn Bhd,31479195,5.0mm VA Locking Screw Variloc (5.0mmx95mm),Screws,1000,10,0,Nos,WH-00350,0.035,Kg,0,Malaysia,,VA 4.5/ 5.0 mm set (Screws),FALSE,FALSE,,0,TRUE,1,0,250,Nos,MYR,99999999,Nos,MYR,0,Nos,MYR,TRUE,1,0,Nos,MYR,0,Nos,MYR,0,Nos,MYR,0,Nos,MYR,"{""Implant Type Category"":""Large Fragment Screw"",""Diameter"":5,""Length"":95,""Screw Category"":""Large Fragment"",""Screw Type"":""Locking"",""Head Type"":""VA Locking"",""Locking Mechanism"":""Variloc""}",FALSE,,FALSE,
Ultimax Supply Sdn Bhd,31479196,5.0mm VA Locking Screw Variloc (5.0mmx100mm),Screws,1000,10,0,Nos,WH-00350,0.035,Kg,0,Malaysia,,VA 4.5/ 5.0 mm set (Screws),FALSE,FALSE,,0,TRUE,1,0,250,Nos,MYR,99999999,Nos,MYR,0,Nos,MYR,TRUE,1,0,Nos,MYR,0,Nos,MYR,0,Nos,MYR,0,Nos,MYR,"{""Implant Type Category"":""Large Fragment Screw"",""Diameter"":5,""Length"":100,""Screw Category"":""Large Fragment"",""Screw Type"":""Locking"",""Head Type"":""VA Locking"",""Locking Mechanism"":""Variloc""}",FALSE,,FALSE,
Ultimax Supply Sdn Bhd,32801070,AR Blade (10.3mm x 70mm),Screws,1000,10,0,Nos,WH-00353,0.15,Kg,0,Malaysia,,Neogen AR set (Screws),FALSE,FALSE,,0,TRUE,1,0,900,Nos,MYR,99999999,Nos,MYR,0,Nos,MYR,TRUE,1,0,Nos,MYR,0,Nos,MYR,0,Nos,MYR,0,Nos,MYR,"{""Implant Type Category"":""Large Fragment Screw"",""Diameter"":10.3,""Length"":70,""Screw Category"":""Large Fragment""}",FALSE,,FALSE,
Ultimax Supply Sdn Bhd,32801075,AR Blade (10.3mm x 75mm),Screws,1000,10,0,Nos,WH-00353,0.15,Kg,0,Malaysia,,Neogen AR set (Screws),FALSE,FALSE,,0,TRUE,1,0,900,Nos,MYR,99999999,Nos,MYR,0,Nos,MYR,TRUE,1,0,Nos,MYR,0,Nos,MYR,0,Nos,MYR,0,Nos,MYR,"{""Implant Type Category"":""Large Fragment Screw"",""Diameter"":10.3,""Length"":75,""Screw Category"":""Large Fragment""}",FALSE,,FALSE,
Ultimax Supply Sdn Bhd,32801080,AR Blade (10.3mm x 80mm),Screws,1000,10,0,Nos,WH-00353,0.15,Kg,0,Malaysia,,Neogen AR set (Screws),FALSE,FALSE,,0,TRUE,1,0,900,Nos,MYR,99999999,Nos,MYR,0,Nos,MYR,TRUE,1,0,Nos,MYR,0,Nos,MYR,0,Nos,MYR,0,Nos,MYR,"{""Implant Type Category"":""Large Fragment Screw"",""Diameter"":10.3,""Length"":80,""Screw Category"":""Large Fragment""}",FALSE,,FALSE,
Ultimax Supply Sdn Bhd,32801085,AR Blade (10.3mm x 85mm),Screws,1000,10,0,Nos,WH-00353,0.15,Kg,0,Malaysia,,Neogen AR set (Screws),FALSE,FALSE,,0,TRUE,1,0,900,Nos,MYR,99999999,Nos,MYR,0,Nos,MYR,TRUE,1,0,Nos,MYR,0,Nos,MYR,0,Nos,MYR,0,Nos,MYR,"{""Implant Type Category"":""Large Fragment Screw"",""Diameter"":10.3,""Length"":85,""Screw Category"":""Large Fragment""}",FALSE,,FALSE,
Ultimax Supply Sdn Bhd,32801090,AR Blade (10.3mm x 90mm),Screws,1000,10,0,Nos,WH-00353,0.15,Kg,0,Malaysia,,Neogen AR set (Screws),FALSE,FALSE,,0,TRUE,1,0,900,Nos,MYR,99999999,Nos,MYR,0,Nos,MYR,TRUE,1,0,Nos,MYR,0,Nos,MYR,0,Nos,MYR,0,Nos,MYR,"{""Implant Type Category"":""Large Fragment Screw"",""Diameter"":10.3,""Length"":90,""Screw Category"":""Large Fragment""}",FALSE,,FALSE,
Ultimax Supply Sdn Bhd,32801091,AR Blade (10.3mm x 95mm),Screws,1000,10,0,Nos,WH-00353,0.15,Kg,0,Malaysia,,Neogen AR set (Screws),FALSE,FALSE,,0,TRUE,1,0,900,Nos,MYR,99999999,Nos,MYR,0,Nos,MYR,TRUE,1,0,Nos,MYR,0,Nos,MYR,0,Nos,MYR,0,Nos,MYR,"{""Implant Type Category"":""Large Fragment Screw"",""Diameter"":10.3,""Length"":95,""Screw Category"":""Large Fragment""}",FALSE,,FALSE,
Ultimax Supply Sdn Bhd,32801092,AR Blade (10.3mm x 100mm),Screws,1000,10,0,Nos,WH-00353,0.15,Kg,0,Malaysia,,Neogen AR set (Screws),FALSE,FALSE,,0,TRUE,1,0,900,Nos,MYR,99999999,Nos,MYR,0,Nos,MYR,TRUE,1,0,Nos,MYR,0,Nos,MYR,0,Nos,MYR,0,Nos,MYR,"{""Implant Type Category"":""Large Fragment Screw"",""Diameter"":10.3,""Length"":100,""Screw Category"":""Large Fragment""}",FALSE,,FALSE,
Ultimax Supply Sdn Bhd,32801093,AR Blade (10.3mm x 105mm),Screws,1000,10,0,Nos,WH-00353,0.15,Kg,0,Malaysia,,Neogen AR set (Screws),FALSE,FALSE,,0,TRUE,1,0,900,Nos,MYR,99999999,Nos,MYR,0,Nos,MYR,TRUE,1,0,Nos,MYR,0,Nos,MYR,0,Nos,MYR,0,Nos,MYR,"{""Implant Type Category"":""Large Fragment Screw"",""Diameter"":10.3,""Length"":105,""Screw Category"":""Large Fragment""}",FALSE,,FALSE,
Ultimax Supply Sdn Bhd,32801094,AR Blade (10.3mm x 110mm),Screws,1000,10,0,Nos,WH-00353,0.15,Kg,0,Malaysia,,Neogen AR set (Screws),FALSE,FALSE,,0,TRUE,1,0,900,Nos,MYR,99999999,Nos,MYR,0,Nos,MYR,TRUE,1,0,Nos,MYR,0,Nos,MYR,0,Nos,MYR,0,Nos,MYR,"{""Implant Type Category"":""Large Fragment Screw"",""Diameter"":10.3,""Length"":110,""Screw Category"":""Large Fragment""}",FALSE,,FALSE,
Ultimax Supply Sdn Bhd,32801095,AR Blade (10.3mm x 115mm),Screws,1000,10,0,Nos,WH-00353,0.15,Kg,0,Malaysia,,Neogen AR set (Screws),FALSE,FALSE,,0,TRUE,1,0,900,Nos,MYR,99999999,Nos,MYR,0,Nos,MYR,TRUE,1,0,Nos,MYR,0,Nos,MYR,0,Nos,MYR,0,Nos,MYR,"{""Implant Type Category"":""Large Fragment Screw"",""Diameter"":10.3,""Length"":115,""Screw Category"":""Large Fragment""}",FALSE,,FALSE,
Ultimax Supply Sdn Bhd,32801096,AR Blade (10.3mm x 120mm),Screws,1000,10,0,Nos,WH-00353,0.15,Kg,0,Malaysia,,Neogen AR set (Screws),FALSE,FALSE,,0,TRUE,1,0,900,Nos,MYR,99999999,Nos,MYR,0,Nos,MYR,TRUE,1,0,Nos,MYR,0,Nos,MYR,0,Nos,MYR,0,Nos,MYR,"{""Implant Type Category"":""Large Fragment Screw"",""Diameter"":10.3,""Length"":120,""Screw Category"":""Large Fragment""}",FALSE,,FALSE,
Ultimax Supply Sdn Bhd,32803017,AR Nail- Short (10mm x 170mm),Intramedullary Nails,1000,10,0,Nos,WH-00348,0.2,Kg,0,Malaysia,,"Proximal Femoral Nail Long, Proximal Femoral Nail Short",FALSE,FALSE,,0,TRUE,1,0,0,Nos,MYR,99999999,Nos,MYR,0,Nos,MYR,TRUE,1,0,Nos,MYR,0,Nos,MYR,0,Nos,MYR,0,Nos,MYR,"{""Implant Type Category"":""Nail"",""Diameter"":10,""Length"":170,""Nail Type"":""Short"",""Target Bone"":""Femur""}",FALSE,,FALSE,
Ultimax Supply Sdn Bhd,32803020,AR Nail- Short (10mm x 200mm),Intramedullary Nails,1000,10,0,Nos,WH-00348,0.2,Kg,0,Malaysia,,"Proximal Femoral Nail Long, Proximal Femoral Nail Short",FALSE,FALSE,,0,TRUE,1,0,0,Nos,MYR,99999999,Nos,MYR,0,Nos,MYR,TRUE,1,0,Nos,MYR,0,Nos,MYR,0,Nos,MYR,0,Nos,MYR,"{""Implant Type Category"":""Nail"",""Diameter"":10,""Length"":200,""Nail Type"":""Short"",""Target Bone"":""Femur""}",FALSE,,FALSE,
Ultimax Supply Sdn Bhd,32803024,AR Nail- Short (10mm x 240mm),Intramedullary Nails,1000,10,0,Nos,WH-00348,0.2,Kg,0,Malaysia,,"Proximal Femoral Nail Long, Proximal Femoral Nail Short",FALSE,FALSE,,0,TRUE,1,0,0,Nos,MYR,99999999,Nos,MYR,0,Nos,MYR,TRUE,1,0,Nos,MYR,0,Nos,MYR,0,Nos,MYR,0,Nos,MYR,"{""Implant Type Category"":""Nail"",""Diameter"":10,""Length"":240,""Nail Type"":""Short"",""Target Bone"":""Femur""}",FALSE,,FALSE,
Ultimax Supply Sdn Bhd,32804017,AR Nail- Short (11mm x 170mm),Intramedullary Nails,1000,10,0,Nos,WH-00348,0.25,Kg,0,Malaysia,,"Proximal Femoral Nail Long, Proximal Femoral Nail Short",FALSE,FALSE,,0,TRUE,1,0,0,Nos,MYR,99999999,Nos,MYR,0,Nos,MYR,TRUE,1,0,Nos,MYR,0,Nos,MYR,0,Nos,MYR,0,Nos,MYR,"{""Implant Type Category"":""Nail"",""Diameter"":11,""Length"":170,""Nail Type"":""Short"",""Target Bone"":""Femur""}",FALSE,,FALSE,
Ultimax Supply Sdn Bhd,32804020,AR Nail- Short (11mm x 200mm),Intramedullary Nails,1000,10,0,Nos,WH-00348,0.25,Kg,0,Malaysia,,"Proximal Femoral Nail Long, Proximal Femoral Nail Short",FALSE,FALSE,,0,TRUE,1,0,0,Nos,MYR,99999999,Nos,MYR,0,Nos,MYR,TRUE,1,0,Nos,MYR,0,Nos,MYR,0,Nos,MYR,0,Nos,MYR,"{""Implant Type Category"":""Nail"",""Diameter"":11,""Length"":200,""Nail Type"":""Short"",""Target Bone"":""Femur""}",FALSE,,FALSE,
Ultimax Supply Sdn Bhd,32804024,AR Nail- Short (11mm x 240mm),Intramedullary Nails,1000,10,0,Nos,WH-00348,0.25,Kg,0,Malaysia,,"Proximal Femoral Nail Long, Proximal Femoral Nail Short",FALSE,FALSE,,0,TRUE,1,0,0,Nos,MYR,99999999,Nos,MYR,0,Nos,MYR,TRUE,1,0,Nos,MYR,0,Nos,MYR,0,Nos,MYR,0,Nos,MYR,"{""Implant Type Category"":""Nail"",""Diameter"":11,""Length"":240,""Nail Type"":""Short"",""Target Bone"":""Femur""}",FALSE,,FALSE,
Ultimax Supply Sdn Bhd,32805017,AR Nail- Short (9.3mm x 170mm),Intramedullary Nails,1000,10,0,Nos,WH-00348,0.15,Kg,0,Malaysia,,"Proximal Femoral Nail Long, Proximal Femoral Nail Short",FALSE,FALSE,,0,TRUE,1,0,0,Nos,MYR,99999999,Nos,MYR,0,Nos,MYR,TRUE,1,0,Nos,MYR,0,Nos,MYR,0,Nos,MYR,0,Nos,MYR,"{""Implant Type Category"":""Nail"",""Diameter"":9.3,""Length"":170,""Nail Type"":""Short"",""Target Bone"":""Femur""}",FALSE,,FALSE,
Ultimax Supply Sdn Bhd,32805020,AR Nail- Short (9.3mm x 200mm),Intramedullary Nails,1000,10,0,Nos,WH-00348,0.15,Kg,0,Malaysia,,"Proximal Femoral Nail Long, Proximal Femoral Nail Short",FALSE,FALSE,,0,TRUE,1,0,0,Nos,MYR,99999999,Nos,MYR,0,Nos,MYR,TRUE,1,0,Nos,MYR,0,Nos,MYR,0,Nos,MYR,0,Nos,MYR,"{""Implant Type Category"":""Nail"",""Diameter"":9.3,""Length"":200,""Nail Type"":""Short"",""Target Bone"":""Femur""}",FALSE,,FALSE,
Ultimax Supply Sdn Bhd,32805024,AR Nail- Short (9.3mm x 240mm),Intramedullary Nails,1000,10,0,Nos,WH-00348,0.15,Kg,0,Malaysia,,"Proximal Femoral Nail Long, Proximal Femoral Nail Short",FALSE,FALSE,,0,TRUE,1,0,0,Nos,MYR,99999999,Nos,MYR,0,Nos,MYR,TRUE,1,0,Nos,MYR,0,Nos,MYR,0,Nos,MYR,0,Nos,MYR,"{""Implant Type Category"":""Nail"",""Diameter"":9.3,""Length"":240,""Nail Type"":""Short"",""Target Bone"":""Femur""}",FALSE,,FALSE,
Ultimax Supply Sdn Bhd,32806000,End Caps- PFN (End Caps),Screws,1000,10,0,Nos,WH-00353,0.01,Kg,0,Malaysia,,Neogen AR set (Screws),FALSE,FALSE,,0,TRUE,1,0,250,Nos,MYR,99999999,Nos,MYR,0,Nos,MYR,TRUE,1,0,Nos,MYR,0,Nos,MYR,0,Nos,MYR,0,Nos,MYR,"{""Implant Type Category"":""Small Fragment Screw"",""Diameter"":0,""Screw Category"":""Small Fragment""}",FALSE,,FALSE,
Ultimax Supply Sdn Bhd,32806005,"End Caps- PFN (End Caps, 5mm)",Screws,1000,10,0,Nos,WH-00353,0.01,Kg,0,Malaysia,,Neogen AR set (Screws),FALSE,FALSE,,0,TRUE,1,0,250,Nos,MYR,99999999,Nos,MYR,0,Nos,MYR,TRUE,1,0,Nos,MYR,0,Nos,MYR,0,Nos,MYR,0,Nos,MYR,"{""Implant Type Category"":""Large Fragment Screw"",""Diameter"":5,""Length"":5,""Screw Category"":""Large Fragment""}",FALSE,,FALSE,
Ultimax Supply Sdn Bhd,32806010,"End Caps- PFN (End Caps, 10mm)",Screws,1000,10,0,Nos,WH-00353,0.01,Kg,0,Malaysia,,Neogen AR set (Screws),FALSE,FALSE,,0,TRUE,1,0,250,Nos,MYR,99999999,Nos,MYR,0,Nos,MYR,TRUE,1,0,Nos,MYR,0,Nos,MYR,0,Nos,MYR,0,Nos,MYR,"{""Implant Type Category"":""Large Fragment Screw"",""Diameter"":10,""Length"":10,""Screw Category"":""Large Fragment""}",FALSE,,FALSE,
Ultimax Supply Sdn Bhd,32806015,"End Caps- PFN (End Caps, 15mm)",Screws,1000,10,0,Nos,WH-00353,0.01,Kg,0,Malaysia,,Neogen AR set (Screws),FALSE,FALSE,,0,TRUE,1,0,250,Nos,MYR,99999999,Nos,MYR,0,Nos,MYR,TRUE,1,0,Nos,MYR,0,Nos,MYR,0,Nos,MYR,0,Nos,MYR,"{""Implant Type Category"":""Large Fragment Screw"",""Diameter"":15,""Length"":15,""Screw Category"":""Large Fragment""}",FALSE,,FALSE,
Ultimax Supply Sdn Bhd,32820134,AR Nail Right (9.5mm x 340mm),Intramedullary Nails,1000,10,0,Nos,WH-00348,0.2,Kg,0,Malaysia,,Proximal Femoral Nail Long,FALSE,FALSE,,0,TRUE,1,0,0,Nos,MYR,99999999,Nos,MYR,0,Nos,MYR,TRUE,1,0,Nos,MYR,0,Nos,MYR,0,Nos,MYR,0,Nos,MYR,"{""Implant Type Category"":""Nail"",""Diameter"":9.5,""Length"":340,""Nail Type"":""Long"",""Target Bone"":""Femur"",""Side"":""R""}",FALSE,,FALSE,
Ultimax Supply Sdn Bhd,32820136,AR Nail Right (9.5mm x 360mm),Intramedullary Nails,1000,10,0,Nos,WH-00348,0.25,Kg,0,Malaysia,,Proximal Femoral Nail Long,FALSE,FALSE,,0,TRUE,1,0,0,Nos,MYR,99999999,Nos,MYR,0,Nos,MYR,TRUE,1,0,Nos,MYR,0,Nos,MYR,0,Nos,MYR,0,Nos,MYR,"{""Implant Type Category"":""Nail"",""Diameter"":9.5,""Length"":360,""Nail Type"":""Long"",""Target Bone"":""Femur"",""Side"":""R""}",FALSE,,FALSE,
Ultimax Supply Sdn Bhd,32820138,AR Nail Right (9.5mm x 380mm),Intramedullary Nails,1000,10,0,Nos,WH-00348,0.25,Kg,0,Malaysia,,Proximal Femoral Nail Long,FALSE,FALSE,,0,TRUE,1,0,0,Nos,MYR,99999999,Nos,MYR,0,Nos,MYR,TRUE,1,0,Nos,MYR,0,Nos,MYR,0,Nos,MYR,0,Nos,MYR,"{""Implant Type Category"":""Nail"",""Diameter"":9.5,""Length"":380,""Nail Type"":""Long"",""Target Bone"":""Femur"",""Side"":""R""}",FALSE,,FALSE,
Ultimax Supply Sdn Bhd,32820140,AR Nail Right (9.5mm x 400mm),Intramedullary Nails,1000,10,0,Nos,WH-00348,0.25,Kg,0,Malaysia,,Proximal Femoral Nail Long,FALSE,FALSE,,0,TRUE,1,0,0,Nos,MYR,99999999,Nos,MYR,0,Nos,MYR,TRUE,1,0,Nos,MYR,0,Nos,MYR,0,Nos,MYR,0,Nos,MYR,"{""Implant Type Category"":""Nail"",""Diameter"":9.5,""Length"":400,""Nail Type"":""Long"",""Target Bone"":""Femur"",""Side"":""R""}",FALSE,,FALSE,
Ultimax Supply Sdn Bhd,32820234,AR Nail Left (9.5mm x 340mm),Intramedullary Nails,1000,10,0,Nos,WH-00348,0.2,Kg,0,Malaysia,,Proximal Femoral Nail Long,FALSE,FALSE,,0,TRUE,1,0,0,Nos,MYR,99999999,Nos,MYR,0,Nos,MYR,TRUE,1,0,Nos,MYR,0,Nos,MYR,0,Nos,MYR,0,Nos,MYR,"{""Implant Type Category"":""Nail"",""Diameter"":9.5,""Length"":340,""Nail Type"":""Long"",""Target Bone"":""Femur"",""Side"":""L""}",FALSE,,FALSE,
Ultimax Supply Sdn Bhd,32820236,AR Nail Left (9.5mm x 360mm),Intramedullary Nails,1000,10,0,Nos,WH-00348,0.25,Kg,0,Malaysia,,Proximal Femoral Nail Long,FALSE,FALSE,,0,TRUE,1,0,0,Nos,MYR,99999999,Nos,MYR,0,Nos,MYR,TRUE,1,0,Nos,MYR,0,Nos,MYR,0,Nos,MYR,0,Nos,MYR,"{""Implant Type Category"":""Nail"",""Diameter"":9.5,""Length"":360,""Nail Type"":""Long"",""Target Bone"":""Femur"",""Side"":""L""}",FALSE,,FALSE,
Ultimax Supply Sdn Bhd,32820238,AR Nail Left (9.5mm x 380mm),Intramedullary Nails,1000,10,0,Nos,WH-00348,0.25,Kg,0,Malaysia,,Proximal Femoral Nail Long,FALSE,FALSE,,0,TRUE,1,0,0,Nos,MYR,99999999,Nos,MYR,0,Nos,MYR,TRUE,1,0,Nos,MYR,0,Nos,MYR,0,Nos,MYR,0,Nos,MYR,"{""Implant Type Category"":""Nail"",""Diameter"":9.5,""Length"":380,""Nail Type"":""Long"",""Target Bone"":""Femur"",""Side"":""L""}",FALSE,,FALSE,
Ultimax Supply Sdn Bhd,32820240,AR Nail Left (9.5mm x 400mm),Intramedullary Nails,1000,10,0,Nos,WH-00348,0.25,Kg,0,Malaysia,,Proximal Femoral Nail Long,FALSE,FALSE,,0,TRUE,1,0,0,Nos,MYR,99999999,Nos,MYR,0,Nos,MYR,TRUE,1,0,Nos,MYR,0,Nos,MYR,0,Nos,MYR,0,Nos,MYR,"{""Implant Type Category"":""Nail"",""Diameter"":9.5,""Length"":400,""Nail Type"":""Long"",""Target Bone"":""Femur"",""Side"":""L""}",FALSE,,FALSE,
Ultimax Supply Sdn Bhd,32821132,AR Nail Right (10mm x 320mm),Intramedullary Nails,1000,10,0,Nos,WH-00348,0.2,Kg,0,Malaysia,,Proximal Femoral Nail Long,FALSE,FALSE,,0,TRUE,1,0,0,Nos,MYR,99999999,Nos,MYR,0,Nos,MYR,TRUE,1,0,Nos,MYR,0,Nos,MYR,0,Nos,MYR,0,Nos,MYR,"{""Implant Type Category"":""Nail"",""Diameter"":10,""Length"":320,""Nail Type"":""Long"",""Target Bone"":""Femur"",""Side"":""R""}",FALSE,,FALSE,
Ultimax Supply Sdn Bhd,32821134,AR Nail Right (10mm x 340mm),Intramedullary Nails,1000,10,0,Nos,WH-00348,0.2,Kg,0,Malaysia,,Proximal Femoral Nail Long,FALSE,FALSE,,0,TRUE,1,0,0,Nos,MYR,99999999,Nos,MYR,0,Nos,MYR,TRUE,1,0,Nos,MYR,0,Nos,MYR,0,Nos,MYR,0,Nos,MYR,"{""Implant Type Category"":""Nail"",""Diameter"":10,""Length"":340,""Nail Type"":""Long"",""Target Bone"":""Femur"",""Side"":""R""}",FALSE,,FALSE,
Ultimax Supply Sdn Bhd,32821136,AR Nail Right (10mm x 360mm),Intramedullary Nails,1000,10,0,Nos,WH-00348,0.25,Kg,0,Malaysia,,Proximal Femoral Nail Long,FALSE,FALSE,,0,TRUE,1,0,0,Nos,MYR,99999999,Nos,MYR,0,Nos,MYR,TRUE,1,0,Nos,MYR,0,Nos,MYR,0,Nos,MYR,0,Nos,MYR,"{""Implant Type Category"":""Nail"",""Diameter"":10,""Length"":360,""Nail Type"":""Long"",""Target Bone"":""Femur"",""Side"":""R""}",FALSE,,FALSE,
Ultimax Supply Sdn Bhd,32821138,AR Nail Right (10mm x 380mm),Intramedullary Nails,1000,10,0,Nos,WH-00348,0.25,Kg,0,Malaysia,,Proximal Femoral Nail Long,FALSE,FALSE,,0,TRUE,1,0,0,Nos,MYR,99999999,Nos,MYR,0,Nos,MYR,TRUE,1,0,Nos,MYR,0,Nos,MYR,0,Nos,MYR,0,Nos,MYR,"{""Implant Type Category"":""Nail"",""Diameter"":10,""Length"":380,""Nail Type"":""Long"",""Target Bone"":""Femur"",""Side"":""R""}",FALSE,,FALSE,
Ultimax Supply Sdn Bhd,32821140,AR Nail Right (10mm x 400mm),Intramedullary Nails,1000,10,0,Nos,WH-00348,0.25,Kg,0,Malaysia,,Proximal Femoral Nail Long,FALSE,FALSE,,0,TRUE,1,0,0,Nos,MYR,99999999,Nos,MYR,0,Nos,MYR,TRUE,1,0,Nos,MYR,0,Nos,MYR,0,Nos,MYR,0,Nos,MYR,"{""Implant Type Category"":""Nail"",""Diameter"":10,""Length"":400,""Nail Type"":""Long"",""Target Bone"":""Femur"",""Side"":""R""}",FALSE,,FALSE,
Ultimax Supply Sdn Bhd,32821142,AR Nail Right (10mm x 420mm),Intramedullary Nails,1000,10,0,Nos,WH-00348,0.25,Kg,0,Malaysia,,Proximal Femoral Nail Long,FALSE,FALSE,,0,TRUE,1,0,0,Nos,MYR,99999999,Nos,MYR,0,Nos,MYR,TRUE,1,0,Nos,MYR,0,Nos,MYR,0,Nos,MYR,0,Nos,MYR,"{""Implant Type Category"":""Nail"",""Diameter"":10,""Length"":420,""Nail Type"":""Long"",""Target Bone"":""Femur"",""Side"":""R""}",FALSE,,FALSE,
Ultimax Supply Sdn Bhd,32821232,AR Nail Left (10mm x 320mm),Intramedullary Nails,1000,10,0,Nos,WH-00348,0.2,Kg,0,Malaysia,,Proximal Femoral Nail Long,FALSE,FALSE,,0,TRUE,1,0,0,Nos,MYR,99999999,Nos,MYR,0,Nos,MYR,TRUE,1,0,Nos,MYR,0,Nos,MYR,0,Nos,MYR,0,Nos,MYR,"{""Implant Type Category"":""Nail"",""Diameter"":10,""Length"":320,""Nail Type"":""Long"",""Target Bone"":""Femur"",""Side"":""L""}",FALSE,,FALSE,
Ultimax Supply Sdn Bhd,32821234,AR Nail Left (10mm x 340mm),Intramedullary Nails,1000,10,0,Nos,WH-00348,0.2,Kg,0,Malaysia,,Proximal Femoral Nail Long,FALSE,FALSE,,0,TRUE,1,0,0,Nos,MYR,99999999,Nos,MYR,0,Nos,MYR,TRUE,1,0,Nos,MYR,0,Nos,MYR,0,Nos,MYR,0,Nos,MYR,"{""Implant Type Category"":""Nail"",""Diameter"":10,""Length"":340,""Nail Type"":""Long"",""Target Bone"":""Femur"",""Side"":""L""}",FALSE,,FALSE,
Ultimax Supply Sdn Bhd,32821236,AR Nail Left (10mm x 360mm),Intramedullary Nails,1000,10,0,Nos,WH-00348,0.25,Kg,0,Malaysia,,Proximal Femoral Nail Long,FALSE,FALSE,,0,TRUE,1,0,0,Nos,MYR,99999999,Nos,MYR,0,Nos,MYR,TRUE,1,0,Nos,MYR,0,Nos,MYR,0,Nos,MYR,0,Nos,MYR,"{""Implant Type Category"":""Nail"",""Diameter"":10,""Length"":360,""Nail Type"":""Long"",""Target Bone"":""Femur"",""Side"":""L""}",FALSE,,FALSE,
Ultimax Supply Sdn Bhd,32821238,AR Nail Left (10mm x 380mm),Intramedullary Nails,1000,10,0,Nos,WH-00348,0.25,Kg,0,Malaysia,,Proximal Femoral Nail Long,FALSE,FALSE,,0,TRUE,1,0,0,Nos,MYR,99999999,Nos,MYR,0,Nos,MYR,TRUE,1,0,Nos,MYR,0,Nos,MYR,0,Nos,MYR,0,Nos,MYR,"{""Implant Type Category"":""Nail"",""Diameter"":10,""Length"":380,""Nail Type"":""Long"",""Target Bone"":""Femur"",""Side"":""L""}",FALSE,,FALSE,
Ultimax Supply Sdn Bhd,32821240,AR Nail Left (10mm x 400mm),Intramedullary Nails,1000,10,0,Nos,WH-00348,0.25,Kg,0,Malaysia,,Proximal Femoral Nail Long,FALSE,FALSE,,0,TRUE,1,0,0,Nos,MYR,99999999,Nos,MYR,0,Nos,MYR,TRUE,1,0,Nos,MYR,0,Nos,MYR,0,Nos,MYR,0,Nos,MYR,"{""Implant Type Category"":""Nail"",""Diameter"":10,""Length"":400,""Nail Type"":""Long"",""Target Bone"":""Femur"",""Side"":""L""}",FALSE,,FALSE,
Ultimax Supply Sdn Bhd,32821242,AR Nail Left (10mm x 420mm),Intramedullary Nails,1000,10,0,Nos,WH-00348,0.25,Kg,0,Malaysia,,Proximal Femoral Nail Long,FALSE,FALSE,,0,TRUE,1,0,0,Nos,MYR,99999999,Nos,MYR,0,Nos,MYR,TRUE,1,0,Nos,MYR,0,Nos,MYR,0,Nos,MYR,0,Nos,MYR,"{""Implant Type Category"":""Nail"",""Diameter"":10,""Length"":420,""Nail Type"":""Long"",""Target Bone"":""Femur"",""Side"":""L""}",FALSE,,FALSE,
Ultimax Supply Sdn Bhd,32822132,AR Nail Right (11mm x 320mm),Intramedullary Nails,1000,10,0,Nos,WH-00348,0.25,Kg,0,Malaysia,,Proximal Femoral Nail Long,FALSE,FALSE,,0,TRUE,1,0,0,Nos,MYR,99999999,Nos,MYR,0,Nos,MYR,TRUE,1,0,Nos,MYR,0,Nos,MYR,0,Nos,MYR,0,Nos,MYR,"{""Implant Type Category"":""Nail"",""Diameter"":11,""Length"":320,""Nail Type"":""Long"",""Target Bone"":""Femur"",""Side"":""R""}",FALSE,,FALSE,
Ultimax Supply Sdn Bhd,32822134,AR Nail Right (11mm x 340mm),Intramedullary Nails,1000,10,0,Nos,WH-00348,0.25,Kg,0,Malaysia,,Proximal Femoral Nail Long,FALSE,FALSE,,0,TRUE,1,0,0,Nos,MYR,99999999,Nos,MYR,0,Nos,MYR,TRUE,1,0,Nos,MYR,0,Nos,MYR,0,Nos,MYR,0,Nos,MYR,"{""Implant Type Category"":""Nail"",""Diameter"":11,""Length"":340,""Nail Type"":""Long"",""Target Bone"":""Femur"",""Side"":""R""}",FALSE,,FALSE,
Ultimax Supply Sdn Bhd,32822136,AR Nail Right (11mm x 360mm),Intramedullary Nails,1000,10,0,Nos,WH-00348,0.25,Kg,0,Malaysia,,Proximal Femoral Nail Long,FALSE,FALSE,,0,TRUE,1,0,0,Nos,MYR,99999999,Nos,MYR,0,Nos,MYR,TRUE,1,0,Nos,MYR,0,Nos,MYR,0,Nos,MYR,0,Nos,MYR,"{""Implant Type Category"":""Nail"",""Diameter"":11,""Length"":360,""Nail Type"":""Long"",""Target Bone"":""Femur"",""Side"":""R""}",FALSE,,FALSE,
Ultimax Supply Sdn Bhd,32822138,AR Nail Right (11mm x 380mm),Intramedullary Nails,1000,10,0,Nos,WH-00348,0.25,Kg,0,Malaysia,,Proximal Femoral Nail Long,FALSE,FALSE,,0,TRUE,1,0,0,Nos,MYR,99999999,Nos,MYR,0,Nos,MYR,TRUE,1,0,Nos,MYR,0,Nos,MYR,0,Nos,MYR,0,Nos,MYR,"{""Implant Type Category"":""Nail"",""Diameter"":11,""Length"":380,""Nail Type"":""Long"",""Target Bone"":""Femur"",""Side"":""R""}",FALSE,,FALSE,
Ultimax Supply Sdn Bhd,32822140,AR Nail Right (11mm x 400mm),Intramedullary Nails,1000,10,0,Nos,WH-00348,0.25,Kg,0,Malaysia,,Proximal Femoral Nail Long,FALSE,FALSE,,0,TRUE,1,0,0,Nos,MYR,99999999,Nos,MYR,0,Nos,MYR,TRUE,1,0,Nos,MYR,0,Nos,MYR,0,Nos,MYR,0,Nos,MYR,"{""Implant Type Category"":""Nail"",""Diameter"":11,""Length"":400,""Nail Type"":""Long"",""Target Bone"":""Femur"",""Side"":""R""}",FALSE,,FALSE,
Ultimax Supply Sdn Bhd,32822142,AR Nail Right (11mm x 420mm),Intramedullary Nails,1000,10,0,Nos,WH-00348,0.25,Kg,0,Malaysia,,Proximal Femoral Nail Long,FALSE,FALSE,,0,TRUE,1,0,0,Nos,MYR,99999999,Nos,MYR,0,Nos,MYR,TRUE,1,0,Nos,MYR,0,Nos,MYR,0,Nos,MYR,0,Nos,MYR,"{""Implant Type Category"":""Nail"",""Diameter"":11,""Length"":420,""Nail Type"":""Long"",""Target Bone"":""Femur"",""Side"":""R""}",FALSE,,FALSE,
Ultimax Supply Sdn Bhd,32822232,AR Nail Left (11mm x 320mm),Intramedullary Nails,1000,10,0,Nos,WH-00348,0.25,Kg,0,Malaysia,,Proximal Femoral Nail Long,FALSE,FALSE,,0,TRUE,1,0,0,Nos,MYR,99999999,Nos,MYR,0,Nos,MYR,TRUE,1,0,Nos,MYR,0,Nos,MYR,0,Nos,MYR,0,Nos,MYR,"{""Implant Type Category"":""Nail"",""Diameter"":11,""Length"":320,""Nail Type"":""Long"",""Target Bone"":""Femur"",""Side"":""L""}",FALSE,,FALSE,
Ultimax Supply Sdn Bhd,32822234,AR Nail Left (11mm x 340mm),Intramedullary Nails,1000,10,0,Nos,WH-00348,0.25,Kg,0,Malaysia,,Proximal Femoral Nail Long,FALSE,FALSE,,0,TRUE,1,0,0,Nos,MYR,99999999,Nos,MYR,0,Nos,MYR,TRUE,1,0,Nos,MYR,0,Nos,MYR,0,Nos,MYR,0,Nos,MYR,"{""Implant Type Category"":""Nail"",""Diameter"":11,""Length"":340,""Nail Type"":""Long"",""Target Bone"":""Femur"",""Side"":""L""}",FALSE,,FALSE,
Ultimax Supply Sdn Bhd,32822236,AR Nail Left (11mm x 360mm),Intramedullary Nails,1000,10,0,Nos,WH-00348,0.25,Kg,0,Malaysia,,Proximal Femoral Nail Long,FALSE,FALSE,,0,TRUE,1,0,0,Nos,MYR,99999999,Nos,MYR,0,Nos,MYR,TRUE,1,0,Nos,MYR,0,Nos,MYR,0,Nos,MYR,0,Nos,MYR,"{""Implant Type Category"":""Nail"",""Diameter"":11,""Length"":360,""Nail Type"":""Long"",""Target Bone"":""Femur"",""Side"":""L""}",FALSE,,FALSE,
Ultimax Supply Sdn Bhd,32822238,AR Nail Left (11mm x 380mm),Intramedullary Nails,1000,10,0,Nos,WH-00348,0.25,Kg,0,Malaysia,,Proximal Femoral Nail Long,FALSE,FALSE,,0,TRUE,1,0,0,Nos,MYR,99999999,Nos,MYR,0,Nos,MYR,TRUE,1,0,Nos,MYR,0,Nos,MYR,0,Nos,MYR,0,Nos,MYR,"{""Implant Type Category"":""Nail"",""Diameter"":11,""Length"":380,""Nail Type"":""Long"",""Target Bone"":""Femur"",""Side"":""L""}",FALSE,,FALSE,
Ultimax Supply Sdn Bhd,32822240,AR Nail Left (11mm x 400mm),Intramedullary Nails,1000,10,0,Nos,WH-00348,0.25,Kg,0,Malaysia,,Proximal Femoral Nail Long,FALSE,FALSE,,0,TRUE,1,0,0,Nos,MYR,99999999,Nos,MYR,0,Nos,MYR,TRUE,1,0,Nos,MYR,0,Nos,MYR,0,Nos,MYR,0,Nos,MYR,"{""Implant Type Category"":""Nail"",""Diameter"":11,""Length"":400,""Nail Type"":""Long"",""Target Bone"":""Femur"",""Side"":""L""}",FALSE,,FALSE,
Ultimax Supply Sdn Bhd,32822242,AR Nail Left (11mm x 420mm),Intramedullary Nails,1000,10,0,Nos,WH-00348,0.25,Kg,0,Malaysia,,Proximal Femoral Nail Long,FALSE,FALSE,,0,TRUE,1,0,0,Nos,MYR,99999999,Nos,MYR,0,Nos,MYR,TRUE,1,0,Nos,MYR,0,Nos,MYR,0,Nos,MYR,0,Nos,MYR,"{""Implant Type Category"":""Nail"",""Diameter"":11,""Length"":420,""Nail Type"":""Long"",""Target Bone"":""Femur"",""Side"":""L""}",FALSE,,FALSE,
Ultimax Supply Sdn Bhd,32823134,AR Nail Right (12mm x 340mm),Intramedullary Nails,1000,10,0,Nos,WH-00348,0.25,Kg,0,Malaysia,,Proximal Femoral Nail Long,FALSE,FALSE,,0,TRUE,1,0,0,Nos,MYR,99999999,Nos,MYR,0,Nos,MYR,TRUE,1,0,Nos,MYR,0,Nos,MYR,0,Nos,MYR,0,Nos,MYR,"{""Implant Type Category"":""Nail"",""Diameter"":12,""Length"":340,""Nail Type"":""Long"",""Target Bone"":""Femur"",""Side"":""R""}",FALSE,,FALSE,
Ultimax Supply Sdn Bhd,32823136,AR Nail Right (12mm x 360mm),Intramedullary Nails,1000,10,0,Nos,WH-00348,0.25,Kg,0,Malaysia,,Proximal Femoral Nail Long,FALSE,FALSE,,0,TRUE,1,0,0,Nos,MYR,99999999,Nos,MYR,0,Nos,MYR,TRUE,1,0,Nos,MYR,0,Nos,MYR,0,Nos,MYR,0,Nos,MYR,"{""Implant Type Category"":""Nail"",""Diameter"":12,""Length"":360,""Nail Type"":""Long"",""Target Bone"":""Femur"",""Side"":""R""}",FALSE,,FALSE,
Ultimax Supply Sdn Bhd,32823138,AR Nail Right (12mm x 380mm),Intramedullary Nails,1000,10,0,Nos,WH-00348,0.25,Kg,0,Malaysia,,Proximal Femoral Nail Long,FALSE,FALSE,,0,TRUE,1,0,0,Nos,MYR,99999999,Nos,MYR,0,Nos,MYR,TRUE,1,0,Nos,MYR,0,Nos,MYR,0,Nos,MYR,0,Nos,MYR,"{""Implant Type Category"":""Nail"",""Diameter"":12,""Length"":380,""Nail Type"":""Long"",""Target Bone"":""Femur"",""Side"":""R""}",FALSE,,FALSE,
Ultimax Supply Sdn Bhd,32823140,AR Nail Right (12mm x 400mm),Intramedullary Nails,1000,10,0,Nos,WH-00348,0.25,Kg,0,Malaysia,,Proximal Femoral Nail Long,FALSE,FALSE,,0,TRUE,1,0,0,Nos,MYR,99999999,Nos,MYR,0,Nos,MYR,TRUE,1,0,Nos,MYR,0,Nos,MYR,0,Nos,MYR,0,Nos,MYR,"{""Implant Type Category"":""Nail"",""Diameter"":12,""Length"":400,""Nail Type"":""Long"",""Target Bone"":""Femur"",""Side"":""R""}",FALSE,,FALSE,
Ultimax Supply Sdn Bhd,32823234,AR Nail Left (12mm x 340mm),Intramedullary Nails,1000,10,0,Nos,WH-00348,0.25,Kg,0,Malaysia,,Proximal Femoral Nail Long,FALSE,FALSE,,0,TRUE,1,0,0,Nos,MYR,99999999,Nos,MYR,0,Nos,MYR,TRUE,1,0,Nos,MYR,0,Nos,MYR,0,Nos,MYR,0,Nos,MYR,"{""Implant Type Category"":""Nail"",""Diameter"":12,""Length"":340,""Nail Type"":""Long"",""Target Bone"":""Femur"",""Side"":""L""}",FALSE,,FALSE,
Ultimax Supply Sdn Bhd,32823236,AR Nail Left (12mm x 360mm),Intramedullary Nails,1000,10,0,Nos,WH-00348,0.25,Kg,0,Malaysia,,Proximal Femoral Nail Long,FALSE,FALSE,,0,TRUE,1,0,0,Nos,MYR,99999999,Nos,MYR,0,Nos,MYR,TRUE,1,0,Nos,MYR,0,Nos,MYR,0,Nos,MYR,0,Nos,MYR,"{""Implant Type Category"":""Nail"",""Diameter"":12,""Length"":360,""Nail Type"":""Long"",""Target Bone"":""Femur"",""Side"":""L""}",FALSE,,FALSE,
Ultimax Supply Sdn Bhd,32823238,AR Nail Left (12mm x 380mm),Intramedullary Nails,1000,10,0,Nos,WH-00348,0.25,Kg,0,Malaysia,,Proximal Femoral Nail Long,FALSE,FALSE,,0,TRUE,1,0,0,Nos,MYR,99999999,Nos,MYR,0,Nos,MYR,TRUE,1,0,Nos,MYR,0,Nos,MYR,0,Nos,MYR,0,Nos,MYR,"{""Implant Type Category"":""Nail"",""Diameter"":12,""Length"":380,""Nail Type"":""Long"",""Target Bone"":""Femur"",""Side"":""L""}",FALSE,,FALSE,
Ultimax Supply Sdn Bhd,32823240,AR Nail Left (12mm x 400mm),Intramedullary Nails,1000,10,0,Nos,WH-00348,0.25,Kg,0,Malaysia,,Proximal Femoral Nail Long,FALSE,FALSE,,0,TRUE,1,0,0,Nos,MYR,99999999,Nos,MYR,0,Nos,MYR,TRUE,1,0,Nos,MYR,0,Nos,MYR,0,Nos,MYR,0,Nos,MYR,"{""Implant Type Category"":""Nail"",""Diameter"":12,""Length"":400,""Nail Type"":""Long"",""Target Bone"":""Femur"",""Side"":""L""}",FALSE,,FALSE,
Ultimax Supply Sdn Bhd,33101134,ILN Femur Right (9.5mm x 340mm),Intramedullary Nails,1000,10,0,Nos,WH-00348,0.2,Kg,0,Malaysia,,"Interlocking Femoral Nail Standard, Interlocking Femoral Nail Recon",FALSE,FALSE,,0,TRUE,1,0,0,Nos,MYR,99999999,Nos,MYR,0,Nos,MYR,TRUE,1,0,Nos,MYR,0,Nos,MYR,0,Nos,MYR,0,Nos,MYR,"{""Implant Type Category"":""Nail"",""Diameter"":9.5,""Length"":340,""Nail Type"":""Standard"",""Target Bone"":""Femur"",""Side"":""R""}",FALSE,,FALSE,
Ultimax Supply Sdn Bhd,33101136,ILN Femur Right (9.5mm x 360mm),Intramedullary Nails,1000,10,0,Nos,WH-00348,0.25,Kg,0,Malaysia,,"Interlocking Femoral Nail Standard, Interlocking Femoral Nail Recon",FALSE,FALSE,,0,TRUE,1,0,0,Nos,MYR,99999999,Nos,MYR,0,Nos,MYR,TRUE,1,0,Nos,MYR,0,Nos,MYR,0,Nos,MYR,0,Nos,MYR,"{""Implant Type Category"":""Nail"",""Diameter"":9.5,""Length"":360,""Nail Type"":""Standard"",""Target Bone"":""Femur"",""Side"":""R""}",FALSE,,FALSE,
Ultimax Supply Sdn Bhd,33101138,ILN Femur Right (9.5mm x 380mm),Intramedullary Nails,1000,10,0,Nos,WH-00348,0.25,Kg,0,Malaysia,,"Interlocking Femoral Nail Standard, Interlocking Femoral Nail Recon",FALSE,FALSE,,0,TRUE,1,0,0,Nos,MYR,99999999,Nos,MYR,0,Nos,MYR,TRUE,1,0,Nos,MYR,0,Nos,MYR,0,Nos,MYR,0,Nos,MYR,"{""Implant Type Category"":""Nail"",""Diameter"":9.5,""Length"":380,""Nail Type"":""Standard"",""Target Bone"":""Femur"",""Side"":""R""}",FALSE,,FALSE,
Ultimax Supply Sdn Bhd,33101140,ILN Femur Right (9.5mm x 400mm),Intramedullary Nails,1000,10,0,Nos,WH-00348,0.25,Kg,0,Malaysia,,"Interlocking Femoral Nail Standard, Interlocking Femoral Nail Recon",FALSE,FALSE,,0,TRUE,1,0,0,Nos,MYR,99999999,Nos,MYR,0,Nos,MYR,TRUE,1,0,Nos,MYR,0,Nos,MYR,0,Nos,MYR,0,Nos,MYR,"{""Implant Type Category"":""Nail"",""Diameter"":9.5,""Length"":400,""Nail Type"":""Standard"",""Target Bone"":""Femur"",""Side"":""R""}",FALSE,,FALSE,
Ultimax Supply Sdn Bhd,33102132,ILN Femur Right (10mm x 320mm),Intramedullary Nails,1000,10,0,Nos,WH-00348,0.2,Kg,0,Malaysia,,"Interlocking Femoral Nail Standard, Interlocking Femoral Nail Recon",FALSE,FALSE,,0,TRUE,1,0,0,Nos,MYR,99999999,Nos,MYR,0,Nos,MYR,TRUE,1,0,Nos,MYR,0,Nos,MYR,0,Nos,MYR,0,Nos,MYR,"{""Implant Type Category"":""Nail"",""Diameter"":10,""Length"":320,""Nail Type"":""Standard"",""Target Bone"":""Femur"",""Side"":""R""}",FALSE,,FALSE,
Ultimax Supply Sdn Bhd,33102134,ILN Femur Right (10mm x 340mm),Intramedullary Nails,1000,10,0,Nos,WH-00348,0.2,Kg,0,Malaysia,,"Interlocking Femoral Nail Standard, Interlocking Femoral Nail Recon",FALSE,FALSE,,0,TRUE,1,0,0,Nos,MYR,99999999,Nos,MYR,0,Nos,MYR,TRUE,1,0,Nos,MYR,0,Nos,MYR,0,Nos,MYR,0,Nos,MYR,"{""Implant Type Category"":""Nail"",""Diameter"":10,""Length"":340,""Nail Type"":""Standard"",""Target Bone"":""Femur"",""Side"":""R""}",FALSE,,FALSE,
Ultimax Supply Sdn Bhd,33102136,ILN Femur Right (10mm x 360mm),Intramedullary Nails,1000,10,0,Nos,WH-00348,0.25,Kg,0,Malaysia,,"Interlocking Femoral Nail Standard, Interlocking Femoral Nail Recon",FALSE,FALSE,,0,TRUE,1,0,0,Nos,MYR,99999999,Nos,MYR,0,Nos,MYR,TRUE,1,0,Nos,MYR,0,Nos,MYR,0,Nos,MYR,0,Nos,MYR,"{""Implant Type Category"":""Nail"",""Diameter"":10,""Length"":360,""Nail Type"":""Standard"",""Target Bone"":""Femur"",""Side"":""R""}",FALSE,,FALSE,
Ultimax Supply Sdn Bhd,33102138,ILN Femur Right (10mm x 380mm),Intramedullary Nails,1000,10,0,Nos,WH-00348,0.25,Kg,0,Malaysia,,"Interlocking Femoral Nail Standard, Interlocking Femoral Nail Recon",FALSE,FALSE,,0,TRUE,1,0,0,Nos,MYR,99999999,Nos,MYR,0,Nos,MYR,TRUE,1,0,Nos,MYR,0,Nos,MYR,0,Nos,MYR,0,Nos,MYR,"{""Implant Type Category"":""Nail"",""Diameter"":10,""Length"":380,""Nail Type"":""Standard"",""Target Bone"":""Femur"",""Side"":""R""}",FALSE,,FALSE,
Ultimax Supply Sdn Bhd,33102140,ILN Femur Right (10mm x 400mm),Intramedullary Nails,1000,10,0,Nos,WH-00348,0.25,Kg,0,Malaysia,,"Interlocking Femoral Nail Standard, Interlocking Femoral Nail Recon",FALSE,FALSE,,0,TRUE,1,0,0,Nos,MYR,99999999,Nos,MYR,0,Nos,MYR,TRUE,1,0,Nos,MYR,0,Nos,MYR,0,Nos,MYR,0,Nos,MYR,"{""Implant Type Category"":""Nail"",""Diameter"":10,""Length"":400,""Nail Type"":""Standard"",""Target Bone"":""Femur"",""Side"":""R""}",FALSE,,FALSE,
Ultimax Supply Sdn Bhd,33102142,ILN Femur Right (10mm x 420mm),Intramedullary Nails,1000,10,0,Nos,WH-00348,0.25,Kg,0,Malaysia,,"Interlocking Femoral Nail Standard, Interlocking Femoral Nail Recon",FALSE,FALSE,,0,TRUE,1,0,0,Nos,MYR,99999999,Nos,MYR,0,Nos,MYR,TRUE,1,0,Nos,MYR,0,Nos,MYR,0,Nos,MYR,0,Nos,MYR,"{""Implant Type Category"":""Nail"",""Diameter"":10,""Length"":420,""Nail Type"":""Standard"",""Target Bone"":""Femur"",""Side"":""R""}",FALSE,,FALSE,
Ultimax Supply Sdn Bhd,33103132,ILN Femur Right (11mm x 320mm),Intramedullary Nails,1000,10,0,Nos,WH-00348,0.25,Kg,0,Malaysia,,"Interlocking Femoral Nail Standard, Interlocking Femoral Nail Recon",FALSE,FALSE,,0,TRUE,1,0,0,Nos,MYR,99999999,Nos,MYR,0,Nos,MYR,TRUE,1,0,Nos,MYR,0,Nos,MYR,0,Nos,MYR,0,Nos,MYR,"{""Implant Type Category"":""Nail"",""Diameter"":11,""Length"":320,""Nail Type"":""Standard"",""Target Bone"":""Femur"",""Side"":""R""}",FALSE,,FALSE,
Ultimax Supply Sdn Bhd,33103134,ILN Femur Right (11mm x 340mm),Intramedullary Nails,1000,10,0,Nos,WH-00348,0.25,Kg,0,Malaysia,,"Interlocking Femoral Nail Standard, Interlocking Femoral Nail Recon",FALSE,FALSE,,0,TRUE,1,0,0,Nos,MYR,99999999,Nos,MYR,0,Nos,MYR,TRUE,1,0,Nos,MYR,0,Nos,MYR,0,Nos,MYR,0,Nos,MYR,"{""Implant Type Category"":""Nail"",""Diameter"":11,""Length"":340,""Nail Type"":""Standard"",""Target Bone"":""Femur"",""Side"":""R""}",FALSE,,FALSE,
Ultimax Supply Sdn Bhd,33103136,ILN Femur Right (11mm x 360mm),Intramedullary Nails,1000,10,0,Nos,WH-00348,0.25,Kg,0,Malaysia,,"Interlocking Femoral Nail Standard, Interlocking Femoral Nail Recon",FALSE,FALSE,,0,TRUE,1,0,0,Nos,MYR,99999999,Nos,MYR,0,Nos,MYR,TRUE,1,0,Nos,MYR,0,Nos,MYR,0,Nos,MYR,0,Nos,MYR,"{""Implant Type Category"":""Nail"",""Diameter"":11,""Length"":360,""Nail Type"":""Standard"",""Target Bone"":""Femur"",""Side"":""R""}",FALSE,,FALSE,
Ultimax Supply Sdn Bhd,33103138,ILN Femur Right (11mm x 380mm),Intramedullary Nails,1000,10,0,Nos,WH-00348,0.25,Kg,0,Malaysia,,"Interlocking Femoral Nail Standard, Interlocking Femoral Nail Recon",FALSE,FALSE,,0,TRUE,1,0,0,Nos,MYR,99999999,Nos,MYR,0,Nos,MYR,TRUE,1,0,Nos,MYR,0,Nos,MYR,0,Nos,MYR,0,Nos,MYR,"{""Implant Type Category"":""Nail"",""Diameter"":11,""Length"":380,""Nail Type"":""Standard"",""Target Bone"":""Femur"",""Side"":""R""}",FALSE,,FALSE,
Ultimax Supply Sdn Bhd,33103140,ILN Femur Right (11mm x 400mm),Intramedullary Nails,1000,10,0,Nos,WH-00348,0.25,Kg,0,Malaysia,,"Interlocking Femoral Nail Standard, Interlocking Femoral Nail Recon",FALSE,FALSE,,0,TRUE,1,0,0,Nos,MYR,99999999,Nos,MYR,0,Nos,MYR,TRUE,1,0,Nos,MYR,0,Nos,MYR,0,Nos,MYR,0,Nos,MYR,"{""Implant Type Category"":""Nail"",""Diameter"":11,""Length"":400,""Nail Type"":""Standard"",""Target Bone"":""Femur"",""Side"":""R""}",FALSE,,FALSE,
Ultimax Supply Sdn Bhd,33103142,ILN Femur Right (11mm x 420mm),Intramedullary Nails,1000,10,0,Nos,WH-00348,0.25,Kg,0,Malaysia,,"Interlocking Femoral Nail Standard, Interlocking Femoral Nail Recon",FALSE,FALSE,,0,TRUE,1,0,0,Nos,MYR,99999999,Nos,MYR,0,Nos,MYR,TRUE,1,0,Nos,MYR,0,Nos,MYR,0,Nos,MYR,0,Nos,MYR,"{""Implant Type Category"":""Nail"",""Diameter"":11,""Length"":420,""Nail Type"":""Standard"",""Target Bone"":""Femur"",""Side"":""R""}",FALSE,,FALSE,
Ultimax Supply Sdn Bhd,33104134,ILN Femur Right (12mm x 340mm),Intramedullary Nails,1000,10,0,Nos,WH-00348,0.25,Kg,0,Malaysia,,"Interlocking Femoral Nail Standard, Interlocking Femoral Nail Recon",FALSE,FALSE,,0,TRUE,1,0,0,Nos,MYR,99999999,Nos,MYR,0,Nos,MYR,TRUE,1,0,Nos,MYR,0,Nos,MYR,0,Nos,MYR,0,Nos,MYR,"{""Implant Type Category"":""Nail"",""Diameter"":12,""Length"":340,""Nail Type"":""Standard"",""Target Bone"":""Femur"",""Side"":""R""}",FALSE,,FALSE,
Ultimax Supply Sdn Bhd,33104136,ILN Femur Right (12mm x 360mm),Intramedullary Nails,1000,10,0,Nos,WH-00348,0.25,Kg,0,Malaysia,,"Interlocking Femoral Nail Standard, Interlocking Femoral Nail Recon",FALSE,FALSE,,0,TRUE,1,0,0,Nos,MYR,99999999,Nos,MYR,0,Nos,MYR,TRUE,1,0,Nos,MYR,0,Nos,MYR,0,Nos,MYR,0,Nos,MYR,"{""Implant Type Category"":""Nail"",""Diameter"":12,""Length"":360,""Nail Type"":""Standard"",""Target Bone"":""Femur"",""Side"":""R""}",FALSE,,FALSE,
Ultimax Supply Sdn Bhd,33104138,ILN Femur Right (12mm x 380mm),Intramedullary Nails,1000,10,0,Nos,WH-00348,0.25,Kg,0,Malaysia,,"Interlocking Femoral Nail Standard, Interlocking Femoral Nail Recon",FALSE,FALSE,,0,TRUE,1,0,0,Nos,MYR,99999999,Nos,MYR,0,Nos,MYR,TRUE,1,0,Nos,MYR,0,Nos,MYR,0,Nos,MYR,0,Nos,MYR,"{""Implant Type Category"":""Nail"",""Diameter"":12,""Length"":380,""Nail Type"":""Standard"",""Target Bone"":""Femur"",""Side"":""R""}",FALSE,,FALSE,
Ultimax Supply Sdn Bhd,33104140,ILN Femur Right (12mm x 400mm),Intramedullary Nails,1000,10,0,Nos,WH-00348,0.25,Kg,0,Malaysia,,"Interlocking Femoral Nail Standard, Interlocking Femoral Nail Recon",FALSE,FALSE,,0,TRUE,1,0,0,Nos,MYR,99999999,Nos,MYR,0,Nos,MYR,TRUE,1,0,Nos,MYR,0,Nos,MYR,0,Nos,MYR,0,Nos,MYR,"{""Implant Type Category"":""Nail"",""Diameter"":12,""Length"":400,""Nail Type"":""Standard"",""Target Bone"":""Femur"",""Side"":""R""}",FALSE,,FALSE,
Ultimax Supply Sdn Bhd,33101234,ILN Femur Left (9.5mm x 340mm),Intramedullary Nails,1000,10,0,Nos,WH-00348,0.25,Kg,0,Malaysia,,"Interlocking Femoral Nail Standard, Interlocking Femoral Nail Recon",FALSE,FALSE,,0,TRUE,1,0,0,Nos,MYR,99999999,Nos,MYR,0,Nos,MYR,TRUE,1,0,Nos,MYR,0,Nos,MYR,0,Nos,MYR,0,Nos,MYR,"{""Implant Type Category"":""Nail"",""Diameter"":9.5,""Length"":340,""Nail Type"":""Standard"",""Target Bone"":""Femur"",""Side"":""L""}",FALSE,,FALSE,
Ultimax Supply Sdn Bhd,33101236,ILN Femur Left (9.5mm x 360mm),Intramedullary Nails,1000,10,0,Nos,WH-00348,0.25,Kg,0,Malaysia,,"Interlocking Femoral Nail Standard, Interlocking Femoral Nail Recon",FALSE,FALSE,,0,TRUE,1,0,0,Nos,MYR,99999999,Nos,MYR,0,Nos,MYR,TRUE,1,0,Nos,MYR,0,Nos,MYR,0,Nos,MYR,0,Nos,MYR,"{""Implant Type Category"":""Nail"",""Diameter"":9.5,""Length"":360,""Nail Type"":""Standard"",""Target Bone"":""Femur"",""Side"":""L""}",FALSE,,FALSE,
Ultimax Supply Sdn Bhd,33101238,ILN Femur Left (9.5mm x 380mm),Intramedullary Nails,1000,10,0,Nos,WH-00348,0.25,Kg,0,Malaysia,,"Interlocking Femoral Nail Standard, Interlocking Femoral Nail Recon",FALSE,FALSE,,0,TRUE,1,0,0,Nos,MYR,99999999,Nos,MYR,0,Nos,MYR,TRUE,1,0,Nos,MYR,0,Nos,MYR,0,Nos,MYR,0,Nos,MYR,"{""Implant Type Category"":""Nail"",""Diameter"":9.5,""Length"":380,""Nail Type"":""Standard"",""Target Bone"":""Femur"",""Side"":""L""}",FALSE,,FALSE,
Ultimax Supply Sdn Bhd,33101240,ILN Femur Left (9.5mm x 400mm),Intramedullary Nails,1000,10,0,Nos,WH-00348,0.25,Kg,0,Malaysia,,"Interlocking Femoral Nail Standard, Interlocking Femoral Nail Recon",FALSE,FALSE,,0,TRUE,1,0,0,Nos,MYR,99999999,Nos,MYR,0,Nos,MYR,TRUE,1,0,Nos,MYR,0,Nos,MYR,0,Nos,MYR,0,Nos,MYR,"{""Implant Type Category"":""Nail"",""Diameter"":9.5,""Length"":400,""Nail Type"":""Standard"",""Target Bone"":""Femur"",""Side"":""L""}",FALSE,,FALSE,
Ultimax Supply Sdn Bhd,33102232,ILN Femur Left (10mm x 320mm),Intramedullary Nails,1000,10,0,Nos,WH-00348,0.25,Kg,0,Malaysia,,"Interlocking Femoral Nail Standard, Interlocking Femoral Nail Recon",FALSE,FALSE,,0,TRUE,1,0,0,Nos,MYR,99999999,Nos,MYR,0,Nos,MYR,TRUE,1,0,Nos,MYR,0,Nos,MYR,0,Nos,MYR,0,Nos,MYR,"{""Implant Type Category"":""Nail"",""Diameter"":10,""Length"":320,""Nail Type"":""Standard"",""Target Bone"":""Femur"",""Side"":""L""}",FALSE,,FALSE,
Ultimax Supply Sdn Bhd,33102234,ILN Femur Left (10mm x 340mm),Intramedullary Nails,1000,10,0,Nos,WH-00348,0.25,Kg,0,Malaysia,,"Interlocking Femoral Nail Standard, Interlocking Femoral Nail Recon",FALSE,FALSE,,0,TRUE,1,0,0,Nos,MYR,99999999,Nos,MYR,0,Nos,MYR,TRUE,1,0,Nos,MYR,0,Nos,MYR,0,Nos,MYR,0,Nos,MYR,"{""Implant Type Category"":""Nail"",""Diameter"":10,""Length"":340,""Nail Type"":""Standard"",""Target Bone"":""Femur"",""Side"":""L""}",FALSE,,FALSE,
Ultimax Supply Sdn Bhd,33102236,ILN Femur Left (10mm x 360mm),Intramedullary Nails,1000,10,0,Nos,WH-00348,0.25,Kg,0,Malaysia,,"Interlocking Femoral Nail Standard, Interlocking Femoral Nail Recon",FALSE,FALSE,,0,TRUE,1,0,0,Nos,MYR,99999999,Nos,MYR,0,Nos,MYR,TRUE,1,0,Nos,MYR,0,Nos,MYR,0,Nos,MYR,0,Nos,MYR,"{""Implant Type Category"":""Nail"",""Diameter"":10,""Length"":360,""Nail Type"":""Standard"",""Target Bone"":""Femur"",""Side"":""L""}",FALSE,,FALSE,
Ultimax Supply Sdn Bhd,33102238,ILN Femur Left (10mm x 380mm),Intramedullary Nails,1000,10,0,Nos,WH-00348,0.25,Kg,0,Malaysia,,"Interlocking Femoral Nail Standard, Interlocking Femoral Nail Recon",FALSE,FALSE,,0,TRUE,1,0,0,Nos,MYR,99999999,Nos,MYR,0,Nos,MYR,TRUE,1,0,Nos,MYR,0,Nos,MYR,0,Nos,MYR,0,Nos,MYR,"{""Implant Type Category"":""Nail"",""Diameter"":10,""Length"":380,""Nail Type"":""Standard"",""Target Bone"":""Femur"",""Side"":""L""}",FALSE,,FALSE,
Ultimax Supply Sdn Bhd,33102240,ILN Femur Left (10mm x 400mm),Intramedullary Nails,1000,10,0,Nos,WH-00348,0.25,Kg,0,Malaysia,,"Interlocking Femoral Nail Standard, Interlocking Femoral Nail Recon",FALSE,FALSE,,0,TRUE,1,0,0,Nos,MYR,99999999,Nos,MYR,0,Nos,MYR,TRUE,1,0,Nos,MYR,0,Nos,MYR,0,Nos,MYR,0,Nos,MYR,"{""Implant Type Category"":""Nail"",""Diameter"":10,""Length"":400,""Nail Type"":""Standard"",""Target Bone"":""Femur"",""Side"":""L""}",FALSE,,FALSE,
Ultimax Supply Sdn Bhd,33102242,ILN Femur Left (10mm x 420mm),Intramedullary Nails,1000,10,0,Nos,WH-00348,0.25,Kg,0,Malaysia,,"Interlocking Femoral Nail Standard, Interlocking Femoral Nail Recon",FALSE,FALSE,,0,TRUE,1,0,0,Nos,MYR,99999999,Nos,MYR,0,Nos,MYR,TRUE,1,0,Nos,MYR,0,Nos,MYR,0,Nos,MYR,0,Nos,MYR,"{""Implant Type Category"":""Nail"",""Diameter"":10,""Length"":420,""Nail Type"":""Standard"",""Target Bone"":""Femur"",""Side"":""L""}",FALSE,,FALSE,
Ultimax Supply Sdn Bhd,33103232,ILN Femur Left (11mm x 320mm),Intramedullary Nails,1000,10,0,Nos,WH-00348,0.25,Kg,0,Malaysia,,"Interlocking Femoral Nail Standard, Interlocking Femoral Nail Recon",FALSE,FALSE,,0,TRUE,1,0,0,Nos,MYR,99999999,Nos,MYR,0,Nos,MYR,TRUE,1,0,Nos,MYR,0,Nos,MYR,0,Nos,MYR,0,Nos,MYR,"{""Implant Type Category"":""Nail"",""Diameter"":11,""Length"":320,""Nail Type"":""Standard"",""Target Bone"":""Femur"",""Side"":""L""}",FALSE,,FALSE,
Ultimax Supply Sdn Bhd,33103234,ILN Femur Left (11mm x 340mm),Intramedullary Nails,1000,10,0,Nos,WH-00348,0.25,Kg,0,Malaysia,,"Interlocking Femoral Nail Standard, Interlocking Femoral Nail Recon",FALSE,FALSE,,0,TRUE,1,0,0,Nos,MYR,99999999,Nos,MYR,0,Nos,MYR,TRUE,1,0,Nos,MYR,0,Nos,MYR,0,Nos,MYR,0,Nos,MYR,"{""Implant Type Category"":""Nail"",""Diameter"":11,""Length"":340,""Nail Type"":""Standard"",""Target Bone"":""Femur"",""Side"":""L""}",FALSE,,FALSE,
Ultimax Supply Sdn Bhd,33103236,ILN Femur Left (11mm x 360mm),Intramedullary Nails,1000,10,0,Nos,WH-00348,0.25,Kg,0,Malaysia,,"Interlocking Femoral Nail Standard, Interlocking Femoral Nail Recon",FALSE,FALSE,,0,TRUE,1,0,0,Nos,MYR,99999999,Nos,MYR,0,Nos,MYR,TRUE,1,0,Nos,MYR,0,Nos,MYR,0,Nos,MYR,0,Nos,MYR,"{""Implant Type Category"":""Nail"",""Diameter"":11,""Length"":360,""Nail Type"":""Standard"",""Target Bone"":""Femur"",""Side"":""L""}",FALSE,,FALSE,
Ultimax Supply Sdn Bhd,33103238,ILN Femur Left (11mm x 380mm),Intramedullary Nails,1000,10,0,Nos,WH-00348,0.25,Kg,0,Malaysia,,"Interlocking Femoral Nail Standard, Interlocking Femoral Nail Recon",FALSE,FALSE,,0,TRUE,1,0,0,Nos,MYR,99999999,Nos,MYR,0,Nos,MYR,TRUE,1,0,Nos,MYR,0,Nos,MYR,0,Nos,MYR,0,Nos,MYR,"{""Implant Type Category"":""Nail"",""Diameter"":11,""Length"":380,""Nail Type"":""Standard"",""Target Bone"":""Femur"",""Side"":""L""}",FALSE,,FALSE,
Ultimax Supply Sdn Bhd,33103240,ILN Femur Left (11mm x 400mm),Intramedullary Nails,1000,10,0,Nos,WH-00348,0.25,Kg,0,Malaysia,,"Interlocking Femoral Nail Standard, Interlocking Femoral Nail Recon",FALSE,FALSE,,0,TRUE,1,0,0,Nos,MYR,99999999,Nos,MYR,0,Nos,MYR,TRUE,1,0,Nos,MYR,0,Nos,MYR,0,Nos,MYR,0,Nos,MYR,"{""Implant Type Category"":""Nail"",""Diameter"":11,""Length"":400,""Nail Type"":""Standard"",""Target Bone"":""Femur"",""Side"":""L""}",FALSE,,FALSE,
Ultimax Supply Sdn Bhd,33103242,ILN Femur Left (11mm x 420mm),Intramedullary Nails,1000,10,0,Nos,WH-00348,0.25,Kg,0,Malaysia,,"Interlocking Femoral Nail Standard, Interlocking Femoral Nail Recon",FALSE,FALSE,,0,TRUE,1,0,0,Nos,MYR,99999999,Nos,MYR,0,Nos,MYR,TRUE,1,0,Nos,MYR,0,Nos,MYR,0,Nos,MYR,0,Nos,MYR,"{""Implant Type Category"":""Nail"",""Diameter"":11,""Length"":420,""Nail Type"":""Standard"",""Target Bone"":""Femur"",""Side"":""L""}",FALSE,,FALSE,
Ultimax Supply Sdn Bhd,33103244,ILN Femur Left (11mm x 440mm),Intramedullary Nails,1000,10,0,Nos,WH-00348,0.25,Kg,0,Malaysia,,"Interlocking Femoral Nail Standard, Interlocking Femoral Nail Recon",FALSE,FALSE,,0,TRUE,1,0,0,Nos,MYR,99999999,Nos,MYR,0,Nos,MYR,TRUE,1,0,Nos,MYR,0,Nos,MYR,0,Nos,MYR,0,Nos,MYR,"{""Implant Type Category"":""Nail"",""Diameter"":11,""Length"":440,""Nail Type"":""Standard"",""Target Bone"":""Femur"",""Side"":""L""}",FALSE,,FALSE,
Ultimax Supply Sdn Bhd,33104234,ILN Femur Left (12mm x 340mm),Intramedullary Nails,1000,10,0,Nos,WH-00348,0.25,Kg,0,Malaysia,,"Interlocking Femoral Nail Standard, Interlocking Femoral Nail Recon",FALSE,FALSE,,0,TRUE,1,0,0,Nos,MYR,99999999,Nos,MYR,0,Nos,MYR,TRUE,1,0,Nos,MYR,0,Nos,MYR,0,Nos,MYR,0,Nos,MYR,"{""Implant Type Category"":""Nail"",""Diameter"":12,""Length"":340,""Nail Type"":""Standard"",""Target Bone"":""Femur"",""Side"":""L""}",FALSE,,FALSE,
Ultimax Supply Sdn Bhd,33104236,ILN Femur Left (12mm x 360mm),Intramedullary Nails,1000,10,0,Nos,WH-00348,0.25,Kg,0,Malaysia,,"Interlocking Femoral Nail Standard, Interlocking Femoral Nail Recon",FALSE,FALSE,,0,TRUE,1,0,0,Nos,MYR,99999999,Nos,MYR,0,Nos,MYR,TRUE,1,0,Nos,MYR,0,Nos,MYR,0,Nos,MYR,0,Nos,MYR,"{""Implant Type Category"":""Nail"",""Diameter"":12,""Length"":360,""Nail Type"":""Standard"",""Target Bone"":""Femur"",""Side"":""L""}",FALSE,,FALSE,
Ultimax Supply Sdn Bhd,33104238,ILN Femur Left (12mm x 380mm),Intramedullary Nails,1000,10,0,Nos,WH-00348,0.25,Kg,0,Malaysia,,"Interlocking Femoral Nail Standard, Interlocking Femoral Nail Recon",FALSE,FALSE,,0,TRUE,1,0,0,Nos,MYR,99999999,Nos,MYR,0,Nos,MYR,TRUE,1,0,Nos,MYR,0,Nos,MYR,0,Nos,MYR,0,Nos,MYR,"{""Implant Type Category"":""Nail"",""Diameter"":12,""Length"":380,""Nail Type"":""Standard"",""Target Bone"":""Femur"",""Side"":""L""}",FALSE,,FALSE,
Ultimax Supply Sdn Bhd,33104240,ILN Femur Left (12mm x 400mm),Intramedullary Nails,1000,10,0,Nos,WH-00348,0.25,Kg,0,Malaysia,,"Interlocking Femoral Nail Standard, Interlocking Femoral Nail Recon",FALSE,FALSE,,0,TRUE,1,0,0,Nos,MYR,99999999,Nos,MYR,0,Nos,MYR,TRUE,1,0,Nos,MYR,0,Nos,MYR,0,Nos,MYR,0,Nos,MYR,"{""Implant Type Category"":""Nail"",""Diameter"":12,""Length"":400,""Nail Type"":""Standard"",""Target Bone"":""Femur"",""Side"":""L""}",FALSE,,FALSE,
Ultimax Supply Sdn Bhd,33110000,Femur End Caps (End Caps),Screws,1000,10,0,Nos,WH-00353,0.01,Kg,0,Malaysia,,Neogen ILN set (Screws),FALSE,FALSE,,0,TRUE,1,0,250,Nos,MYR,99999999,Nos,MYR,0,Nos,MYR,TRUE,1,0,Nos,MYR,0,Nos,MYR,0,Nos,MYR,0,Nos,MYR,"{""Implant Type Category"":""Small Fragment Screw"",""Diameter"":0,""Screw Category"":""Small Fragment""}",FALSE,,FALSE,
Ultimax Supply Sdn Bhd,33110005,"Femur End Caps (End Caps, 5mm)",Screws,1000,10,0,Nos,WH-00353,0.01,Kg,0,Malaysia,,Neogen ILN set (Screws),FALSE,FALSE,,0,TRUE,1,0,250,Nos,MYR,99999999,Nos,MYR,0,Nos,MYR,TRUE,1,0,Nos,MYR,0,Nos,MYR,0,Nos,MYR,0,Nos,MYR,"{""Implant Type Category"":""Large Fragment Screw"",""Diameter"":5,""Length"":5,""Screw Category"":""Large Fragment""}",FALSE,,FALSE,
Ultimax Supply Sdn Bhd,33110010,"Femur End Caps (End Caps, 10mm)",Screws,1000,10,0,Nos,WH-00353,0.01,Kg,0,Malaysia,,Neogen ILN set (Screws),FALSE,FALSE,,0,TRUE,1,0,250,Nos,MYR,99999999,Nos,MYR,0,Nos,MYR,TRUE,1,0,Nos,MYR,0,Nos,MYR,0,Nos,MYR,0,Nos,MYR,"{""Implant Type Category"":""Large Fragment Screw"",""Diameter"":10,""Length"":10,""Screw Category"":""Large Fragment""}",FALSE,,FALSE,
Ultimax Supply Sdn Bhd,33110015,"Femur End Caps (End Caps, 15mm)",Screws,1000,10,0,Nos,WH-00353,0.01,Kg,0,Malaysia,,Neogen ILN set (Screws),FALSE,FALSE,,0,TRUE,1,0,250,Nos,MYR,99999999,Nos,MYR,0,Nos,MYR,TRUE,1,0,Nos,MYR,0,Nos,MYR,0,Nos,MYR,0,Nos,MYR,"{""Implant Type Category"":""Large Fragment Screw"",""Diameter"":15,""Length"":15,""Screw Category"":""Large Fragment""}",FALSE,,FALSE,
Ultimax Supply Sdn Bhd,33112025,Neogen Locking Screws (5.0mm x 26mm),Screws,1000,10,0,Nos,WH-00350,0.035,Kg,0,Malaysia,,"Neogen AR set (Screws), Neogen ILN set (Screws)",FALSE,FALSE,,0,TRUE,1,0,150,Nos,MYR,99999999,Nos,MYR,0,Nos,MYR,TRUE,1,0,Nos,MYR,0,Nos,MYR,0,Nos,MYR,0,Nos,MYR,"{""Implant Type Category"":""Large Fragment Screw"",""Diameter"":5,""Length"":26,""Screw Category"":""Large Fragment"",""Screw Type"":""Locking"",""Head Type"":""Locking""}",FALSE,,FALSE,
Ultimax Supply Sdn Bhd,33112030,Neogen Locking Screws (5.0mm x 30mm),Screws,1000,10,0,Nos,WH-00350,0.035,Kg,0,Malaysia,,"Neogen AR set (Screws), Neogen ILN set (Screws)",FALSE,FALSE,,0,TRUE,1,0,150,Nos,MYR,99999999,Nos,MYR,0,Nos,MYR,TRUE,1,0,Nos,MYR,0,Nos,MYR,0,Nos,MYR,0,Nos,MYR,"{""Implant Type Category"":""Large Fragment Screw"",""Diameter"":5,""Length"":30,""Screw Category"":""Large Fragment"",""Screw Type"":""Locking"",""Head Type"":""Locking""}",FALSE,,FALSE,
Ultimax Supply Sdn Bhd,33112035,Neogen Locking Screws (5.0mm x 35mm),Screws,1000,10,0,Nos,WH-00350,0.035,Kg,0,Malaysia,,"Neogen AR set (Screws), Neogen ILN set (Screws)",FALSE,FALSE,,0,TRUE,1,0,150,Nos,MYR,99999999,Nos,MYR,0,Nos,MYR,TRUE,1,0,Nos,MYR,0,Nos,MYR,0,Nos,MYR,0,Nos,MYR,"{""Implant Type Category"":""Large Fragment Screw"",""Diameter"":5,""Length"":35,""Screw Category"":""Large Fragment"",""Screw Type"":""Locking"",""Head Type"":""Locking""}",FALSE,,FALSE,
Ultimax Supply Sdn Bhd,33112040,Neogen Locking Screws (5.0mm x 40mm),Screws,1000,10,0,Nos,WH-00350,0.035,Kg,0,Malaysia,,"Neogen AR set (Screws), Neogen ILN set (Screws)",FALSE,FALSE,,0,TRUE,1,0,150,Nos,MYR,99999999,Nos,MYR,0,Nos,MYR,TRUE,1,0,Nos,MYR,0,Nos,MYR,0,Nos,MYR,0,Nos,MYR,"{""Implant Type Category"":""Large Fragment Screw"",""Diameter"":5,""Length"":40,""Screw Category"":""Large Fragment"",""Screw Type"":""Locking"",""Head Type"":""Locking""}",FALSE,,FALSE,
Ultimax Supply Sdn Bhd,33112045,Neogen Locking Screws (5.0mm x 45mm),Screws,1000,10,0,Nos,WH-00350,0.035,Kg,0,Malaysia,,"Neogen AR set (Screws), Neogen ILN set (Screws)",FALSE,FALSE,,0,TRUE,1,0,150,Nos,MYR,99999999,Nos,MYR,0,Nos,MYR,TRUE,1,0,Nos,MYR,0,Nos,MYR,0,Nos,MYR,0,Nos,MYR,"{""Implant Type Category"":""Large Fragment Screw"",""Diameter"":5,""Length"":45,""Screw Category"":""Large Fragment"",""Screw Type"":""Locking"",""Head Type"":""Locking""}",FALSE,,FALSE,
Ultimax Supply Sdn Bhd,33112050,Neogen Locking Screws (5.0mm x 50mm),Screws,1000,10,0,Nos,WH-00350,0.035,Kg,0,Malaysia,,"Neogen AR set (Screws), Neogen ILN set (Screws)",FALSE,FALSE,,0,TRUE,1,0,150,Nos,MYR,99999999,Nos,MYR,0,Nos,MYR,TRUE,1,0,Nos,MYR,0,Nos,MYR,0,Nos,MYR,0,Nos,MYR,"{""Implant Type Category"":""Large Fragment Screw"",""Diameter"":5,""Length"":50,""Screw Category"":""Large Fragment"",""Screw Type"":""Locking"",""Head Type"":""Locking""}",FALSE,,FALSE,
Ultimax Supply Sdn Bhd,33112055,Neogen Locking Screws (5.0mm x 55mm),Screws,1000,10,0,Nos,WH-00350,0.035,Kg,0,Malaysia,,"Neogen AR set (Screws), Neogen ILN set (Screws)",FALSE,FALSE,,0,TRUE,1,0,150,Nos,MYR,99999999,Nos,MYR,0,Nos,MYR,TRUE,1,0,Nos,MYR,0,Nos,MYR,0,Nos,MYR,0,Nos,MYR,"{""Implant Type Category"":""Large Fragment Screw"",""Diameter"":5,""Length"":55,""Screw Category"":""Large Fragment"",""Screw Type"":""Locking"",""Head Type"":""Locking""}",FALSE,,FALSE,
Ultimax Supply Sdn Bhd,33112060,Neogen Locking Screws (5.0mm x 60mm),Screws,1000,10,0,Nos,WH-00350,0.035,Kg,0,Malaysia,,"Neogen AR set (Screws), Neogen ILN set (Screws)",FALSE,FALSE,,0,TRUE,1,0,150,Nos,MYR,99999999,Nos,MYR,0,Nos,MYR,TRUE,1,0,Nos,MYR,0,Nos,MYR,0,Nos,MYR,0,Nos,MYR,"{""Implant Type Category"":""Large Fragment Screw"",""Diameter"":5,""Length"":60,""Screw Category"":""Large Fragment"",""Screw Type"":""Locking"",""Head Type"":""Locking""}",FALSE,,FALSE,
Ultimax Supply Sdn Bhd,33112065,Neogen Locking Screws (5.0mm x 65mm),Screws,1000,10,0,Nos,WH-00350,0.035,Kg,0,Malaysia,,"Neogen AR set (Screws), Neogen ILN set (Screws)",FALSE,FALSE,,0,TRUE,1,0,150,Nos,MYR,99999999,Nos,MYR,0,Nos,MYR,TRUE,1,0,Nos,MYR,0,Nos,MYR,0,Nos,MYR,0,Nos,MYR,"{""Implant Type Category"":""Large Fragment Screw"",""Diameter"":5,""Length"":65,""Screw Category"":""Large Fragment"",""Screw Type"":""Locking"",""Head Type"":""Locking""}",FALSE,,FALSE,
Ultimax Supply Sdn Bhd,33112070,Neogen Locking Screws (5.0mm x 70mm),Screws,1000,10,0,Nos,WH-00350,0.035,Kg,0,Malaysia,,"Neogen AR set (Screws), Neogen ILN set (Screws)",FALSE,FALSE,,0,TRUE,1,0,150,Nos,MYR,99999999,Nos,MYR,0,Nos,MYR,TRUE,1,0,Nos,MYR,0,Nos,MYR,0,Nos,MYR,0,Nos,MYR,"{""Implant Type Category"":""Large Fragment Screw"",""Diameter"":5,""Length"":70,""Screw Category"":""Large Fragment"",""Screw Type"":""Locking"",""Head Type"":""Locking""}",FALSE,,FALSE,
Ultimax Supply Sdn Bhd,33112075,Neogen Locking Screws (5.0mm x 75mm),Screws,1000,10,0,Nos,WH-00350,0.035,Kg,0,Malaysia,,Neogen ILN set (Screws),FALSE,FALSE,,0,TRUE,1,0,150,Nos,MYR,99999999,Nos,MYR,0,Nos,MYR,TRUE,1,0,Nos,MYR,0,Nos,MYR,0,Nos,MYR,0,Nos,MYR,"{""Implant Type Category"":""Large Fragment Screw"",""Diameter"":5,""Length"":75,""Screw Category"":""Large Fragment"",""Screw Type"":""Locking"",""Head Type"":""Locking""}",FALSE,,FALSE,
Ultimax Supply Sdn Bhd,33112080,Neogen Locking Screws (5.0mm x 80mm),Screws,1000,10,0,Nos,WH-00350,0.035,Kg,0,Malaysia,,Neogen ILN set (Screws),FALSE,FALSE,,0,TRUE,1,0,150,Nos,MYR,99999999,Nos,MYR,0,Nos,MYR,TRUE,1,0,Nos,MYR,0,Nos,MYR,0,Nos,MYR,0,Nos,MYR,"{""Implant Type Category"":""Large Fragment Screw"",""Diameter"":5,""Length"":80,""Screw Category"":""Large Fragment"",""Screw Type"":""Locking"",""Head Type"":""Locking""}",FALSE,,FALSE,
Ultimax Supply Sdn Bhd,33112085,Neogen Locking Screws (5.0mm x 85mm),Screws,1000,10,0,Nos,WH-00350,0.035,Kg,0,Malaysia,,Neogen ILN set (Screws),FALSE,FALSE,,0,TRUE,1,0,150,Nos,MYR,99999999,Nos,MYR,0,Nos,MYR,TRUE,1,0,Nos,MYR,0,Nos,MYR,0,Nos,MYR,0,Nos,MYR,"{""Implant Type Category"":""Large Fragment Screw"",""Diameter"":5,""Length"":85,""Screw Category"":""Large Fragment"",""Screw Type"":""Locking"",""Head Type"":""Locking""}",FALSE,,FALSE,
Ultimax Supply Sdn Bhd,33112090,Neogen Locking Screws (5.0mm x 90mm),Screws,1000,10,0,Nos,WH-00350,0.035,Kg,0,Malaysia,,Neogen ILN set (Screws),FALSE,FALSE,,0,TRUE,1,0,150,Nos,MYR,99999999,Nos,MYR,0,Nos,MYR,TRUE,1,0,Nos,MYR,0,Nos,MYR,0,Nos,MYR,0,Nos,MYR,"{""Implant Type Category"":""Large Fragment Screw"",""Diameter"":5,""Length"":90,""Screw Category"":""Large Fragment"",""Screw Type"":""Locking"",""Head Type"":""Locking""}",FALSE,,FALSE,
Ultimax Supply Sdn Bhd,33113070,Recon Screw (6.3mm x 70mm),Screws,1000,10,0,Nos,WH-00350,0.05,Kg,0,Malaysia,,Neogen ILN set (Screws),FALSE,FALSE,,0,TRUE,1,0,200,Nos,MYR,99999999,Nos,MYR,0,Nos,MYR,TRUE,1,0,Nos,MYR,0,Nos,MYR,0,Nos,MYR,0,Nos,MYR,"{""Implant Type Category"":""Large Fragment Screw"",""Diameter"":6.3,""Length"":70,""Screw Category"":""Large Fragment""}",FALSE,,FALSE,
Ultimax Supply Sdn Bhd,33113075,Recon Screw (6.3mm x 75mm),Screws,1000,10,0,Nos,WH-00350,0.05,Kg,0,Malaysia,,Neogen ILN set (Screws),FALSE,FALSE,,0,TRUE,1,0,200,Nos,MYR,99999999,Nos,MYR,0,Nos,MYR,TRUE,1,0,Nos,MYR,0,Nos,MYR,0,Nos,MYR,0,Nos,MYR,"{""Implant Type Category"":""Large Fragment Screw"",""Diameter"":6.3,""Length"":75,""Screw Category"":""Large Fragment""}",FALSE,,FALSE,
Ultimax Supply Sdn Bhd,33113080,Recon Screw (6.3mm x 80mm),Screws,1000,10,0,Nos,WH-00350,0.05,Kg,0,Malaysia,,Neogen ILN set (Screws),FALSE,FALSE,,0,TRUE,1,0,200,Nos,MYR,99999999,Nos,MYR,0,Nos,MYR,TRUE,1,0,Nos,MYR,0,Nos,MYR,0,Nos,MYR,0,Nos,MYR,"{""Implant Type Category"":""Large Fragment Screw"",""Diameter"":6.3,""Length"":80,""Screw Category"":""Large Fragment""}",FALSE,,FALSE,
Ultimax Supply Sdn Bhd,33113085,Recon Screw (6.3mm x 85mm),Screws,1000,10,0,Nos,WH-00350,0.05,Kg,0,Malaysia,,Neogen ILN set (Screws),FALSE,FALSE,,0,TRUE,1,0,200,Nos,MYR,99999999,Nos,MYR,0,Nos,MYR,TRUE,1,0,Nos,MYR,0,Nos,MYR,0,Nos,MYR,0,Nos,MYR,"{""Implant Type Category"":""Large Fragment Screw"",""Diameter"":6.3,""Length"":85,""Screw Category"":""Large Fragment""}",FALSE,,FALSE,
Ultimax Supply Sdn Bhd,33113090,Recon Screw (6.3mm x 90mm),Screws,1000,10,0,Nos,WH-00350,0.05,Kg,0,Malaysia,,Neogen ILN set (Screws),FALSE,FALSE,,0,TRUE,1,0,200,Nos,MYR,99999999,Nos,MYR,0,Nos,MYR,TRUE,1,0,Nos,MYR,0,Nos,MYR,0,Nos,MYR,0,Nos,MYR,"{""Implant Type Category"":""Large Fragment Screw"",""Diameter"":6.3,""Length"":90,""Screw Category"":""Large Fragment""}",FALSE,,FALSE,
Ultimax Supply Sdn Bhd,33113091,Recon Screw (6.3mm x 95mm),Screws,1000,10,0,Nos,WH-00350,0.05,Kg,0,Malaysia,,Neogen ILN set (Screws),FALSE,FALSE,,0,TRUE,1,0,200,Nos,MYR,99999999,Nos,MYR,0,Nos,MYR,TRUE,1,0,Nos,MYR,0,Nos,MYR,0,Nos,MYR,0,Nos,MYR,"{""Implant Type Category"":""Large Fragment Screw"",""Diameter"":6.3,""Length"":95,""Screw Category"":""Large Fragment""}",FALSE,,FALSE,
Ultimax Supply Sdn Bhd,33113092,Recon Screw (6.3mm x 100mm),Screws,1000,10,0,Nos,WH-00350,0.05,Kg,0,Malaysia,,Neogen ILN set (Screws),FALSE,FALSE,,0,TRUE,1,0,200,Nos,MYR,99999999,Nos,MYR,0,Nos,MYR,TRUE,1,0,Nos,MYR,0,Nos,MYR,0,Nos,MYR,0,Nos,MYR,"{""Implant Type Category"":""Large Fragment Screw"",""Diameter"":6.3,""Length"":100,""Screw Category"":""Large Fragment""}",FALSE,,FALSE,
Ultimax Supply Sdn Bhd,33113093,Recon Screw (6.3mm x 105mm),Screws,1000,10,0,Nos,WH-00350,0.05,Kg,0,Malaysia,,Neogen ILN set (Screws),FALSE,FALSE,,0,TRUE,1,0,200,Nos,MYR,99999999,Nos,MYR,0,Nos,MYR,TRUE,1,0,Nos,MYR,0,Nos,MYR,0,Nos,MYR,0,Nos,MYR,"{""Implant Type Category"":""Large Fragment Screw"",""Diameter"":6.3,""Length"":105,""Screw Category"":""Large Fragment""}",FALSE,,FALSE,
Ultimax Supply Sdn Bhd,33141028,ILN Tibia Nail (9mm x 280mm),Intramedullary Nails,1000,10,0,Nos,WH-00348,0.15,Kg,0,Malaysia,,Interlocking Tibial Nail,FALSE,FALSE,,0,TRUE,1,0,0,Nos,MYR,99999999,Nos,MYR,0,Nos,MYR,TRUE,1,0,Nos,MYR,0,Nos,MYR,0,Nos,MYR,0,Nos,MYR,"{""Implant Type Category"":""Nail"",""Diameter"":9,""Length"":280,""Target Bone"":""Tibia""}",FALSE,,FALSE,
Ultimax Supply Sdn Bhd,33141030,ILN Tibia Nail (9mm x 300mm),Intramedullary Nails,1000,10,0,Nos,WH-00348,0.2,Kg,0,Malaysia,,Interlocking Tibial Nail,FALSE,FALSE,,0,TRUE,1,0,0,Nos,MYR,99999999,Nos,MYR,0,Nos,MYR,TRUE,1,0,Nos,MYR,0,Nos,MYR,0,Nos,MYR,0,Nos,MYR,"{""Implant Type Category"":""Nail"",""Diameter"":9,""Length"":300,""Target Bone"":""Tibia""}",FALSE,,FALSE,
Ultimax Supply Sdn Bhd,33141032,ILN Tibia Nail (9mm x 320mm),Intramedullary Nails,1000,10,0,Nos,WH-00348,0.2,Kg,0,Malaysia,,Interlocking Tibial Nail,FALSE,FALSE,,0,TRUE,1,0,0,Nos,MYR,99999999,Nos,MYR,0,Nos,MYR,TRUE,1,0,Nos,MYR,0,Nos,MYR,0,Nos,MYR,0,Nos,MYR,"{""Implant Type Category"":""Nail"",""Diameter"":9,""Length"":320,""Target Bone"":""Tibia""}",FALSE,,FALSE,
Ultimax Supply Sdn Bhd,33141034,ILN Tibia Nail (9mm x 340mm),Intramedullary Nails,1000,10,0,Nos,WH-00348,0.2,Kg,0,Malaysia,,Interlocking Tibial Nail,FALSE,FALSE,,0,TRUE,1,0,0,Nos,MYR,99999999,Nos,MYR,0,Nos,MYR,TRUE,1,0,Nos,MYR,0,Nos,MYR,0,Nos,MYR,0,Nos,MYR,"{""Implant Type Category"":""Nail"",""Diameter"":9,""Length"":340,""Target Bone"":""Tibia""}",FALSE,,FALSE,
Ultimax Supply Sdn Bhd,33141036,ILN Tibia Nail (9mm x 360mm),Intramedullary Nails,1000,10,0,Nos,WH-00348,0.25,Kg,0,Malaysia,,Interlocking Tibial Nail,FALSE,FALSE,,0,TRUE,1,0,0,Nos,MYR,99999999,Nos,MYR,0,Nos,MYR,TRUE,1,0,Nos,MYR,0,Nos,MYR,0,Nos,MYR,0,Nos,MYR,"{""Implant Type Category"":""Nail"",""Diameter"":9,""Length"":360,""Target Bone"":""Tibia""}",FALSE,,FALSE,
Ultimax Supply Sdn Bhd,33141038,ILN Tibia Nail (9mm x 380mm),Intramedullary Nails,1000,10,0,Nos,WH-00348,0.25,Kg,0,Malaysia,,Interlocking Tibial Nail,FALSE,FALSE,,0,TRUE,1,0,0,Nos,MYR,99999999,Nos,MYR,0,Nos,MYR,TRUE,1,0,Nos,MYR,0,Nos,MYR,0,Nos,MYR,0,Nos,MYR,"{""Implant Type Category"":""Nail"",""Diameter"":9,""Length"":380,""Target Bone"":""Tibia""}",FALSE,,FALSE,
Ultimax Supply Sdn Bhd,33142028,ILN Tibia Nail (10mm x 280mm),Intramedullary Nails,1000,10,0,Nos,WH-00348,0.2,Kg,0,Malaysia,,Interlocking Tibial Nail,FALSE,FALSE,,0,TRUE,1,0,0,Nos,MYR,99999999,Nos,MYR,0,Nos,MYR,TRUE,1,0,Nos,MYR,0,Nos,MYR,0,Nos,MYR,0,Nos,MYR,"{""Implant Type Category"":""Nail"",""Diameter"":10,""Length"":280,""Target Bone"":""Tibia""}",FALSE,,FALSE,
Ultimax Supply Sdn Bhd,33142030,ILN Tibia Nail (10mm x 300mm),Intramedullary Nails,1000,10,0,Nos,WH-00348,0.2,Kg,0,Malaysia,,Interlocking Tibial Nail,FALSE,FALSE,,0,TRUE,1,0,0,Nos,MYR,99999999,Nos,MYR,0,Nos,MYR,TRUE,1,0,Nos,MYR,0,Nos,MYR,0,Nos,MYR,0,Nos,MYR,"{""Implant Type Category"":""Nail"",""Diameter"":10,""Length"":300,""Target Bone"":""Tibia""}",FALSE,,FALSE,
Ultimax Supply Sdn Bhd,33142032,ILN Tibia Nail (10mm x 320mm),Intramedullary Nails,1000,10,0,Nos,WH-00348,0.2,Kg,0,Malaysia,,Interlocking Tibial Nail,FALSE,FALSE,,0,TRUE,1,0,0,Nos,MYR,99999999,Nos,MYR,0,Nos,MYR,TRUE,1,0,Nos,MYR,0,Nos,MYR,0,Nos,MYR,0,Nos,MYR,"{""Implant Type Category"":""Nail"",""Diameter"":10,""Length"":320,""Target Bone"":""Tibia""}",FALSE,,FALSE,
Ultimax Supply Sdn Bhd,33142034,ILN Tibia Nail (10mm x 340mm),Intramedullary Nails,1000,10,0,Nos,WH-00348,0.2,Kg,0,Malaysia,,Interlocking Tibial Nail,FALSE,FALSE,,0,TRUE,1,0,0,Nos,MYR,99999999,Nos,MYR,0,Nos,MYR,TRUE,1,0,Nos,MYR,0,Nos,MYR,0,Nos,MYR,0,Nos,MYR,"{""Implant Type Category"":""Nail"",""Diameter"":10,""Length"":340,""Target Bone"":""Tibia""}",FALSE,,FALSE,
Ultimax Supply Sdn Bhd,33142036,ILN Tibia Nail (10mm x 360mm),Intramedullary Nails,1000,10,0,Nos,WH-00348,0.25,Kg,0,Malaysia,,Interlocking Tibial Nail,FALSE,FALSE,,0,TRUE,1,0,0,Nos,MYR,99999999,Nos,MYR,0,Nos,MYR,TRUE,1,0,Nos,MYR,0,Nos,MYR,0,Nos,MYR,0,Nos,MYR,"{""Implant Type Category"":""Nail"",""Diameter"":10,""Length"":360,""Target Bone"":""Tibia""}",FALSE,,FALSE,
Ultimax Supply Sdn Bhd,33142038,ILN Tibia Nail (10mm x 380mm),Intramedullary Nails,1000,10,0,Nos,WH-00348,0.25,Kg,0,Malaysia,,Interlocking Tibial Nail,FALSE,FALSE,,0,TRUE,1,0,0,Nos,MYR,99999999,Nos,MYR,0,Nos,MYR,TRUE,1,0,Nos,MYR,0,Nos,MYR,0,Nos,MYR,0,Nos,MYR,"{""Implant Type Category"":""Nail"",""Diameter"":10,""Length"":380,""Target Bone"":""Tibia""}",FALSE,,FALSE,
Ultimax Supply Sdn Bhd,33143028,ILN Tibia Nail (11.5mm x 280mm),Intramedullary Nails,1000,10,0,Nos,WH-00348,0.25,Kg,0,Malaysia,,Interlocking Tibial Nail,FALSE,FALSE,,0,TRUE,1,0,0,Nos,MYR,99999999,Nos,MYR,0,Nos,MYR,TRUE,1,0,Nos,MYR,0,Nos,MYR,0,Nos,MYR,0,Nos,MYR,"{""Implant Type Category"":""Nail"",""Diameter"":11.5,""Length"":280,""Target Bone"":""Tibia""}",FALSE,,FALSE,
Ultimax Supply Sdn Bhd,33143030,ILN Tibia Nail (11.5mm x 300mm),Intramedullary Nails,1000,10,0,Nos,WH-00348,0.25,Kg,0,Malaysia,,Interlocking Tibial Nail,FALSE,FALSE,,0,TRUE,1,0,0,Nos,MYR,99999999,Nos,MYR,0,Nos,MYR,TRUE,1,0,Nos,MYR,0,Nos,MYR,0,Nos,MYR,0,Nos,MYR,"{""Implant Type Category"":""Nail"",""Diameter"":11.5,""Length"":300,""Target Bone"":""Tibia""}",FALSE,,FALSE,
Ultimax Supply Sdn Bhd,33143032,ILN Tibia Nail (11.5mm x 320mm),Intramedullary Nails,1000,10,0,Nos,WH-00348,0.25,Kg,0,Malaysia,,Interlocking Tibial Nail,FALSE,FALSE,,0,TRUE,1,0,0,Nos,MYR,99999999,Nos,MYR,0,Nos,MYR,TRUE,1,0,Nos,MYR,0,Nos,MYR,0,Nos,MYR,0,Nos,MYR,"{""Implant Type Category"":""Nail"",""Diameter"":11.5,""Length"":320,""Target Bone"":""Tibia""}",FALSE,,FALSE,
Ultimax Supply Sdn Bhd,33143034,ILN Tibia Nail (11.5mm x 340mm),Intramedullary Nails,1000,10,0,Nos,WH-00348,0.25,Kg,0,Malaysia,,Interlocking Tibial Nail,FALSE,FALSE,,0,TRUE,1,0,0,Nos,MYR,99999999,Nos,MYR,0,Nos,MYR,TRUE,1,0,Nos,MYR,0,Nos,MYR,0,Nos,MYR,0,Nos,MYR,"{""Implant Type Category"":""Nail"",""Diameter"":11.5,""Length"":340,""Target Bone"":""Tibia""}",FALSE,,FALSE,
Ultimax Supply Sdn Bhd,33143036,ILN Tibia Nail (11.5mm x 360mm),Intramedullary Nails,1000,10,0,Nos,WH-00348,0.25,Kg,0,Malaysia,,Interlocking Tibial Nail,FALSE,FALSE,,0,TRUE,1,0,0,Nos,MYR,99999999,Nos,MYR,0,Nos,MYR,TRUE,1,0,Nos,MYR,0,Nos,MYR,0,Nos,MYR,0,Nos,MYR,"{""Implant Type Category"":""Nail"",""Diameter"":11.5,""Length"":360,""Target Bone"":""Tibia""}",FALSE,,FALSE,
Ultimax Supply Sdn Bhd,33143038,ILN Tibia Nail (11.5mm x 380mm),Intramedullary Nails,1000,10,0,Nos,WH-00348,0.25,Kg,0,Malaysia,,Interlocking Tibial Nail,FALSE,FALSE,,0,TRUE,1,0,0,Nos,MYR,99999999,Nos,MYR,0,Nos,MYR,TRUE,1,0,Nos,MYR,0,Nos,MYR,0,Nos,MYR,0,Nos,MYR,"{""Implant Type Category"":""Nail"",""Diameter"":11.5,""Length"":380,""Target Bone"":""Tibia""}",FALSE,,FALSE,
Ultimax Supply Sdn Bhd,33144005,"Tibia End Caps (End Caps, 5mm)",Screws,1000,10,0,Nos,WH-00353,0.01,Kg,0,Malaysia,,Neogen ILN set (Screws),FALSE,FALSE,,0,TRUE,1,0,250,Nos,MYR,99999999,Nos,MYR,0,Nos,MYR,TRUE,1,0,Nos,MYR,0,Nos,MYR,0,Nos,MYR,0,Nos,MYR,"{""Implant Type Category"":""Large Fragment Screw"",""Diameter"":5,""Length"":5,""Screw Category"":""Large Fragment""}",FALSE,,FALSE,
Ultimax Supply Sdn Bhd,33144010,"Tibia End Caps (End Caps, 10mm)",Screws,1000,10,0,Nos,WH-00353,0.01,Kg,0,Malaysia,,Neogen ILN set (Screws),FALSE,FALSE,,0,TRUE,1,0,250,Nos,MYR,99999999,Nos,MYR,0,Nos,MYR,TRUE,1,0,Nos,MYR,0,Nos,MYR,0,Nos,MYR,0,Nos,MYR,"{""Implant Type Category"":""Large Fragment Screw"",""Diameter"":10,""Length"":10,""Screw Category"":""Large Fragment""}",FALSE,,FALSE,
Ultimax Supply Sdn Bhd,33144015,"Tibia End Caps (End Caps, 15mm)",Screws,1000,10,0,Nos,WH-00353,0.01,Kg,0,Malaysia,,Neogen ILN set (Screws),FALSE,FALSE,,0,TRUE,1,0,250,Nos,MYR,99999999,Nos,MYR,0,Nos,MYR,TRUE,1,0,Nos,MYR,0,Nos,MYR,0,Nos,MYR,0,Nos,MYR,"{""Implant Type Category"":""Large Fragment Screw"",""Diameter"":15,""Length"":15,""Screw Category"":""Large Fragment""}",FALSE,,FALSE,
Ultimax Supply Sdn Bhd,33166320,NeoGen Retrograde Nails (10mm x 320mm),Intramedullary Nails,1000,10,0,Nos,WH-00348,0.2,Kg,0,Malaysia,,Retrograde Femoral Nail,FALSE,FALSE,,0,TRUE,1,0,0,Nos,MYR,99999999,Nos,MYR,0,Nos,MYR,TRUE,1,0,Nos,MYR,0,Nos,MYR,0,Nos,MYR,0,Nos,MYR,"{""Implant Type Category"":""Nail"",""Diameter"":10,""Length"":320,""Target Bone"":""Femur""}",FALSE,,FALSE,
Ultimax Supply Sdn Bhd,33166340,NeoGen Retrograde Nails (10mm x 340mm),Intramedullary Nails,1000,10,0,Nos,WH-00348,0.2,Kg,0,Malaysia,,Retrograde Femoral Nail,FALSE,FALSE,,0,TRUE,1,0,0,Nos,MYR,99999999,Nos,MYR,0,Nos,MYR,TRUE,1,0,Nos,MYR,0,Nos,MYR,0,Nos,MYR,0,Nos,MYR,"{""Implant Type Category"":""Nail"",""Diameter"":10,""Length"":340,""Target Bone"":""Femur""}",FALSE,,FALSE,
Ultimax Supply Sdn Bhd,33166360,NeoGen Retrograde Nails (10mm x 360mm),Intramedullary Nails,1000,10,0,Nos,WH-00348,0.25,Kg,0,Malaysia,,Retrograde Femoral Nail,FALSE,FALSE,,0,TRUE,1,0,0,Nos,MYR,99999999,Nos,MYR,0,Nos,MYR,TRUE,1,0,Nos,MYR,0,Nos,MYR,0,Nos,MYR,0,Nos,MYR,"{""Implant Type Category"":""Nail"",""Diameter"":10,""Length"":360,""Target Bone"":""Femur""}",FALSE,,FALSE,
Ultimax Supply Sdn Bhd,33166380,NeoGen Retrograde Nails (10mm x 380mm),Intramedullary Nails,1000,10,0,Nos,WH-00348,0.25,Kg,0,Malaysia,,Retrograde Femoral Nail,FALSE,FALSE,,0,TRUE,1,0,0,Nos,MYR,99999999,Nos,MYR,0,Nos,MYR,TRUE,1,0,Nos,MYR,0,Nos,MYR,0,Nos,MYR,0,Nos,MYR,"{""Implant Type Category"":""Nail"",""Diameter"":10,""Length"":380,""Target Bone"":""Femur""}",FALSE,,FALSE,
Ultimax Supply Sdn Bhd,33167320,NeoGen Retrograde Nails (11.5mm x 320mm),Intramedullary Nails,1000,10,0,Nos,WH-00348,0.25,Kg,0,Malaysia,,Retrograde Femoral Nail,FALSE,FALSE,,0,TRUE,1,0,0,Nos,MYR,99999999,Nos,MYR,0,Nos,MYR,TRUE,1,0,Nos,MYR,0,Nos,MYR,0,Nos,MYR,0,Nos,MYR,"{""Implant Type Category"":""Nail"",""Diameter"":11.5,""Length"":320,""Target Bone"":""Femur""}",FALSE,,FALSE,
Ultimax Supply Sdn Bhd,33167340,NeoGen Retrograde Nails (11.5mm x 340mm),Intramedullary Nails,1000,10,0,Nos,WH-00348,0.25,Kg,0,Malaysia,,Retrograde Femoral Nail,FALSE,FALSE,,0,TRUE,1,0,0,Nos,MYR,99999999,Nos,MYR,0,Nos,MYR,TRUE,1,0,Nos,MYR,0,Nos,MYR,0,Nos,MYR,0,Nos,MYR,"{""Implant Type Category"":""Nail"",""Diameter"":11.5,""Length"":340,""Target Bone"":""Femur""}",FALSE,,FALSE,
Ultimax Supply Sdn Bhd,33167360,NeoGen Retrograde Nails (11.5mm x 360mm),Intramedullary Nails,1000,10,0,Nos,WH-00348,0.25,Kg,0,Malaysia,,Retrograde Femoral Nail,FALSE,FALSE,,0,TRUE,1,0,0,Nos,MYR,99999999,Nos,MYR,0,Nos,MYR,TRUE,1,0,Nos,MYR,0,Nos,MYR,0,Nos,MYR,0,Nos,MYR,"{""Implant Type Category"":""Nail"",""Diameter"":11.5,""Length"":360,""Target Bone"":""Femur""}",FALSE,,FALSE,
Ultimax Supply Sdn Bhd,33167380,NeoGen Retrograde Nails (11.5mm x 380mm),Intramedullary Nails,1000,10,0,Nos,WH-00348,0.25,Kg,0,Malaysia,,Retrograde Femoral Nail,FALSE,FALSE,,0,TRUE,1,0,0,Nos,MYR,99999999,Nos,MYR,0,Nos,MYR,TRUE,1,0,Nos,MYR,0,Nos,MYR,0,Nos,MYR,0,Nos,MYR,"{""Implant Type Category"":""Nail"",""Diameter"":11.5,""Length"":380,""Target Bone"":""Femur""}",FALSE,,FALSE,
Ultimax Supply Sdn Bhd,34253008,2.7mm Locking Screw Variloc (2.7mm x 8mm),Screws,1000,10,0,Nos,WH-00350,0.01,Kg,0,Malaysia,,VA 2.7/3.5 mm set (Screws),FALSE,FALSE,,0,TRUE,1,0,150,Nos,MYR,99999999,Nos,MYR,0,Nos,MYR,TRUE,1,0,Nos,MYR,0,Nos,MYR,0,Nos,MYR,0,Nos,MYR,"{""Implant Type Category"":""Small Fragment Screw"",""Diameter"":2.7,""Length"":8,""Screw Category"":""Small Fragment"",""Screw Type"":""Locking"",""Head Type"":""Locking"",""Locking Mechanism"":""Variloc""}",FALSE,,FALSE,
Ultimax Supply Sdn Bhd,34253010,2.7mm Locking Screw Variloc (2.7mm x 10mm),Screws,1000,10,0,Nos,WH-00350,0.01,Kg,0,Malaysia,,"VA 2.7 mm set (Screws), VA 2.7/3.5 mm set (Screws)",FALSE,FALSE,,0,TRUE,1,0,150,Nos,MYR,99999999,Nos,MYR,0,Nos,MYR,TRUE,1,0,Nos,MYR,0,Nos,MYR,0,Nos,MYR,0,Nos,MYR,"{""Implant Type Category"":""Small Fragment Screw"",""Diameter"":2.7,""Length"":10,""Screw Category"":""Small Fragment"",""Screw Type"":""Locking"",""Head Type"":""Locking"",""Locking Mechanism"":""Variloc""}",FALSE,,FALSE,
Ultimax Supply Sdn Bhd,34253012,2.7mm Locking Screw Variloc (2.7mm x 12mm),Screws,1000,10,0,Nos,WH-00350,0.01,Kg,0,Malaysia,,"VA 2.7 mm set (Screws), VA 2.7/3.5 mm set (Screws)",FALSE,FALSE,,0,TRUE,1,0,150,Nos,MYR,99999999,Nos,MYR,0,Nos,MYR,TRUE,1,0,Nos,MYR,0,Nos,MYR,0,Nos,MYR,0,Nos,MYR,"{""Implant Type Category"":""Small Fragment Screw"",""Diameter"":2.7,""Length"":12,""Screw Category"":""Small Fragment"",""Screw Type"":""Locking"",""Head Type"":""Locking"",""Locking Mechanism"":""Variloc""}",FALSE,,FALSE,
Ultimax Supply Sdn Bhd,34253014,2.7mm Locking Screw Variloc (2.7mm x 14mm),Screws,1000,10,0,Nos,WH-00350,0.01,Kg,0,Malaysia,,"VA 2.7 mm set (Screws), VA 2.7/3.5 mm set (Screws)",FALSE,FALSE,,0,TRUE,1,0,150,Nos,MYR,99999999,Nos,MYR,0,Nos,MYR,TRUE,1,0,Nos,MYR,0,Nos,MYR,0,Nos,MYR,0,Nos,MYR,"{""Implant Type Category"":""Small Fragment Screw"",""Diameter"":2.7,""Length"":14,""Screw Category"":""Small Fragment"",""Screw Type"":""Locking"",""Head Type"":""Locking"",""Locking Mechanism"":""Variloc""}",FALSE,,FALSE,
Ultimax Supply Sdn Bhd,34253016,2.7mm Locking Screw Variloc (2.7mm x 16mm),Screws,1000,10,0,Nos,WH-00350,0.01,Kg,0,Malaysia,,"VA 2.7 mm set (Screws), VA 2.7/3.5 mm set (Screws)",FALSE,FALSE,,0,TRUE,1,0,150,Nos,MYR,99999999,Nos,MYR,0,Nos,MYR,TRUE,1,0,Nos,MYR,0,Nos,MYR,0,Nos,MYR,0,Nos,MYR,"{""Implant Type Category"":""Small Fragment Screw"",""Diameter"":2.7,""Length"":16,""Screw Category"":""Small Fragment"",""Screw Type"":""Locking"",""Head Type"":""Locking"",""Locking Mechanism"":""Variloc""}",FALSE,,FALSE,
Ultimax Supply Sdn Bhd,34253018,2.7mm Locking Screw Variloc (2.7mm x 18mm),Screws,1000,10,0,Nos,WH-00350,0.01,Kg,0,Malaysia,,"VA 2.7 mm set (Screws), VA 2.7/3.5 mm set (Screws)",FALSE,FALSE,,0,TRUE,1,0,150,Nos,MYR,99999999,Nos,MYR,0,Nos,MYR,TRUE,1,0,Nos,MYR,0,Nos,MYR,0,Nos,MYR,0,Nos,MYR,"{""Implant Type Category"":""Small Fragment Screw"",""Diameter"":2.7,""Length"":18,""Screw Category"":""Small Fragment"",""Screw Type"":""Locking"",""Head Type"":""Locking"",""Locking Mechanism"":""Variloc""}",FALSE,,FALSE,
Ultimax Supply Sdn Bhd,34253020,2.7mm Locking Screw Variloc (2.7mm x 20mm),Screws,1000,10,0,Nos,WH-00350,0.01,Kg,0,Malaysia,,"VA 2.7 mm set (Screws), VA 2.7/3.5 mm set (Screws)",FALSE,FALSE,,0,TRUE,1,0,150,Nos,MYR,99999999,Nos,MYR,0,Nos,MYR,TRUE,1,0,Nos,MYR,0,Nos,MYR,0,Nos,MYR,0,Nos,MYR,"{""Implant Type Category"":""Small Fragment Screw"",""Diameter"":2.7,""Length"":20,""Screw Category"":""Small Fragment"",""Screw Type"":""Locking"",""Head Type"":""Locking"",""Locking Mechanism"":""Variloc""}",FALSE,,FALSE,
Ultimax Supply Sdn Bhd,34253022,2.7mm Locking Screw Variloc (2.7mm x 22mm),Screws,1000,10,0,Nos,WH-00350,0.01,Kg,0,Malaysia,,"VA 2.7 mm set (Screws), VA 2.7/3.5 mm set (Screws)",FALSE,FALSE,,0,TRUE,1,0,150,Nos,MYR,99999999,Nos,MYR,0,Nos,MYR,TRUE,1,0,Nos,MYR,0,Nos,MYR,0,Nos,MYR,0,Nos,MYR,"{""Implant Type Category"":""Small Fragment Screw"",""Diameter"":2.7,""Length"":22,""Screw Category"":""Small Fragment"",""Screw Type"":""Locking"",""Head Type"":""Locking"",""Locking Mechanism"":""Variloc""}",FALSE,,FALSE,
Ultimax Supply Sdn Bhd,34253024,2.7mm Locking Screw Variloc (2.7mm x 24mm),Screws,1000,10,0,Nos,WH-00350,0.01,Kg,0,Malaysia,,"VA 2.7 mm set (Screws), VA 2.7/3.5 mm set (Screws)",FALSE,FALSE,,0,TRUE,1,0,150,Nos,MYR,99999999,Nos,MYR,0,Nos,MYR,TRUE,1,0,Nos,MYR,0,Nos,MYR,0,Nos,MYR,0,Nos,MYR,"{""Implant Type Category"":""Small Fragment Screw"",""Diameter"":2.7,""Length"":24,""Screw Category"":""Small Fragment"",""Screw Type"":""Locking"",""Head Type"":""Locking"",""Locking Mechanism"":""Variloc""}",FALSE,,FALSE,
Ultimax Supply Sdn Bhd,34253026,2.7mm Locking Screw Variloc (2.7mm x 26mm),Screws,1000,10,0,Nos,WH-00350,0.01,Kg,0,Malaysia,,"VA 2.7 mm set (Screws), VA 2.7/3.5 mm set (Screws)",FALSE,FALSE,,0,TRUE,1,0,150,Nos,MYR,99999999,Nos,MYR,0,Nos,MYR,TRUE,1,0,Nos,MYR,0,Nos,MYR,0,Nos,MYR,0,Nos,MYR,"{""Implant Type Category"":""Small Fragment Screw"",""Diameter"":2.7,""Length"":26,""Screw Category"":""Small Fragment"",""Screw Type"":""Locking"",""Head Type"":""Locking"",""Locking Mechanism"":""Variloc""}",FALSE,,FALSE,
Ultimax Supply Sdn Bhd,34253028,2.7mm Locking Screw Variloc (2.7mm x 28mm),Screws,1000,10,0,Nos,WH-00350,0.01,Kg,0,Malaysia,,"VA 2.7 mm set (Screws), VA 2.7/3.5 mm set (Screws)",FALSE,FALSE,,0,TRUE,1,0,150,Nos,MYR,99999999,Nos,MYR,0,Nos,MYR,TRUE,1,0,Nos,MYR,0,Nos,MYR,0,Nos,MYR,0,Nos,MYR,"{""Implant Type Category"":""Small Fragment Screw"",""Diameter"":2.7,""Length"":28,""Screw Category"":""Small Fragment"",""Screw Type"":""Locking"",""Head Type"":""Locking"",""Locking Mechanism"":""Variloc""}",FALSE,,FALSE,
Ultimax Supply Sdn Bhd,34253030,2.7mm Locking Screw Variloc (2.7mm x 30mm),Screws,1000,10,0,Nos,WH-00350,0.01,Kg,0,Malaysia,,"VA 2.7 mm set (Screws), VA 2.7/3.5 mm set (Screws)",FALSE,FALSE,,0,TRUE,1,0,150,Nos,MYR,99999999,Nos,MYR,0,Nos,MYR,TRUE,1,0,Nos,MYR,0,Nos,MYR,0,Nos,MYR,0,Nos,MYR,"{""Implant Type Category"":""Small Fragment Screw"",""Diameter"":2.7,""Length"":30,""Screw Category"":""Small Fragment"",""Screw Type"":""Locking"",""Head Type"":""Locking"",""Locking Mechanism"":""Variloc""}",FALSE,,FALSE,
Ultimax Supply Sdn Bhd,34253032,2.7mm Locking Screw Variloc (2.7mm x 32mm),Screws,1000,10,0,Nos,WH-00350,0.01,Kg,0,Malaysia,,VA 2.7/3.5 mm set (Screws),FALSE,FALSE,,0,TRUE,1,0,150,Nos,MYR,99999999,Nos,MYR,0,Nos,MYR,TRUE,1,0,Nos,MYR,0,Nos,MYR,0,Nos,MYR,0,Nos,MYR,"{""Implant Type Category"":""Small Fragment Screw"",""Diameter"":2.7,""Length"":32,""Screw Category"":""Small Fragment"",""Screw Type"":""Locking"",""Head Type"":""Locking"",""Locking Mechanism"":""Variloc""}",FALSE,,FALSE,
Ultimax Supply Sdn Bhd,34253034,2.7mm Locking Screw Variloc (2.7mm x 34mm),Screws,1000,10,0,Nos,WH-00350,0.01,Kg,0,Malaysia,,VA 2.7/3.5 mm set (Screws),FALSE,FALSE,,0,TRUE,1,0,150,Nos,MYR,99999999,Nos,MYR,0,Nos,MYR,TRUE,1,0,Nos,MYR,0,Nos,MYR,0,Nos,MYR,0,Nos,MYR,"{""Implant Type Category"":""Small Fragment Screw"",""Diameter"":2.7,""Length"":34,""Screw Category"":""Small Fragment"",""Screw Type"":""Locking"",""Head Type"":""Locking"",""Locking Mechanism"":""Variloc""}",FALSE,,FALSE,
Ultimax Supply Sdn Bhd,34253036,2.7mm Locking Screw Variloc (2.7mm x 36mm),Screws,1000,10,0,Nos,WH-00350,0.01,Kg,0,Malaysia,,VA 2.7/3.5 mm set (Screws),FALSE,FALSE,,0,TRUE,1,0,150,Nos,MYR,99999999,Nos,MYR,0,Nos,MYR,TRUE,1,0,Nos,MYR,0,Nos,MYR,0,Nos,MYR,0,Nos,MYR,"{""Implant Type Category"":""Small Fragment Screw"",""Diameter"":2.7,""Length"":36,""Screw Category"":""Small Fragment"",""Screw Type"":""Locking"",""Head Type"":""Locking"",""Locking Mechanism"":""Variloc""}",FALSE,,FALSE,
Ultimax Supply Sdn Bhd,34253038,2.7mm Locking Screw Variloc (2.7mm x 38mm),Screws,1000,10,0,Nos,WH-00350,0.01,Kg,0,Malaysia,,VA 2.7/3.5 mm set (Screws),FALSE,FALSE,,0,TRUE,1,0,150,Nos,MYR,99999999,Nos,MYR,0,Nos,MYR,TRUE,1,0,Nos,MYR,0,Nos,MYR,0,Nos,MYR,0,Nos,MYR,"{""Implant Type Category"":""Small Fragment Screw"",""Diameter"":2.7,""Length"":38,""Screw Category"":""Small Fragment"",""Screw Type"":""Locking"",""Head Type"":""Locking"",""Locking Mechanism"":""Variloc""}",FALSE,,FALSE,
Ultimax Supply Sdn Bhd,34253040,2.7mm Locking Screw Variloc (2.7mm x 40mm),Screws,1000,10,0,Nos,WH-00350,0.01,Kg,0,Malaysia,,VA 2.7/3.5 mm set (Screws),FALSE,FALSE,,0,TRUE,1,0,150,Nos,MYR,99999999,Nos,MYR,0,Nos,MYR,TRUE,1,0,Nos,MYR,0,Nos,MYR,0,Nos,MYR,0,Nos,MYR,"{""Implant Type Category"":""Small Fragment Screw"",""Diameter"":2.7,""Length"":40,""Screw Category"":""Small Fragment"",""Screw Type"":""Locking"",""Head Type"":""Locking"",""Locking Mechanism"":""Variloc""}",FALSE,,FALSE,
Ultimax Supply Sdn Bhd,34253042,2.7mm Locking Screw Variloc (2.7mm x 42mm),Screws,1000,10,0,Nos,WH-00350,0.01,Kg,0,Malaysia,,VA 2.7/3.5 mm set (Screws),FALSE,FALSE,,0,TRUE,1,0,150,Nos,MYR,99999999,Nos,MYR,0,Nos,MYR,TRUE,1,0,Nos,MYR,0,Nos,MYR,0,Nos,MYR,0,Nos,MYR,"{""Implant Type Category"":""Small Fragment Screw"",""Diameter"":2.7,""Length"":42,""Screw Category"":""Small Fragment"",""Screw Type"":""Locking"",""Head Type"":""Locking"",""Locking Mechanism"":""Variloc""}",FALSE,,FALSE,
Ultimax Supply Sdn Bhd,34253044,2.7mm Locking Screw Variloc (2.7mm x 44mm),Screws,1000,10,0,Nos,WH-00350,0.01,Kg,0,Malaysia,,VA 2.7/3.5 mm set (Screws),FALSE,FALSE,,0,TRUE,1,0,150,Nos,MYR,99999999,Nos,MYR,0,Nos,MYR,TRUE,1,0,Nos,MYR,0,Nos,MYR,0,Nos,MYR,0,Nos,MYR,"{""Implant Type Category"":""Small Fragment Screw"",""Diameter"":2.7,""Length"":44,""Screw Category"":""Small Fragment"",""Screw Type"":""Locking"",""Head Type"":""Locking"",""Locking Mechanism"":""Variloc""}",FALSE,,FALSE,
Ultimax Supply Sdn Bhd,34253046,2.7mm Locking Screw Variloc (2.7mm x 46mm),Screws,1000,10,0,Nos,WH-00350,0.01,Kg,0,Malaysia,,VA 2.7/3.5 mm set (Screws),FALSE,FALSE,,0,TRUE,1,0,150,Nos,MYR,99999999,Nos,MYR,0,Nos,MYR,TRUE,1,0,Nos,MYR,0,Nos,MYR,0,Nos,MYR,0,Nos,MYR,"{""Implant Type Category"":""Small Fragment Screw"",""Diameter"":2.7,""Length"":46,""Screw Category"":""Small Fragment"",""Screw Type"":""Locking"",""Head Type"":""Locking"",""Locking Mechanism"":""Variloc""}",FALSE,,FALSE,
Ultimax Supply Sdn Bhd,34253048,2.7mm Locking Screw Variloc (2.7mm x 48mm),Screws,1000,10,0,Nos,WH-00350,0.01,Kg,0,Malaysia,,VA 2.7/3.5 mm set (Screws),FALSE,FALSE,,0,TRUE,1,0,150,Nos,MYR,99999999,Nos,MYR,0,Nos,MYR,TRUE,1,0,Nos,MYR,0,Nos,MYR,0,Nos,MYR,0,Nos,MYR,"{""Implant Type Category"":""Small Fragment Screw"",""Diameter"":2.7,""Length"":48,""Screw Category"":""Small Fragment"",""Screw Type"":""Locking"",""Head Type"":""Locking"",""Locking Mechanism"":""Variloc""}",FALSE,,FALSE,
Ultimax Supply Sdn Bhd,34253050,2.7mm Locking Screw Variloc (2.7mm x 50mm),Screws,1000,10,0,Nos,WH-00350,0.01,Kg,0,Malaysia,,VA 2.7/3.5 mm set (Screws),FALSE,FALSE,,0,TRUE,1,0,150,Nos,MYR,99999999,Nos,MYR,0,Nos,MYR,TRUE,1,0,Nos,MYR,0,Nos,MYR,0,Nos,MYR,0,Nos,MYR,"{""Implant Type Category"":""Small Fragment Screw"",""Diameter"":2.7,""Length"":50,""Screw Category"":""Small Fragment"",""Screw Type"":""Locking"",""Head Type"":""Locking"",""Locking Mechanism"":""Variloc""}",FALSE,,FALSE,
Ultimax Supply Sdn Bhd,34253052,2.7mm Locking Screw Variloc (2.7mm x 52mm),Screws,1000,10,0,Nos,WH-00350,0.01,Kg,0,Malaysia,,VA 2.7/3.5 mm set (Screws),FALSE,FALSE,,0,TRUE,1,0,150,Nos,MYR,99999999,Nos,MYR,0,Nos,MYR,TRUE,1,0,Nos,MYR,0,Nos,MYR,0,Nos,MYR,0,Nos,MYR,"{""Implant Type Category"":""Small Fragment Screw"",""Diameter"":2.7,""Length"":52,""Screw Category"":""Small Fragment"",""Screw Type"":""Locking"",""Head Type"":""Locking"",""Locking Mechanism"":""Variloc""}",FALSE,,FALSE,
Ultimax Supply Sdn Bhd,34253054,2.7mm Locking Screw Variloc (2.7mm x 54mm),Screws,1000,10,0,Nos,WH-00350,0.01,Kg,0,Malaysia,,VA 2.7/3.5 mm set (Screws),FALSE,FALSE,,0,TRUE,1,0,150,Nos,MYR,99999999,Nos,MYR,0,Nos,MYR,TRUE,1,0,Nos,MYR,0,Nos,MYR,0,Nos,MYR,0,Nos,MYR,"{""Implant Type Category"":""Small Fragment Screw"",""Diameter"":2.7,""Length"":54,""Screw Category"":""Small Fragment"",""Screw Type"":""Locking"",""Head Type"":""Locking"",""Locking Mechanism"":""Variloc""}",FALSE,,FALSE,
Ultimax Supply Sdn Bhd,34253056,2.7mm Locking Screw Variloc (2.7mm x 56mm),Screws,1000,10,0,Nos,WH-00350,0.01,Kg,0,Malaysia,,VA 2.7/3.5 mm set (Screws),FALSE,FALSE,,0,TRUE,1,0,150,Nos,MYR,99999999,Nos,MYR,0,Nos,MYR,TRUE,1,0,Nos,MYR,0,Nos,MYR,0,Nos,MYR,0,Nos,MYR,"{""Implant Type Category"":""Small Fragment Screw"",""Diameter"":2.7,""Length"":56,""Screw Category"":""Small Fragment"",""Screw Type"":""Locking"",""Head Type"":""Locking"",""Locking Mechanism"":""Variloc""}",FALSE,,FALSE,
Ultimax Supply Sdn Bhd,34253058,2.7mm Locking Screw Variloc (2.7mm x 58mm),Screws,1000,10,0,Nos,WH-00350,0.01,Kg,0,Malaysia,,VA 2.7/3.5 mm set (Screws),FALSE,FALSE,,0,TRUE,1,0,150,Nos,MYR,99999999,Nos,MYR,0,Nos,MYR,TRUE,1,0,Nos,MYR,0,Nos,MYR,0,Nos,MYR,0,Nos,MYR,"{""Implant Type Category"":""Small Fragment Screw"",""Diameter"":2.7,""Length"":58,""Screw Category"":""Small Fragment"",""Screw Type"":""Locking"",""Head Type"":""Locking"",""Locking Mechanism"":""Variloc""}",FALSE,,FALSE,
Ultimax Supply Sdn Bhd,34253060,2.7mm Locking Screw Variloc (2.7mm x 60mm),Screws,1000,10,0,Nos,WH-00350,0.01,Kg,0,Malaysia,,VA 2.7/3.5 mm set (Screws),FALSE,FALSE,,0,TRUE,1,0,150,Nos,MYR,99999999,Nos,MYR,0,Nos,MYR,TRUE,1,0,Nos,MYR,0,Nos,MYR,0,Nos,MYR,0,Nos,MYR,"{""Implant Type Category"":""Small Fragment Screw"",""Diameter"":2.7,""Length"":60,""Screw Category"":""Small Fragment"",""Screw Type"":""Locking"",""Head Type"":""Locking"",""Locking Mechanism"":""Variloc""}",FALSE,,FALSE,
Ultimax Supply Sdn Bhd,34254010,3.5mm Locking Screw Variloc (3.5mm x 10mm),Screws,1000,10,0,Nos,WH-00350,0.02,Kg,0,Malaysia,,"VA 3.5 mm set (Screws), VA 2.7/3.5 mm set (Screws)",FALSE,FALSE,,0,TRUE,1,0,150,Nos,MYR,99999999,Nos,MYR,0,Nos,MYR,TRUE,1,0,Nos,MYR,0,Nos,MYR,0,Nos,MYR,0,Nos,MYR,"{""Implant Type Category"":""Small Fragment Screw"",""Diameter"":3.5,""Length"":10,""Screw Category"":""Small Fragment"",""Screw Type"":""Locking"",""Head Type"":""Locking"",""Locking Mechanism"":""Variloc""}",FALSE,,FALSE,
Ultimax Supply Sdn Bhd,34254012,3.5mm Locking Screw Variloc (3.5mm x 12mm),Screws,1000,10,0,Nos,WH-00350,0.02,Kg,0,Malaysia,,"VA 3.5 mm set (Screws), VA 2.7/3.5 mm set (Screws)",FALSE,FALSE,,0,TRUE,1,0,150,Nos,MYR,99999999,Nos,MYR,0,Nos,MYR,TRUE,1,0,Nos,MYR,0,Nos,MYR,0,Nos,MYR,0,Nos,MYR,"{""Implant Type Category"":""Small Fragment Screw"",""Diameter"":3.5,""Length"":12,""Screw Category"":""Small Fragment"",""Screw Type"":""Locking"",""Head Type"":""Locking"",""Locking Mechanism"":""Variloc""}",FALSE,,FALSE,
Ultimax Supply Sdn Bhd,34254014,3.5mm Locking Screw Variloc (3.5mm x 14mm),Screws,1000,10,0,Nos,WH-00350,0.02,Kg,0,Malaysia,,"VA 3.5 mm set (Screws), VA 2.7/3.5 mm set (Screws)",FALSE,FALSE,,0,TRUE,1,0,150,Nos,MYR,99999999,Nos,MYR,0,Nos,MYR,TRUE,1,0,Nos,MYR,0,Nos,MYR,0,Nos,MYR,0,Nos,MYR,"{""Implant Type Category"":""Small Fragment Screw"",""Diameter"":3.5,""Length"":14,""Screw Category"":""Small Fragment"",""Screw Type"":""Locking"",""Head Type"":""Locking"",""Locking Mechanism"":""Variloc""}",FALSE,,FALSE,
Ultimax Supply Sdn Bhd,34254015,3.5mm Locking Screw Variloc (3.5mm x 15mm),Screws,1000,10,0,Nos,WH-00350,0.02,Kg,0,Malaysia,,VA 3.5 mm set (Screws),FALSE,FALSE,,0,TRUE,1,0,150,Nos,MYR,99999999,Nos,MYR,0,Nos,MYR,TRUE,1,0,Nos,MYR,0,Nos,MYR,0,Nos,MYR,0,Nos,MYR,"{""Implant Type Category"":""Small Fragment Screw"",""Diameter"":3.5,""Length"":15,""Screw Category"":""Small Fragment"",""Screw Type"":""Locking"",""Head Type"":""Locking"",""Locking Mechanism"":""Variloc""}",FALSE,,FALSE,
Ultimax Supply Sdn Bhd,34254016,3.5mm Locking Screw Variloc (3.5mm x 16mm),Screws,1000,10,0,Nos,WH-00350,0.02,Kg,0,Malaysia,,"VA 3.5 mm set (Screws), VA 2.7/3.5 mm set (Screws)",FALSE,FALSE,,0,TRUE,1,0,150,Nos,MYR,99999999,Nos,MYR,0,Nos,MYR,TRUE,1,0,Nos,MYR,0,Nos,MYR,0,Nos,MYR,0,Nos,MYR,"{""Implant Type Category"":""Small Fragment Screw"",""Diameter"":3.5,""Length"":16,""Screw Category"":""Small Fragment"",""Screw Type"":""Locking"",""Head Type"":""Locking"",""Locking Mechanism"":""Variloc""}",FALSE,,FALSE,
Ultimax Supply Sdn Bhd,34254018,3.5mm Locking Screw Variloc (3.5mm x 18mm),Screws,1000,10,0,Nos,WH-00350,0.02,Kg,0,Malaysia,,"VA 3.5 mm set (Screws), VA 2.7/3.5 mm set (Screws)",FALSE,FALSE,,0,TRUE,1,0,150,Nos,MYR,99999999,Nos,MYR,0,Nos,MYR,TRUE,1,0,Nos,MYR,0,Nos,MYR,0,Nos,MYR,0,Nos,MYR,"{""Implant Type Category"":""Small Fragment Screw"",""Diameter"":3.5,""Length"":18,""Screw Category"":""Small Fragment"",""Screw Type"":""Locking"",""Head Type"":""Locking"",""Locking Mechanism"":""Variloc""}",FALSE,,FALSE,
Ultimax Supply Sdn Bhd,34254020,3.5mm Locking Screw Variloc (3.5mm x 20mm),Screws,1000,10,0,Nos,WH-00350,0.02,Kg,0,Malaysia,,"VA 3.5 mm set (Screws), VA 2.7/3.5 mm set (Screws)",FALSE,FALSE,,0,TRUE,1,0,150,Nos,MYR,99999999,Nos,MYR,0,Nos,MYR,TRUE,1,0,Nos,MYR,0,Nos,MYR,0,Nos,MYR,0,Nos,MYR,"{""Implant Type Category"":""Small Fragment Screw"",""Diameter"":3.5,""Length"":20,""Screw Category"":""Small Fragment"",""Screw Type"":""Locking"",""Head Type"":""Locking"",""Locking Mechanism"":""Variloc""}",FALSE,,FALSE,
Ultimax Supply Sdn Bhd,34254022,3.5mm Locking Screw Variloc (3.5mm x 22mm),Screws,1000,10,0,Nos,WH-00350,0.02,Kg,0,Malaysia,,"VA 3.5 mm set (Screws), VA 2.7/3.5 mm set (Screws)",FALSE,FALSE,,0,TRUE,1,0,150,Nos,MYR,99999999,Nos,MYR,0,Nos,MYR,TRUE,1,0,Nos,MYR,0,Nos,MYR,0,Nos,MYR,0,Nos,MYR,"{""Implant Type Category"":""Small Fragment Screw"",""Diameter"":3.5,""Length"":22,""Screw Category"":""Small Fragment"",""Screw Type"":""Locking"",""Head Type"":""Locking"",""Locking Mechanism"":""Variloc""}",FALSE,,FALSE,
Ultimax Supply Sdn Bhd,34254024,3.5mm Locking Screw Variloc (3.5mm x 24mm),Screws,1000,10,0,Nos,WH-00350,0.02,Kg,0,Malaysia,,"VA 3.5 mm set (Screws), VA 2.7/3.5 mm set (Screws)",FALSE,FALSE,,0,TRUE,1,0,150,Nos,MYR,99999999,Nos,MYR,0,Nos,MYR,TRUE,1,0,Nos,MYR,0,Nos,MYR,0,Nos,MYR,0,Nos,MYR,"{""Implant Type Category"":""Small Fragment Screw"",""Diameter"":3.5,""Length"":24,""Screw Category"":""Small Fragment"",""Screw Type"":""Locking"",""Head Type"":""Locking"",""Locking Mechanism"":""Variloc""}",FALSE,,FALSE,
Ultimax Supply Sdn Bhd,34254025,3.5mm Locking Screw Variloc (3.5mm x 25mm),Screws,1000,10,0,Nos,WH-00350,0.02,Kg,0,Malaysia,,VA 3.5 mm set (Screws),FALSE,FALSE,,0,TRUE,1,0,150,Nos,MYR,99999999,Nos,MYR,0,Nos,MYR,TRUE,1,0,Nos,MYR,0,Nos,MYR,0,Nos,MYR,0,Nos,MYR,"{""Implant Type Category"":""Small Fragment Screw"",""Diameter"":3.5,""Length"":25,""Screw Category"":""Small Fragment"",""Screw Type"":""Locking"",""Head Type"":""Locking"",""Locking Mechanism"":""Variloc""}",FALSE,,FALSE,
Ultimax Supply Sdn Bhd,34254026,3.5mm Locking Screw Variloc (3.5mm x 26mm),Screws,1000,10,0,Nos,WH-00350,0.02,Kg,0,Malaysia,,"VA 3.5 mm set (Screws), VA 2.7/3.5 mm set (Screws)",FALSE,FALSE,,0,TRUE,1,0,150,Nos,MYR,99999999,Nos,MYR,0,Nos,MYR,TRUE,1,0,Nos,MYR,0,Nos,MYR,0,Nos,MYR,0,Nos,MYR,"{""Implant Type Category"":""Small Fragment Screw"",""Diameter"":3.5,""Length"":26,""Screw Category"":""Small Fragment"",""Screw Type"":""Locking"",""Head Type"":""Locking"",""Locking Mechanism"":""Variloc""}",FALSE,,FALSE,
Ultimax Supply Sdn Bhd,34254028,3.5mm Locking Screw Variloc (3.5mm x 28mm),Screws,1000,10,0,Nos,WH-00350,0.02,Kg,0,Malaysia,,"VA 3.5 mm set (Screws), VA 2.7/3.5 mm set (Screws)",FALSE,FALSE,,0,TRUE,1,0,150,Nos,MYR,99999999,Nos,MYR,0,Nos,MYR,TRUE,1,0,Nos,MYR,0,Nos,MYR,0,Nos,MYR,0,Nos,MYR,"{""Implant Type Category"":""Small Fragment Screw"",""Diameter"":3.5,""Length"":28,""Screw Category"":""Small Fragment"",""Screw Type"":""Locking"",""Head Type"":""Locking"",""Locking Mechanism"":""Variloc""}",FALSE,,FALSE,
Ultimax Supply Sdn Bhd,34254030,3.5mm Locking Screw Variloc (3.5mm x 30mm),Screws,1000,10,0,Nos,WH-00350,0.02,Kg,0,Malaysia,,"VA 3.5 mm set (Screws), VA 2.7/3.5 mm set (Screws)",FALSE,FALSE,,0,TRUE,1,0,150,Nos,MYR,99999999,Nos,MYR,0,Nos,MYR,TRUE,1,0,Nos,MYR,0,Nos,MYR,0,Nos,MYR,0,Nos,MYR,"{""Implant Type Category"":""Small Fragment Screw"",""Diameter"":3.5,""Length"":30,""Screw Category"":""Small Fragment"",""Screw Type"":""Locking"",""Head Type"":""Locking"",""Locking Mechanism"":""Variloc""}",FALSE,,FALSE,
Ultimax Supply Sdn Bhd,34254032,3.5mm Locking Screw Variloc (3.5mm x 32mm),Screws,1000,10,0,Nos,WH-00350,0.02,Kg,0,Malaysia,,"VA 3.5 mm set (Screws), VA 2.7/3.5 mm set (Screws)",FALSE,FALSE,,0,TRUE,1,0,150,Nos,MYR,99999999,Nos,MYR,0,Nos,MYR,TRUE,1,0,Nos,MYR,0,Nos,MYR,0,Nos,MYR,0,Nos,MYR,"{""Implant Type Category"":""Small Fragment Screw"",""Diameter"":3.5,""Length"":32,""Screw Category"":""Small Fragment"",""Screw Type"":""Locking"",""Head Type"":""Locking"",""Locking Mechanism"":""Variloc""}",FALSE,,FALSE,
Ultimax Supply Sdn Bhd,34254034,3.5mm Locking Screw Variloc (3.5mm x 34mm),Screws,1000,10,0,Nos,WH-00350,0.02,Kg,0,Malaysia,,"VA 3.5 mm set (Screws), VA 2.7/3.5 mm set (Screws)",FALSE,FALSE,,0,TRUE,1,0,150,Nos,MYR,99999999,Nos,MYR,0,Nos,MYR,TRUE,1,0,Nos,MYR,0,Nos,MYR,0,Nos,MYR,0,Nos,MYR,"{""Implant Type Category"":""Small Fragment Screw"",""Diameter"":3.5,""Length"":34,""Screw Category"":""Small Fragment"",""Screw Type"":""Locking"",""Head Type"":""Locking"",""Locking Mechanism"":""Variloc""}",FALSE,,FALSE,
Ultimax Supply Sdn Bhd,34254035,3.5mm Locking Screw Variloc (3.5mm x 35mm),Screws,1000,10,0,Nos,WH-00350,0.02,Kg,0,Malaysia,,VA 3.5 mm set (Screws),FALSE,FALSE,,0,TRUE,1,0,150,Nos,MYR,99999999,Nos,MYR,0,Nos,MYR,TRUE,1,0,Nos,MYR,0,Nos,MYR,0,Nos,MYR,0,Nos,MYR,"{""Implant Type Category"":""Small Fragment Screw"",""Diameter"":3.5,""Length"":35,""Screw Category"":""Small Fragment"",""Screw Type"":""Locking"",""Head Type"":""Locking"",""Locking Mechanism"":""Variloc""}",FALSE,,FALSE,
Ultimax Supply Sdn Bhd,34254036,3.5mm Locking Screw Variloc (3.5mm x 36mm),Screws,1000,10,0,Nos,WH-00350,0.02,Kg,0,Malaysia,,"VA 3.5 mm set (Screws), VA 2.7/3.5 mm set (Screws)",FALSE,FALSE,,0,TRUE,1,0,150,Nos,MYR,99999999,Nos,MYR,0,Nos,MYR,TRUE,1,0,Nos,MYR,0,Nos,MYR,0,Nos,MYR,0,Nos,MYR,"{""Implant Type Category"":""Small Fragment Screw"",""Diameter"":3.5,""Length"":36,""Screw Category"":""Small Fragment"",""Screw Type"":""Locking"",""Head Type"":""Locking"",""Locking Mechanism"":""Variloc""}",FALSE,,FALSE,
Ultimax Supply Sdn Bhd,34254038,3.5mm Locking Screw Variloc (3.5mm x 38mm),Screws,1000,10,0,Nos,WH-00350,0.02,Kg,0,Malaysia,,"VA 3.5 mm set (Screws), VA 2.7/3.5 mm set (Screws)",FALSE,FALSE,,0,TRUE,1,0,150,Nos,MYR,99999999,Nos,MYR,0,Nos,MYR,TRUE,1,0,Nos,MYR,0,Nos,MYR,0,Nos,MYR,0,Nos,MYR,"{""Implant Type Category"":""Small Fragment Screw"",""Diameter"":3.5,""Length"":38,""Screw Category"":""Small Fragment"",""Screw Type"":""Locking"",""Head Type"":""Locking"",""Locking Mechanism"":""Variloc""}",FALSE,,FALSE,
Ultimax Supply Sdn Bhd,34254040,3.5mm Locking Screw Variloc (3.5mm x 40mm),Screws,1000,10,0,Nos,WH-00350,0.02,Kg,0,Malaysia,,"VA 3.5 mm set (Screws), VA 2.7/3.5 mm set (Screws)",FALSE,FALSE,,0,TRUE,1,0,150,Nos,MYR,99999999,Nos,MYR,0,Nos,MYR,TRUE,1,0,Nos,MYR,0,Nos,MYR,0,Nos,MYR,0,Nos,MYR,"{""Implant Type Category"":""Small Fragment Screw"",""Diameter"":3.5,""Length"":40,""Screw Category"":""Small Fragment"",""Screw Type"":""Locking"",""Head Type"":""Locking"",""Locking Mechanism"":""Variloc""}",FALSE,,FALSE,
Ultimax Supply Sdn Bhd,34254045,3.5mm Locking Screw Variloc (3.5mm x 45mm),Screws,1000,10,0,Nos,WH-00350,0.02,Kg,0,Malaysia,,"VA 3.5 mm set (Screws), VA 2.7/3.5 mm set (Screws)",FALSE,FALSE,,0,TRUE,1,0,150,Nos,MYR,99999999,Nos,MYR,0,Nos,MYR,TRUE,1,0,Nos,MYR,0,Nos,MYR,0,Nos,MYR,0,Nos,MYR,"{""Implant Type Category"":""Small Fragment Screw"",""Diameter"":3.5,""Length"":45,""Screw Category"":""Small Fragment"",""Screw Type"":""Locking"",""Head Type"":""Locking"",""Locking Mechanism"":""Variloc""}",FALSE,,FALSE,
Ultimax Supply Sdn Bhd,34254050,3.5mm Locking Screw Variloc (3.5mm x 50mm),Screws,1000,10,0,Nos,WH-00350,0.02,Kg,0,Malaysia,,"VA 3.5 mm set (Screws), VA 2.7/3.5 mm set (Screws)",FALSE,FALSE,,0,TRUE,1,0,150,Nos,MYR,99999999,Nos,MYR,0,Nos,MYR,TRUE,1,0,Nos,MYR,0,Nos,MYR,0,Nos,MYR,0,Nos,MYR,"{""Implant Type Category"":""Small Fragment Screw"",""Diameter"":3.5,""Length"":50,""Screw Category"":""Small Fragment"",""Screw Type"":""Locking"",""Head Type"":""Locking"",""Locking Mechanism"":""Variloc""}",FALSE,,FALSE,
Ultimax Supply Sdn Bhd,34254055,3.5mm Locking Screw Variloc (3.5mm x 55mm),Screws,1000,10,0,Nos,WH-00350,0.02,Kg,0,Malaysia,,"VA 3.5 mm set (Screws), VA 2.7/3.5 mm set (Screws)",FALSE,FALSE,,0,TRUE,1,0,150,Nos,MYR,99999999,Nos,MYR,0,Nos,MYR,TRUE,1,0,Nos,MYR,0,Nos,MYR,0,Nos,MYR,0,Nos,MYR,"{""Implant Type Category"":""Small Fragment Screw"",""Diameter"":3.5,""Length"":55,""Screw Category"":""Small Fragment"",""Screw Type"":""Locking"",""Head Type"":""Locking"",""Locking Mechanism"":""Variloc""}",FALSE,,FALSE,
Ultimax Supply Sdn Bhd,34254060,3.5mm Locking Screw Variloc (3.5mm x 60mm),Screws,1000,10,0,Nos,WH-00350,0.02,Kg,0,Malaysia,,"VA 3.5 mm set (Screws), VA 2.7/3.5 mm set (Screws)",FALSE,FALSE,,0,TRUE,1,0,150,Nos,MYR,99999999,Nos,MYR,0,Nos,MYR,TRUE,1,0,Nos,MYR,0,Nos,MYR,0,Nos,MYR,0,Nos,MYR,"{""Implant Type Category"":""Small Fragment Screw"",""Diameter"":3.5,""Length"":60,""Screw Category"":""Small Fragment"",""Screw Type"":""Locking"",""Head Type"":""Locking"",""Locking Mechanism"":""Variloc""}",FALSE,,FALSE,
Ultimax Supply Sdn Bhd,34254065,3.5mm Locking Screw Variloc (3.5mm x 65mm),Screws,1000,10,0,Nos,WH-00350,0.02,Kg,0,Malaysia,,"VA 3.5 mm set (Screws), VA 2.7/3.5 mm set (Screws)",FALSE,FALSE,,0,TRUE,1,0,150,Nos,MYR,99999999,Nos,MYR,0,Nos,MYR,TRUE,1,0,Nos,MYR,0,Nos,MYR,0,Nos,MYR,0,Nos,MYR,"{""Implant Type Category"":""Small Fragment Screw"",""Diameter"":3.5,""Length"":65,""Screw Category"":""Small Fragment"",""Screw Type"":""Locking"",""Head Type"":""Locking"",""Locking Mechanism"":""Variloc""}",FALSE,,FALSE,
Ultimax Supply Sdn Bhd,34254070,3.5mm Locking Screw Variloc (3.5mm x 70mm),Screws,1000,10,0,Nos,WH-00350,0.02,Kg,0,Malaysia,,"VA 3.5 mm set (Screws), VA 2.7/3.5 mm set (Screws)",FALSE,FALSE,,0,TRUE,1,0,150,Nos,MYR,99999999,Nos,MYR,0,Nos,MYR,TRUE,1,0,Nos,MYR,0,Nos,MYR,0,Nos,MYR,0,Nos,MYR,"{""Implant Type Category"":""Small Fragment Screw"",""Diameter"":3.5,""Length"":70,""Screw Category"":""Small Fragment"",""Screw Type"":""Locking"",""Head Type"":""Locking"",""Locking Mechanism"":""Variloc""}",FALSE,,FALSE,
Ultimax Supply Sdn Bhd,34254075,3.5mm Locking Screw Variloc (3.5mm x 75mm),Screws,1000,10,0,Nos,WH-00350,0.02,Kg,0,Malaysia,,"VA 3.5 mm set (Screws), VA 2.7/3.5 mm set (Screws)",FALSE,FALSE,,0,TRUE,1,0,150,Nos,MYR,99999999,Nos,MYR,0,Nos,MYR,TRUE,1,0,Nos,MYR,0,Nos,MYR,0,Nos,MYR,0,Nos,MYR,"{""Implant Type Category"":""Small Fragment Screw"",""Diameter"":3.5,""Length"":75,""Screw Category"":""Small Fragment"",""Screw Type"":""Locking"",""Head Type"":""Locking"",""Locking Mechanism"":""Variloc""}",FALSE,,FALSE,
Ultimax Supply Sdn Bhd,34254080,3.5mm Locking Screw Variloc (3.5mm x 80mm),Screws,1000,10,0,Nos,WH-00350,0.02,Kg,0,Malaysia,,"VA 3.5 mm set (Screws), VA 2.7/3.5 mm set (Screws)",FALSE,FALSE,,0,TRUE,1,0,150,Nos,MYR,99999999,Nos,MYR,0,Nos,MYR,TRUE,1,0,Nos,MYR,0,Nos,MYR,0,Nos,MYR,0,Nos,MYR,"{""Implant Type Category"":""Small Fragment Screw"",""Diameter"":3.5,""Length"":80,""Screw Category"":""Small Fragment"",""Screw Type"":""Locking"",""Head Type"":""Locking"",""Locking Mechanism"":""Variloc""}",FALSE,,FALSE,
Ultimax Supply Sdn Bhd,34255016,5.0mm Locking Screw Variloc (5.0mmx16mm),Screws,1000,10,0,Nos,WH-00350,0.035,Kg,0,Malaysia,,VA 4.5/ 5.0 mm set (Screws),FALSE,FALSE,,0,TRUE,1,0,150,Nos,MYR,99999999,Nos,MYR,0,Nos,MYR,TRUE,1,0,Nos,MYR,0,Nos,MYR,0,Nos,MYR,0,Nos,MYR,"{""Implant Type Category"":""Large Fragment Screw"",""Diameter"":5,""Length"":16,""Screw Category"":""Large Fragment"",""Screw Type"":""Locking"",""Head Type"":""Locking"",""Locking Mechanism"":""Variloc""}",FALSE,,FALSE,
Ultimax Supply Sdn Bhd,34255018,5.0mm Locking Screw Variloc (5.0mmx18mm),Screws,1000,10,0,Nos,WH-00350,0.035,Kg,0,Malaysia,,VA 4.5/ 5.0 mm set (Screws),FALSE,FALSE,,0,TRUE,1,0,150,Nos,MYR,99999999,Nos,MYR,0,Nos,MYR,TRUE,1,0,Nos,MYR,0,Nos,MYR,0,Nos,MYR,0,Nos,MYR,"{""Implant Type Category"":""Large Fragment Screw"",""Diameter"":5,""Length"":18,""Screw Category"":""Large Fragment"",""Screw Type"":""Locking"",""Head Type"":""Locking"",""Locking Mechanism"":""Variloc""}",FALSE,,FALSE,
Ultimax Supply Sdn Bhd,34255020,5.0mm Locking Screw Variloc (5.0mmx20mm),Screws,1000,10,0,Nos,WH-00350,0.035,Kg,0,Malaysia,,VA 4.5/ 5.0 mm set (Screws),FALSE,FALSE,,0,TRUE,1,0,150,Nos,MYR,99999999,Nos,MYR,0,Nos,MYR,TRUE,1,0,Nos,MYR,0,Nos,MYR,0,Nos,MYR,0,Nos,MYR,"{""Implant Type Category"":""Large Fragment Screw"",""Diameter"":5,""Length"":20,""Screw Category"":""Large Fragment"",""Screw Type"":""Locking"",""Head Type"":""Locking"",""Locking Mechanism"":""Variloc""}",FALSE,,FALSE,
Ultimax Supply Sdn Bhd,34255022,5.0mm Locking Screw Variloc (5.0mmx22mm),Screws,1000,10,0,Nos,WH-00350,0.035,Kg,0,Malaysia,,VA 4.5/ 5.0 mm set (Screws),FALSE,FALSE,,0,TRUE,1,0,150,Nos,MYR,99999999,Nos,MYR,0,Nos,MYR,TRUE,1,0,Nos,MYR,0,Nos,MYR,0,Nos,MYR,0,Nos,MYR,"{""Implant Type Category"":""Large Fragment Screw"",""Diameter"":5,""Length"":22,""Screw Category"":""Large Fragment"",""Screw Type"":""Locking"",""Head Type"":""Locking"",""Locking Mechanism"":""Variloc""}",FALSE,,FALSE,
Ultimax Supply Sdn Bhd,34255024,5.0mm Locking Screw Variloc (5.0mmx24mm),Screws,1000,10,0,Nos,WH-00350,0.035,Kg,0,Malaysia,,VA 4.5/ 5.0 mm set (Screws),FALSE,FALSE,,0,TRUE,1,0,150,Nos,MYR,99999999,Nos,MYR,0,Nos,MYR,TRUE,1,0,Nos,MYR,0,Nos,MYR,0,Nos,MYR,0,Nos,MYR,"{""Implant Type Category"":""Large Fragment Screw"",""Diameter"":5,""Length"":24,""Screw Category"":""Large Fragment"",""Screw Type"":""Locking"",""Head Type"":""Locking"",""Locking Mechanism"":""Variloc""}",FALSE,,FALSE,
Ultimax Supply Sdn Bhd,34255026,5.0mm Locking Screw Variloc (5.0mmx26mm),Screws,1000,10,0,Nos,WH-00350,0.035,Kg,0,Malaysia,,VA 4.5/ 5.0 mm set (Screws),FALSE,FALSE,,0,TRUE,1,0,150,Nos,MYR,99999999,Nos,MYR,0,Nos,MYR,TRUE,1,0,Nos,MYR,0,Nos,MYR,0,Nos,MYR,0,Nos,MYR,"{""Implant Type Category"":""Large Fragment Screw"",""Diameter"":5,""Length"":26,""Screw Category"":""Large Fragment"",""Screw Type"":""Locking"",""Head Type"":""Locking"",""Locking Mechanism"":""Variloc""}",FALSE,,FALSE,
Ultimax Supply Sdn Bhd,34255028,5.0mm Locking Screw Variloc (5.0mmx28mm),Screws,1000,10,0,Nos,WH-00350,0.035,Kg,0,Malaysia,,VA 4.5/ 5.0 mm set (Screws),FALSE,FALSE,,0,TRUE,1,0,150,Nos,MYR,99999999,Nos,MYR,0,Nos,MYR,TRUE,1,0,Nos,MYR,0,Nos,MYR,0,Nos,MYR,0,Nos,MYR,"{""Implant Type Category"":""Large Fragment Screw"",""Diameter"":5,""Length"":28,""Screw Category"":""Large Fragment"",""Screw Type"":""Locking"",""Head Type"":""Locking"",""Locking Mechanism"":""Variloc""}",FALSE,,FALSE,
Ultimax Supply Sdn Bhd,34255030,5.0mm Locking Screw Variloc (5.0mmx30mm),Screws,1000,10,0,Nos,WH-00350,0.035,Kg,0,Malaysia,,VA 4.5/ 5.0 mm set (Screws),FALSE,FALSE,,0,TRUE,1,0,150,Nos,MYR,99999999,Nos,MYR,0,Nos,MYR,TRUE,1,0,Nos,MYR,0,Nos,MYR,0,Nos,MYR,0,Nos,MYR,"{""Implant Type Category"":""Large Fragment Screw"",""Diameter"":5,""Length"":30,""Screw Category"":""Large Fragment"",""Screw Type"":""Locking"",""Head Type"":""Locking"",""Locking Mechanism"":""Variloc""}",FALSE,,FALSE,
Ultimax Supply Sdn Bhd,34255032,5.0mm Locking Screw Variloc (5.0mmx32mm),Screws,1000,10,0,Nos,WH-00350,0.035,Kg,0,Malaysia,,VA 4.5/ 5.0 mm set (Screws),FALSE,FALSE,,0,TRUE,1,0,150,Nos,MYR,99999999,Nos,MYR,0,Nos,MYR,TRUE,1,0,Nos,MYR,0,Nos,MYR,0,Nos,MYR,0,Nos,MYR,"{""Implant Type Category"":""Large Fragment Screw"",""Diameter"":5,""Length"":32,""Screw Category"":""Large Fragment"",""Screw Type"":""Locking"",""Head Type"":""Locking"",""Locking Mechanism"":""Variloc""}",FALSE,,FALSE,
Ultimax Supply Sdn Bhd,34255034,5.0mm Locking Screw Variloc (5.0mmx34mm),Screws,1000,10,0,Nos,WH-00350,0.035,Kg,0,Malaysia,,VA 4.5/ 5.0 mm set (Screws),FALSE,FALSE,,0,TRUE,1,0,150,Nos,MYR,99999999,Nos,MYR,0,Nos,MYR,TRUE,1,0,Nos,MYR,0,Nos,MYR,0,Nos,MYR,0,Nos,MYR,"{""Implant Type Category"":""Large Fragment Screw"",""Diameter"":5,""Length"":34,""Screw Category"":""Large Fragment"",""Screw Type"":""Locking"",""Head Type"":""Locking"",""Locking Mechanism"":""Variloc""}",FALSE,,FALSE,
Ultimax Supply Sdn Bhd,34255036,5.0mm Locking Screw Variloc (5.0mmx36mm),Screws,1000,10,0,Nos,WH-00350,0.035,Kg,0,Malaysia,,VA 4.5/ 5.0 mm set (Screws),FALSE,FALSE,,0,TRUE,1,0,150,Nos,MYR,99999999,Nos,MYR,0,Nos,MYR,TRUE,1,0,Nos,MYR,0,Nos,MYR,0,Nos,MYR,0,Nos,MYR,"{""Implant Type Category"":""Large Fragment Screw"",""Diameter"":5,""Length"":36,""Screw Category"":""Large Fragment"",""Screw Type"":""Locking"",""Head Type"":""Locking"",""Locking Mechanism"":""Variloc""}",FALSE,,FALSE,
Ultimax Supply Sdn Bhd,34255038,5.0mm Locking Screw Variloc (5.0mmx38mm),Screws,1000,10,0,Nos,WH-00350,0.035,Kg,0,Malaysia,,VA 4.5/ 5.0 mm set (Screws),FALSE,FALSE,,0,TRUE,1,0,150,Nos,MYR,99999999,Nos,MYR,0,Nos,MYR,TRUE,1,0,Nos,MYR,0,Nos,MYR,0,Nos,MYR,0,Nos,MYR,"{""Implant Type Category"":""Large Fragment Screw"",""Diameter"":5,""Length"":38,""Screw Category"":""Large Fragment"",""Screw Type"":""Locking"",""Head Type"":""Locking"",""Locking Mechanism"":""Variloc""}",FALSE,,FALSE,
Ultimax Supply Sdn Bhd,34255040,5.0mm Locking Screw Variloc (5.0mmx40mm),Screws,1000,10,0,Nos,WH-00350,0.035,Kg,0,Malaysia,,VA 4.5/ 5.0 mm set (Screws),FALSE,FALSE,,0,TRUE,1,0,150,Nos,MYR,99999999,Nos,MYR,0,Nos,MYR,TRUE,1,0,Nos,MYR,0,Nos,MYR,0,Nos,MYR,0,Nos,MYR,"{""Implant Type Category"":""Large Fragment Screw"",""Diameter"":5,""Length"":40,""Screw Category"":""Large Fragment"",""Screw Type"":""Locking"",""Head Type"":""Locking"",""Locking Mechanism"":""Variloc""}",FALSE,,FALSE,
Ultimax Supply Sdn Bhd,34255045,5.0mm Locking Screw Variloc (5.0mmx45mm),Screws,1000,10,0,Nos,WH-00350,0.035,Kg,0,Malaysia,,VA 4.5/ 5.0 mm set (Screws),FALSE,FALSE,,0,TRUE,1,0,150,Nos,MYR,99999999,Nos,MYR,0,Nos,MYR,TRUE,1,0,Nos,MYR,0,Nos,MYR,0,Nos,MYR,0,Nos,MYR,"{""Implant Type Category"":""Large Fragment Screw"",""Diameter"":5,""Length"":45,""Screw Category"":""Large Fragment"",""Screw Type"":""Locking"",""Head Type"":""Locking"",""Locking Mechanism"":""Variloc""}",FALSE,,FALSE,
Ultimax Supply Sdn Bhd,34255050,5.0mm Locking Screw Variloc (5.0mmx50mm),Screws,1000,10,0,Nos,WH-00350,0.035,Kg,0,Malaysia,,VA 4.5/ 5.0 mm set (Screws),FALSE,FALSE,,0,TRUE,1,0,150,Nos,MYR,99999999,Nos,MYR,0,Nos,MYR,TRUE,1,0,Nos,MYR,0,Nos,MYR,0,Nos,MYR,0,Nos,MYR,"{""Implant Type Category"":""Large Fragment Screw"",""Diameter"":5,""Length"":50,""Screw Category"":""Large Fragment"",""Screw Type"":""Locking"",""Head Type"":""Locking"",""Locking Mechanism"":""Variloc""}",FALSE,,FALSE,
Ultimax Supply Sdn Bhd,34255055,5.0mm Locking Screw Variloc (5.0mmx55mm),Screws,1000,10,0,Nos,WH-00350,0.035,Kg,0,Malaysia,,VA 4.5/ 5.0 mm set (Screws),FALSE,FALSE,,0,TRUE,1,0,150,Nos,MYR,99999999,Nos,MYR,0,Nos,MYR,TRUE,1,0,Nos,MYR,0,Nos,MYR,0,Nos,MYR,0,Nos,MYR,"{""Implant Type Category"":""Large Fragment Screw"",""Diameter"":5,""Length"":55,""Screw Category"":""Large Fragment"",""Screw Type"":""Locking"",""Head Type"":""Locking"",""Locking Mechanism"":""Variloc""}",FALSE,,FALSE,
Ultimax Supply Sdn Bhd,34255060,5.0mm Locking Screw Variloc (5.0mmx60mm),Screws,1000,10,0,Nos,WH-00350,0.035,Kg,0,Malaysia,,VA 4.5/ 5.0 mm set (Screws),FALSE,FALSE,,0,TRUE,1,0,150,Nos,MYR,99999999,Nos,MYR,0,Nos,MYR,TRUE,1,0,Nos,MYR,0,Nos,MYR,0,Nos,MYR,0,Nos,MYR,"{""Implant Type Category"":""Large Fragment Screw"",""Diameter"":5,""Length"":60,""Screw Category"":""Large Fragment"",""Screw Type"":""Locking"",""Head Type"":""Locking"",""Locking Mechanism"":""Variloc""}",FALSE,,FALSE,
Ultimax Supply Sdn Bhd,34255065,5.0mm Locking Screw Variloc (5.0mmx65mm),Screws,1000,10,0,Nos,WH-00350,0.035,Kg,0,Malaysia,,VA 4.5/ 5.0 mm set (Screws),FALSE,FALSE,,0,TRUE,1,0,150,Nos,MYR,99999999,Nos,MYR,0,Nos,MYR,TRUE,1,0,Nos,MYR,0,Nos,MYR,0,Nos,MYR,0,Nos,MYR,"{""Implant Type Category"":""Large Fragment Screw"",""Diameter"":5,""Length"":65,""Screw Category"":""Large Fragment"",""Screw Type"":""Locking"",""Head Type"":""Locking"",""Locking Mechanism"":""Variloc""}",FALSE,,FALSE,
Ultimax Supply Sdn Bhd,34255070,5.0mm Locking Screw Variloc (5.0mmx70mm),Screws,1000,10,0,Nos,WH-00350,0.035,Kg,0,Malaysia,,VA 4.5/ 5.0 mm set (Screws),FALSE,FALSE,,0,TRUE,1,0,150,Nos,MYR,99999999,Nos,MYR,0,Nos,MYR,TRUE,1,0,Nos,MYR,0,Nos,MYR,0,Nos,MYR,0,Nos,MYR,"{""Implant Type Category"":""Large Fragment Screw"",""Diameter"":5,""Length"":70,""Screw Category"":""Large Fragment"",""Screw Type"":""Locking"",""Head Type"":""Locking"",""Locking Mechanism"":""Variloc""}",FALSE,,FALSE,
Ultimax Supply Sdn Bhd,34255075,5.0mm Locking Screw Variloc (5.0mmx75mm),Screws,1000,10,0,Nos,WH-00350,0.035,Kg,0,Malaysia,,VA 4.5/ 5.0 mm set (Screws),FALSE,FALSE,,0,TRUE,1,0,150,Nos,MYR,99999999,Nos,MYR,0,Nos,MYR,TRUE,1,0,Nos,MYR,0,Nos,MYR,0,Nos,MYR,0,Nos,MYR,"{""Implant Type Category"":""Large Fragment Screw"",""Diameter"":5,""Length"":75,""Screw Category"":""Large Fragment"",""Screw Type"":""Locking"",""Head Type"":""Locking"",""Locking Mechanism"":""Variloc""}",FALSE,,FALSE,
Ultimax Supply Sdn Bhd,34255080,5.0mm Locking Screw Variloc (5.0mmx80mm),Screws,1000,10,0,Nos,WH-00350,0.035,Kg,0,Malaysia,,VA 4.5/ 5.0 mm set (Screws),FALSE,FALSE,,0,TRUE,1,0,150,Nos,MYR,99999999,Nos,MYR,0,Nos,MYR,TRUE,1,0,Nos,MYR,0,Nos,MYR,0,Nos,MYR,0,Nos,MYR,"{""Implant Type Category"":""Large Fragment Screw"",""Diameter"":5,""Length"":80,""Screw Category"":""Large Fragment"",""Screw Type"":""Locking"",""Head Type"":""Locking"",""Locking Mechanism"":""Variloc""}",FALSE,,FALSE,
Ultimax Supply Sdn Bhd,34255085,5.0mm Locking Screw Variloc (5.0mmx85mm),Screws,1000,10,0,Nos,WH-00350,0.035,Kg,0,Malaysia,,VA 4.5/ 5.0 mm set (Screws),FALSE,FALSE,,0,TRUE,1,0,150,Nos,MYR,99999999,Nos,MYR,0,Nos,MYR,TRUE,1,0,Nos,MYR,0,Nos,MYR,0,Nos,MYR,0,Nos,MYR,"{""Implant Type Category"":""Large Fragment Screw"",""Diameter"":5,""Length"":85,""Screw Category"":""Large Fragment"",""Screw Type"":""Locking"",""Head Type"":""Locking"",""Locking Mechanism"":""Variloc""}",FALSE,,FALSE,
Ultimax Supply Sdn Bhd,34255090,5.0mm Locking Screw Variloc (5.0mmx90mm),Screws,1000,10,0,Nos,WH-00350,0.035,Kg,0,Malaysia,,VA 4.5/ 5.0 mm set (Screws),FALSE,FALSE,,0,TRUE,1,0,150,Nos,MYR,99999999,Nos,MYR,0,Nos,MYR,TRUE,1,0,Nos,MYR,0,Nos,MYR,0,Nos,MYR,0,Nos,MYR,"{""Implant Type Category"":""Large Fragment Screw"",""Diameter"":5,""Length"":90,""Screw Category"":""Large Fragment"",""Screw Type"":""Locking"",""Head Type"":""Locking"",""Locking Mechanism"":""Variloc""}",FALSE,,FALSE,
Ultimax Supply Sdn Bhd,34255095,5.0mm Locking Screw Variloc (5.0mmx95mm),Screws,1000,10,0,Nos,WH-00350,0.035,Kg,0,Malaysia,,VA 4.5/ 5.0 mm set (Screws),FALSE,FALSE,,0,TRUE,1,0,150,Nos,MYR,99999999,Nos,MYR,0,Nos,MYR,TRUE,1,0,Nos,MYR,0,Nos,MYR,0,Nos,MYR,0,Nos,MYR,"{""Implant Type Category"":""Large Fragment Screw"",""Diameter"":5,""Length"":95,""Screw Category"":""Large Fragment"",""Screw Type"":""Locking"",""Head Type"":""Locking"",""Locking Mechanism"":""Variloc""}",FALSE,,FALSE,
Ultimax Supply Sdn Bhd,34255096,5.0mm Locking Screw Variloc (5.0mmx100mm),Screws,1000,10,0,Nos,WH-00350,0.035,Kg,0,Malaysia,,VA 4.5/ 5.0 mm set (Screws),FALSE,FALSE,,0,TRUE,1,0,150,Nos,MYR,99999999,Nos,MYR,0,Nos,MYR,TRUE,1,0,Nos,MYR,0,Nos,MYR,0,Nos,MYR,0,Nos,MYR,"{""Implant Type Category"":""Large Fragment Screw"",""Diameter"":5,""Length"":100,""Screw Category"":""Large Fragment"",""Screw Type"":""Locking"",""Head Type"":""Locking"",""Locking Mechanism"":""Variloc""}",FALSE,,FALSE,
Ultimax Supply Sdn Bhd,35041028,Supra Tibia Nail (9mm x 280mm),Intramedullary Nails,1000,10,0,Nos,WH-00348,0.15,Kg,0,Malaysia,,Supra Patella Tibial Nail,FALSE,FALSE,,0,TRUE,1,0,0,Nos,MYR,99999999,Nos,MYR,0,Nos,MYR,TRUE,1,0,Nos,MYR,0,Nos,MYR,0,Nos,MYR,0,Nos,MYR,"{""Implant Type Category"":""Nail"",""Diameter"":9,""Length"":280,""Target Bone"":""Tibia""}",FALSE,,FALSE,
Ultimax Supply Sdn Bhd,35041031,Supra Tibia Nail (9mm x 310mm),Intramedullary Nails,1000,10,0,Nos,WH-00348,0.2,Kg,0,Malaysia,,Supra Patella Tibial Nail,FALSE,FALSE,,0,TRUE,1,0,0,Nos,MYR,99999999,Nos,MYR,0,Nos,MYR,TRUE,1,0,Nos,MYR,0,Nos,MYR,0,Nos,MYR,0,Nos,MYR,"{""Implant Type Category"":""Nail"",""Diameter"":9,""Length"":310,""Target Bone"":""Tibia""}",FALSE,,FALSE,
Ultimax Supply Sdn Bhd,35041034,Supra Tibia Nail (9mm x 340mm),Intramedullary Nails,1000,10,0,Nos,WH-00348,0.2,Kg,0,Malaysia,,Supra Patella Tibial Nail,FALSE,FALSE,,0,TRUE,1,0,0,Nos,MYR,99999999,Nos,MYR,0,Nos,MYR,TRUE,1,0,Nos,MYR,0,Nos,MYR,0,Nos,MYR,0,Nos,MYR,"{""Implant Type Category"":""Nail"",""Diameter"":9,""Length"":340,""Target Bone"":""Tibia""}",FALSE,,FALSE,
Ultimax Supply Sdn Bhd,35041037,Supra Tibia Nail (9mm x 370mm),Intramedullary Nails,1000,10,0,Nos,WH-00348,0.25,Kg,0,Malaysia,,Supra Patella Tibial Nail,FALSE,FALSE,,0,TRUE,1,0,0,Nos,MYR,99999999,Nos,MYR,0,Nos,MYR,TRUE,1,0,Nos,MYR,0,Nos,MYR,0,Nos,MYR,0,Nos,MYR,"{""Implant Type Category"":""Nail"",""Diameter"":9,""Length"":370,""Target Bone"":""Tibia""}",FALSE,,FALSE,
Ultimax Supply Sdn Bhd,35041040,Supra Tibia Nail (9mm x 400mm),Intramedullary Nails,1000,10,0,Nos,WH-00348,0.25,Kg,0,Malaysia,,Supra Patella Tibial Nail,FALSE,FALSE,,0,TRUE,1,0,0,Nos,MYR,99999999,Nos,MYR,0,Nos,MYR,TRUE,1,0,Nos,MYR,0,Nos,MYR,0,Nos,MYR,0,Nos,MYR,"{""Implant Type Category"":""Nail"",""Diameter"":9,""Length"":400,""Target Bone"":""Tibia""}",FALSE,,FALSE,
Ultimax Supply Sdn Bhd,35041529,Supra Tibia Nail (9mm x 295mm),Intramedullary Nails,1000,10,0,Nos,WH-00348,0.15,Kg,0,Malaysia,,Supra Patella Tibial Nail,FALSE,FALSE,,0,TRUE,1,0,0,Nos,MYR,99999999,Nos,MYR,0,Nos,MYR,TRUE,1,0,Nos,MYR,0,Nos,MYR,0,Nos,MYR,0,Nos,MYR,"{""Implant Type Category"":""Nail"",""Diameter"":9,""Length"":295,""Target Bone"":""Tibia""}",FALSE,,FALSE,
Ultimax Supply Sdn Bhd,35041532,Supra Tibia Nail (9mm x 325mm),Intramedullary Nails,1000,10,0,Nos,WH-00348,0.2,Kg,0,Malaysia,,Supra Patella Tibial Nail,FALSE,FALSE,,0,TRUE,1,0,0,Nos,MYR,99999999,Nos,MYR,0,Nos,MYR,TRUE,1,0,Nos,MYR,0,Nos,MYR,0,Nos,MYR,0,Nos,MYR,"{""Implant Type Category"":""Nail"",""Diameter"":9,""Length"":325,""Target Bone"":""Tibia""}",FALSE,,FALSE,
Ultimax Supply Sdn Bhd,35041535,Supra Tibia Nail (9mm x 355mm),Intramedullary Nails,1000,10,0,Nos,WH-00348,0.2,Kg,0,Malaysia,,Supra Patella Tibial Nail,FALSE,FALSE,,0,TRUE,1,0,0,Nos,MYR,99999999,Nos,MYR,0,Nos,MYR,TRUE,1,0,Nos,MYR,0,Nos,MYR,0,Nos,MYR,0,Nos,MYR,"{""Implant Type Category"":""Nail"",""Diameter"":9,""Length"":355,""Target Bone"":""Tibia""}",FALSE,,FALSE,
Ultimax Supply Sdn Bhd,35041538,Supra Tibia Nail (9mm x 385mm),Intramedullary Nails,1000,10,0,Nos,WH-00348,0.25,Kg,0,Malaysia,,Supra Patella Tibial Nail,FALSE,FALSE,,0,TRUE,1,0,0,Nos,MYR,99999999,Nos,MYR,0,Nos,MYR,TRUE,1,0,Nos,MYR,0,Nos,MYR,0,Nos,MYR,0,Nos,MYR,"{""Implant Type Category"":""Nail"",""Diameter"":9,""Length"":385,""Target Bone"":""Tibia""}",FALSE,,FALSE,
Ultimax Supply Sdn Bhd,35042028,Supra Tibia Nail (10mm x 280mm),Intramedullary Nails,1000,10,0,Nos,WH-00348,0.2,Kg,0,Malaysia,,Supra Patella Tibial Nail,FALSE,FALSE,,0,TRUE,1,0,0,Nos,MYR,99999999,Nos,MYR,0,Nos,MYR,TRUE,1,0,Nos,MYR,0,Nos,MYR,0,Nos,MYR,0,Nos,MYR,"{""Implant Type Category"":""Nail"",""Diameter"":10,""Length"":280,""Target Bone"":""Tibia""}",FALSE,,FALSE,
Ultimax Supply Sdn Bhd,35042031,Supra Tibia Nail (10mm x 310mm),Intramedullary Nails,1000,10,0,Nos,WH-00348,0.2,Kg,0,Malaysia,,Supra Patella Tibial Nail,FALSE,FALSE,,0,TRUE,1,0,0,Nos,MYR,99999999,Nos,MYR,0,Nos,MYR,TRUE,1,0,Nos,MYR,0,Nos,MYR,0,Nos,MYR,0,Nos,MYR,"{""Implant Type Category"":""Nail"",""Diameter"":10,""Length"":310,""Target Bone"":""Tibia""}",FALSE,,FALSE,
Ultimax Supply Sdn Bhd,35042034,Supra Tibia Nail (10mm x 340mm),Intramedullary Nails,1000,10,0,Nos,WH-00348,0.2,Kg,0,Malaysia,,Supra Patella Tibial Nail,FALSE,FALSE,,0,TRUE,1,0,0,Nos,MYR,99999999,Nos,MYR,0,Nos,MYR,TRUE,1,0,Nos,MYR,0,Nos,MYR,0,Nos,MYR,0,Nos,MYR,"{""Implant Type Category"":""Nail"",""Diameter"":10,""Length"":340,""Target Bone"":""Tibia""}",FALSE,,FALSE,
Ultimax Supply Sdn Bhd,35042037,Supra Tibia Nail (10mm x 370mm),Intramedullary Nails,1000,10,0,Nos,WH-00348,0.25,Kg,0,Malaysia,,Supra Patella Tibial Nail,FALSE,FALSE,,0,TRUE,1,0,0,Nos,MYR,99999999,Nos,MYR,0,Nos,MYR,TRUE,1,0,Nos,MYR,0,Nos,MYR,0,Nos,MYR,0,Nos,MYR,"{""Implant Type Category"":""Nail"",""Diameter"":10,""Length"":370,""Target Bone"":""Tibia""}",FALSE,,FALSE,
Ultimax Supply Sdn Bhd,35042040,Supra Tibia Nail (10mm x 400mm),Intramedullary Nails,1000,10,0,Nos,WH-00348,0.25,Kg,0,Malaysia,,Supra Patella Tibial Nail,FALSE,FALSE,,0,TRUE,1,0,0,Nos,MYR,99999999,Nos,MYR,0,Nos,MYR,TRUE,1,0,Nos,MYR,0,Nos,MYR,0,Nos,MYR,0,Nos,MYR,"{""Implant Type Category"":""Nail"",""Diameter"":10,""Length"":400,""Target Bone"":""Tibia""}",FALSE,,FALSE,
Ultimax Supply Sdn Bhd,35042529,Supra Tibia Nail (10mm x 295mm),Intramedullary Nails,1000,10,0,Nos,WH-00348,0.2,Kg,0,Malaysia,,Supra Patella Tibial Nail,FALSE,FALSE,,0,TRUE,1,0,0,Nos,MYR,99999999,Nos,MYR,0,Nos,MYR,TRUE,1,0,Nos,MYR,0,Nos,MYR,0,Nos,MYR,0,Nos,MYR,"{""Implant Type Category"":""Nail"",""Diameter"":10,""Length"":295,""Target Bone"":""Tibia""}",FALSE,,FALSE,
Ultimax Supply Sdn Bhd,35042532,Supra Tibia Nail (10mm x 325mm),Intramedullary Nails,1000,10,0,Nos,WH-00348,0.2,Kg,0,Malaysia,,Supra Patella Tibial Nail,FALSE,FALSE,,0,TRUE,1,0,0,Nos,MYR,99999999,Nos,MYR,0,Nos,MYR,TRUE,1,0,Nos,MYR,0,Nos,MYR,0,Nos,MYR,0,Nos,MYR,"{""Implant Type Category"":""Nail"",""Diameter"":10,""Length"":325,""Target Bone"":""Tibia""}",FALSE,,FALSE,
Ultimax Supply Sdn Bhd,35042535,Supra Tibia Nail (10mm x 355mm),Intramedullary Nails,1000,10,0,Nos,WH-00348,0.2,Kg,0,Malaysia,,Supra Patella Tibial Nail,FALSE,FALSE,,0,TRUE,1,0,0,Nos,MYR,99999999,Nos,MYR,0,Nos,MYR,TRUE,1,0,Nos,MYR,0,Nos,MYR,0,Nos,MYR,0,Nos,MYR,"{""Implant Type Category"":""Nail"",""Diameter"":10,""Length"":355,""Target Bone"":""Tibia""}",FALSE,,FALSE,
Ultimax Supply Sdn Bhd,35042538,Supra Tibia Nail (10mm x 385mm),Intramedullary Nails,1000,10,0,Nos,WH-00348,0.25,Kg,0,Malaysia,,Supra Patella Tibial Nail,FALSE,FALSE,,0,TRUE,1,0,0,Nos,MYR,99999999,Nos,MYR,0,Nos,MYR,TRUE,1,0,Nos,MYR,0,Nos,MYR,0,Nos,MYR,0,Nos,MYR,"{""Implant Type Category"":""Nail"",""Diameter"":10,""Length"":385,""Target Bone"":""Tibia""}",FALSE,,FALSE,
Ultimax Supply Sdn Bhd,35043028,Supra Tibia Nail (11mm x 280mm),Intramedullary Nails,1000,10,0,Nos,WH-00348,0.25,Kg,0,Malaysia,,Supra Patella Tibial Nail,FALSE,FALSE,,0,TRUE,1,0,0,Nos,MYR,99999999,Nos,MYR,0,Nos,MYR,TRUE,1,0,Nos,MYR,0,Nos,MYR,0,Nos,MYR,0,Nos,MYR,"{""Implant Type Category"":""Nail"",""Diameter"":11,""Length"":280,""Target Bone"":""Tibia""}",FALSE,,FALSE,
Ultimax Supply Sdn Bhd,35043031,Supra Tibia Nail (11mm x 310mm),Intramedullary Nails,1000,10,0,Nos,WH-00348,0.25,Kg,0,Malaysia,,Supra Patella Tibial Nail,FALSE,FALSE,,0,TRUE,1,0,0,Nos,MYR,99999999,Nos,MYR,0,Nos,MYR,TRUE,1,0,Nos,MYR,0,Nos,MYR,0,Nos,MYR,0,Nos,MYR,"{""Implant Type Category"":""Nail"",""Diameter"":11,""Length"":310,""Target Bone"":""Tibia""}",FALSE,,FALSE,
Ultimax Supply Sdn Bhd,35043034,Supra Tibia Nail (11mm x 340mm),Intramedullary Nails,1000,10,0,Nos,WH-00348,0.25,Kg,0,Malaysia,,Supra Patella Tibial Nail,FALSE,FALSE,,0,TRUE,1,0,0,Nos,MYR,99999999,Nos,MYR,0,Nos,MYR,TRUE,1,0,Nos,MYR,0,Nos,MYR,0,Nos,MYR,0,Nos,MYR,"{""Implant Type Category"":""Nail"",""Diameter"":11,""Length"":340,""Target Bone"":""Tibia""}",FALSE,,FALSE,
Ultimax Supply Sdn Bhd,35043037,Supra Tibia Nail (11mm x 370mm),Intramedullary Nails,1000,10,0,Nos,WH-00348,0.25,Kg,0,Malaysia,,Supra Patella Tibial Nail,FALSE,FALSE,,0,TRUE,1,0,0,Nos,MYR,99999999,Nos,MYR,0,Nos,MYR,TRUE,1,0,Nos,MYR,0,Nos,MYR,0,Nos,MYR,0,Nos,MYR,"{""Implant Type Category"":""Nail"",""Diameter"":11,""Length"":370,""Target Bone"":""Tibia""}",FALSE,,FALSE,
Ultimax Supply Sdn Bhd,35043040,Supra Tibia Nail (11mm x 400mm),Intramedullary Nails,1000,10,0,Nos,WH-00348,0.25,Kg,0,Malaysia,,Supra Patella Tibial Nail,FALSE,FALSE,,0,TRUE,1,0,0,Nos,MYR,99999999,Nos,MYR,0,Nos,MYR,TRUE,1,0,Nos,MYR,0,Nos,MYR,0,Nos,MYR,0,Nos,MYR,"{""Implant Type Category"":""Nail"",""Diameter"":11,""Length"":400,""Target Bone"":""Tibia""}",FALSE,,FALSE,
Ultimax Supply Sdn Bhd,35043529,Supra Tibia Nail (11mm x 295mm),Intramedullary Nails,1000,10,0,Nos,WH-00348,0.25,Kg,0,Malaysia,,Supra Patella Tibial Nail,FALSE,FALSE,,0,TRUE,1,0,0,Nos,MYR,99999999,Nos,MYR,0,Nos,MYR,TRUE,1,0,Nos,MYR,0,Nos,MYR,0,Nos,MYR,0,Nos,MYR,"{""Implant Type Category"":""Nail"",""Diameter"":11,""Length"":295,""Target Bone"":""Tibia""}",FALSE,,FALSE,
Ultimax Supply Sdn Bhd,35043532,Supra Tibia Nail (11mm x 325mm),Intramedullary Nails,1000,10,0,Nos,WH-00348,0.25,Kg,0,Malaysia,,Supra Patella Tibial Nail,FALSE,FALSE,,0,TRUE,1,0,0,Nos,MYR,99999999,Nos,MYR,0,Nos,MYR,TRUE,1,0,Nos,MYR,0,Nos,MYR,0,Nos,MYR,0,Nos,MYR,"{""Implant Type Category"":""Nail"",""Diameter"":11,""Length"":325,""Target Bone"":""Tibia""}",FALSE,,FALSE,
Ultimax Supply Sdn Bhd,35043535,Supra Tibia Nail (11mm x 355mm),Intramedullary Nails,1000,10,0,Nos,WH-00348,0.25,Kg,0,Malaysia,,Supra Patella Tibial Nail,FALSE,FALSE,,0,TRUE,1,0,0,Nos,MYR,99999999,Nos,MYR,0,Nos,MYR,TRUE,1,0,Nos,MYR,0,Nos,MYR,0,Nos,MYR,0,Nos,MYR,"{""Implant Type Category"":""Nail"",""Diameter"":11,""Length"":355,""Target Bone"":""Tibia""}",FALSE,,FALSE,
Ultimax Supply Sdn Bhd,35043538,Supra Tibia Nail (11mm x 385mm),Intramedullary Nails,1000,10,0,Nos,WH-00348,0.25,Kg,0,Malaysia,,Supra Patella Tibial Nail,FALSE,FALSE,,0,TRUE,1,0,0,Nos,MYR,99999999,Nos,MYR,0,Nos,MYR,TRUE,1,0,Nos,MYR,0,Nos,MYR,0,Nos,MYR,0,Nos,MYR,"{""Implant Type Category"":""Nail"",""Diameter"":11,""Length"":385,""Target Bone"":""Tibia""}",FALSE,,FALSE,
Ultimax Supply Sdn Bhd,35062030,Supra Screw 4.5mm (4.5mm x 30mm),Screws,1000,10,0,Nos,WH-00350,0.035,Kg,0,Malaysia,,Neosupra set (Screws),FALSE,FALSE,,0,TRUE,1,0,150,Nos,MYR,99999999,Nos,MYR,0,Nos,MYR,TRUE,1,0,Nos,MYR,0,Nos,MYR,0,Nos,MYR,0,Nos,MYR,"{""Implant Type Category"":""Large Fragment Screw"",""Diameter"":4.5,""Length"":30,""Screw Category"":""Large Fragment""}",FALSE,,FALSE,
Ultimax Supply Sdn Bhd,35062035,Supra Screw 4.5mm (4.5mm x 35mm),Screws,1000,10,0,Nos,WH-00350,0.035,Kg,0,Malaysia,,Neosupra set (Screws),FALSE,FALSE,,0,TRUE,1,0,150,Nos,MYR,99999999,Nos,MYR,0,Nos,MYR,TRUE,1,0,Nos,MYR,0,Nos,MYR,0,Nos,MYR,0,Nos,MYR,"{""Implant Type Category"":""Large Fragment Screw"",""Diameter"":4.5,""Length"":35,""Screw Category"":""Large Fragment""}",FALSE,,FALSE,
Ultimax Supply Sdn Bhd,35062040,Supra Screw 4.5mm (4.5mm x 40mm),Screws,1000,10,0,Nos,WH-00350,0.035,Kg,0,Malaysia,,Neosupra set (Screws),FALSE,FALSE,,0,TRUE,1,0,150,Nos,MYR,99999999,Nos,MYR,0,Nos,MYR,TRUE,1,0,Nos,MYR,0,Nos,MYR,0,Nos,MYR,0,Nos,MYR,"{""Implant Type Category"":""Large Fragment Screw"",""Diameter"":4.5,""Length"":40,""Screw Category"":""Large Fragment""}",FALSE,,FALSE,
Ultimax Supply Sdn Bhd,35062045,Supra Screw 4.5mm (4.5mm x 45mm),Screws,1000,10,0,Nos,WH-00350,0.035,Kg,0,Malaysia,,Neosupra set (Screws),FALSE,FALSE,,0,TRUE,1,0,150,Nos,MYR,99999999,Nos,MYR,0,Nos,MYR,TRUE,1,0,Nos,MYR,0,Nos,MYR,0,Nos,MYR,0,Nos,MYR,"{""Implant Type Category"":""Large Fragment Screw"",""Diameter"":4.5,""Length"":45,""Screw Category"":""Large Fragment""}",FALSE,,FALSE,
Ultimax Supply Sdn Bhd,35062050,Supra Screw 4.5mm (4.5mm x 50mm),Screws,1000,10,0,Nos,WH-00350,0.035,Kg,0,Malaysia,,Neosupra set (Screws),FALSE,FALSE,,0,TRUE,1,0,150,Nos,MYR,99999999,Nos,MYR,0,Nos,MYR,TRUE,1,0,Nos,MYR,0,Nos,MYR,0,Nos,MYR,0,Nos,MYR,"{""Implant Type Category"":""Large Fragment Screw"",""Diameter"":4.5,""Length"":50,""Screw Category"":""Large Fragment""}",FALSE,,FALSE,
Ultimax Supply Sdn Bhd,35062055,Supra Screw 4.5mm (4.5mm x 55mm),Screws,1000,10,0,Nos,WH-00350,0.035,Kg,0,Malaysia,,Neosupra set (Screws),FALSE,FALSE,,0,TRUE,1,0,150,Nos,MYR,99999999,Nos,MYR,0,Nos,MYR,TRUE,1,0,Nos,MYR,0,Nos,MYR,0,Nos,MYR,0,Nos,MYR,"{""Implant Type Category"":""Large Fragment Screw"",""Diameter"":4.5,""Length"":55,""Screw Category"":""Large Fragment""}",FALSE,,FALSE,
Ultimax Supply Sdn Bhd,35062126,Supra Screw 4.3mm (4.3mm x 26mm),Screws,1000,10,0,Nos,WH-00350,0.035,Kg,0,Malaysia,,Neosupra set (Screws),FALSE,FALSE,,0,TRUE,1,0,150,Nos,MYR,99999999,Nos,MYR,0,Nos,MYR,TRUE,1,0,Nos,MYR,0,Nos,MYR,0,Nos,MYR,0,Nos,MYR,"{""Implant Type Category"":""Large Fragment Screw"",""Diameter"":4.3,""Length"":26,""Screw Category"":""Large Fragment""}",FALSE,,FALSE,
Ultimax Supply Sdn Bhd,35062130,Supra Screw 4.3mm (4.3mm x 30mm),Screws,1000,10,0,Nos,WH-00350,0.035,Kg,0,Malaysia,,Neosupra set (Screws),FALSE,FALSE,,0,TRUE,1,0,150,Nos,MYR,99999999,Nos,MYR,0,Nos,MYR,TRUE,1,0,Nos,MYR,0,Nos,MYR,0,Nos,MYR,0,Nos,MYR,"{""Implant Type Category"":""Large Fragment Screw"",""Diameter"":4.3,""Length"":30,""Screw Category"":""Large Fragment""}",FALSE,,FALSE,
Ultimax Supply Sdn Bhd,35062135,Supra Screw 4.3mm (4.3mm x 35mm),Screws,1000,10,0,Nos,WH-00350,0.035,Kg,0,Malaysia,,Neosupra set (Screws),FALSE,FALSE,,0,TRUE,1,0,150,Nos,MYR,99999999,Nos,MYR,0,Nos,MYR,TRUE,1,0,Nos,MYR,0,Nos,MYR,0,Nos,MYR,0,Nos,MYR,"{""Implant Type Category"":""Large Fragment Screw"",""Diameter"":4.3,""Length"":35,""Screw Category"":""Large Fragment""}",FALSE,,FALSE,
Ultimax Supply Sdn Bhd,35062140,Supra Screw 4.3mm (4.3mm x 40mm),Screws,1000,10,0,Nos,WH-00350,0.035,Kg,0,Malaysia,,Neosupra set (Screws),FALSE,FALSE,,0,TRUE,1,0,150,Nos,MYR,99999999,Nos,MYR,0,Nos,MYR,TRUE,1,0,Nos,MYR,0,Nos,MYR,0,Nos,MYR,0,Nos,MYR,"{""Implant Type Category"":""Large Fragment Screw"",""Diameter"":4.3,""Length"":40,""Screw Category"":""Large Fragment""}",FALSE,,FALSE,
Ultimax Supply Sdn Bhd,35062145,Supra Screw 4.3mm (4.3mm x 45mm),Screws,1000,10,0,Nos,WH-00350,0.035,Kg,0,Malaysia,,Neosupra set (Screws),FALSE,FALSE,,0,TRUE,1,0,150,Nos,MYR,99999999,Nos,MYR,0,Nos,MYR,TRUE,1,0,Nos,MYR,0,Nos,MYR,0,Nos,MYR,0,Nos,MYR,"{""Implant Type Category"":""Large Fragment Screw"",""Diameter"":4.3,""Length"":45,""Screw Category"":""Large Fragment""}",FALSE,,FALSE,
Ultimax Supply Sdn Bhd,35070005,Supra End Cap (12mm),Screws,1000,10,0,Nos,WH-00353,0.01,Kg,0,Malaysia,,Neosupra set (Screws),FALSE,FALSE,,0,TRUE,1,0,250,Nos,MYR,99999999,Nos,MYR,0,Nos,MYR,TRUE,1,0,Nos,MYR,0,Nos,MYR,0,Nos,MYR,0,Nos,MYR,"{""Implant Type Category"":""Large Fragment Screw"",""Diameter"":12,""Length"":12,""Screw Category"":""Large Fragment""}",FALSE,,FALSE,
Ultimax Supply Sdn Bhd,35070010,Supra End Cap (17mm),Screws,1000,10,0,Nos,WH-00353,0.01,Kg,0,Malaysia,,Neosupra set (Screws),FALSE,FALSE,,0,TRUE,1,0,250,Nos,MYR,99999999,Nos,MYR,0,Nos,MYR,TRUE,1,0,Nos,MYR,0,Nos,MYR,0,Nos,MYR,0,Nos,MYR,"{""Implant Type Category"":""Large Fragment Screw"",""Diameter"":17,""Length"":17,""Screw Category"":""Large Fragment""}",FALSE,,FALSE,
Ultimax Supply Sdn Bhd,35070015,Supra End Cap (22mm),Screws,1000,10,0,Nos,WH-00353,0.01,Kg,0,Malaysia,,Neosupra set (Screws),FALSE,FALSE,,0,TRUE,1,0,250,Nos,MYR,99999999,Nos,MYR,0,Nos,MYR,TRUE,1,0,Nos,MYR,0,Nos,MYR,0,Nos,MYR,0,Nos,MYR,"{""Implant Type Category"":""Large Fragment Screw"",""Length"":22,""Screw Category"":""Large Fragment""}",FALSE,,FALSE,
Ultimax Supply Sdn Bhd,36430534,Omnail Long- Left (9mm x 340mm),Intramedullary Nails,1000,10,0,Nos,WH-00348,0.2,Kg,0,Malaysia,,Omnail Long,FALSE,FALSE,,0,TRUE,1,0,0,Nos,MYR,99999999,Nos,MYR,0,Nos,MYR,TRUE,1,0,Nos,MYR,0,Nos,MYR,0,Nos,MYR,0,Nos,MYR,"{""Implant Type Category"":""Nail"",""Diameter"":9,""Length"":340,""Nail Type"":""Long"",""Target Bone"":""Femur"",""Side"":""L""}",FALSE,,FALSE,
Ultimax Supply Sdn Bhd,36430536,Omnail Long- Left (9mm x 360mm),Intramedullary Nails,1000,10,0,Nos,WH-00348,0.25,Kg,0,Malaysia,,Omnail Long,FALSE,FALSE,,0,TRUE,1,0,0,Nos,MYR,99999999,Nos,MYR,0,Nos,MYR,TRUE,1,0,Nos,MYR,0,Nos,MYR,0,Nos,MYR,0,Nos,MYR,"{""Implant Type Category"":""Nail"",""Diameter"":9,""Length"":360,""Nail Type"":""Long"",""Target Bone"":""Femur"",""Side"":""L""}",FALSE,,FALSE,
Ultimax Supply Sdn Bhd,36430538,Omnail Long- Left (9mm x 380mm),Intramedullary Nails,1000,10,0,Nos,WH-00348,0.25,Kg,0,Malaysia,,Omnail Long,FALSE,FALSE,,0,TRUE,1,0,0,Nos,MYR,99999999,Nos,MYR,0,Nos,MYR,TRUE,1,0,Nos,MYR,0,Nos,MYR,0,Nos,MYR,0,Nos,MYR,"{""Implant Type Category"":""Nail"",""Diameter"":9,""Length"":380,""Nail Type"":""Long"",""Target Bone"":""Femur"",""Side"":""L""}",FALSE,,FALSE,
Ultimax Supply Sdn Bhd,36430540,Omnail Long- Left (9mm x 400mm),Intramedullary Nails,1000,10,0,Nos,WH-00348,0.25,Kg,0,Malaysia,,Omnail Long,FALSE,FALSE,,0,TRUE,1,0,0,Nos,MYR,99999999,Nos,MYR,0,Nos,MYR,TRUE,1,0,Nos,MYR,0,Nos,MYR,0,Nos,MYR,0,Nos,MYR,"{""Implant Type Category"":""Nail"",""Diameter"":9,""Length"":400,""Nail Type"":""Long"",""Target Bone"":""Femur"",""Side"":""L""}",FALSE,,FALSE,
Ultimax Supply Sdn Bhd,36430634,Omnail Long- Right (9mm x 340mm),Intramedullary Nails,1000,10,0,Nos,WH-00348,0.2,Kg,0,Malaysia,,Omnail Long,FALSE,FALSE,,0,TRUE,1,0,0,Nos,MYR,99999999,Nos,MYR,0,Nos,MYR,TRUE,1,0,Nos,MYR,0,Nos,MYR,0,Nos,MYR,0,Nos,MYR,"{""Implant Type Category"":""Nail"",""Diameter"":9,""Length"":340,""Nail Type"":""Long"",""Target Bone"":""Femur"",""Side"":""R""}",FALSE,,FALSE,
Ultimax Supply Sdn Bhd,36430636,Omnail Long- Right (9mm x 360mm),Intramedullary Nails,1000,10,0,Nos,WH-00348,0.25,Kg,0,Malaysia,,Omnail Long,FALSE,FALSE,,0,TRUE,1,0,0,Nos,MYR,99999999,Nos,MYR,0,Nos,MYR,TRUE,1,0,Nos,MYR,0,Nos,MYR,0,Nos,MYR,0,Nos,MYR,"{""Implant Type Category"":""Nail"",""Diameter"":9,""Length"":360,""Nail Type"":""Long"",""Target Bone"":""Femur"",""Side"":""R""}",FALSE,,FALSE,
Ultimax Supply Sdn Bhd,36430638,Omnail Long- Right (9mm x 380mm),Intramedullary Nails,1000,10,0,Nos,WH-00348,0.25,Kg,0,Malaysia,,Omnail Long,FALSE,FALSE,,0,TRUE,1,0,0,Nos,MYR,99999999,Nos,MYR,0,Nos,MYR,TRUE,1,0,Nos,MYR,0,Nos,MYR,0,Nos,MYR,0,Nos,MYR,"{""Implant Type Category"":""Nail"",""Diameter"":9,""Length"":380,""Nail Type"":""Long"",""Target Bone"":""Femur"",""Side"":""R""}",FALSE,,FALSE,
Ultimax Supply Sdn Bhd,36430640,Omnail Long- Right (9mm x 400mm),Intramedullary Nails,1000,10,0,Nos,WH-00348,0.25,Kg,0,Malaysia,,Omnail Long,FALSE,FALSE,,0,TRUE,1,0,0,Nos,MYR,99999999,Nos,MYR,0,Nos,MYR,TRUE,1,0,Nos,MYR,0,Nos,MYR,0,Nos,MYR,0,Nos,MYR,"{""Implant Type Category"":""Nail"",""Diameter"":9,""Length"":400,""Nail Type"":""Long"",""Target Bone"":""Femur"",""Side"":""R""}",FALSE,,FALSE,
Ultimax Supply Sdn Bhd,36432417,Omnail Short (10mm x 170mm),Intramedullary Nails,1000,10,0,Nos,WH-00348,0.2,Kg,0,Malaysia,,"Omnail Short, Omnail Long",FALSE,FALSE,,0,TRUE,1,0,0,Nos,MYR,99999999,Nos,MYR,0,Nos,MYR,TRUE,1,0,Nos,MYR,0,Nos,MYR,0,Nos,MYR,0,Nos,MYR,"{""Implant Type Category"":""Nail"",""Diameter"":10,""Length"":170,""Nail Type"":""Short"",""Target Bone"":""Femur""}",FALSE,,FALSE,
Ultimax Supply Sdn Bhd,36432420,Omnail Short (10mm x 170mm),Intramedullary Nails,1000,10,0,Nos,WH-00348,0.2,Kg,0,Malaysia,,"Omnail Short, Omnail Long",FALSE,FALSE,,0,TRUE,1,0,0,Nos,MYR,99999999,Nos,MYR,0,Nos,MYR,TRUE,1,0,Nos,MYR,0,Nos,MYR,0,Nos,MYR,0,Nos,MYR,"{""Implant Type Category"":""Nail"",""Diameter"":10,""Length"":170,""Nail Type"":""Short"",""Target Bone"":""Femur""}",FALSE,,FALSE,
Ultimax Supply Sdn Bhd,36432532,Omnail Long- Left (10mm x 320mm),Intramedullary Nails,1000,10,0,Nos,WH-00348,0.2,Kg,0,Malaysia,,Omnail Long,FALSE,FALSE,,0,TRUE,1,0,0,Nos,MYR,99999999,Nos,MYR,0,Nos,MYR,TRUE,1,0,Nos,MYR,0,Nos,MYR,0,Nos,MYR,0,Nos,MYR,"{""Implant Type Category"":""Nail"",""Diameter"":10,""Length"":320,""Nail Type"":""Long"",""Target Bone"":""Femur"",""Side"":""L""}",FALSE,,FALSE,
Ultimax Supply Sdn Bhd,36432534,Omnail Long- Left (10mm x 340mm),Intramedullary Nails,1000,10,0,Nos,WH-00348,0.2,Kg,0,Malaysia,,Omnail Long,FALSE,FALSE,,0,TRUE,1,0,0,Nos,MYR,99999999,Nos,MYR,0,Nos,MYR,TRUE,1,0,Nos,MYR,0,Nos,MYR,0,Nos,MYR,0,Nos,MYR,"{""Implant Type Category"":""Nail"",""Diameter"":10,""Length"":340,""Nail Type"":""Long"",""Target Bone"":""Femur"",""Side"":""L""}",FALSE,,FALSE,
Ultimax Supply Sdn Bhd,36432536,Omnail Long- Left (10mm x 360mm),Intramedullary Nails,1000,10,0,Nos,WH-00348,0.25,Kg,0,Malaysia,,Omnail Long,FALSE,FALSE,,0,TRUE,1,0,0,Nos,MYR,99999999,Nos,MYR,0,Nos,MYR,TRUE,1,0,Nos,MYR,0,Nos,MYR,0,Nos,MYR,0,Nos,MYR,"{""Implant Type Category"":""Nail"",""Diameter"":10,""Length"":360,""Nail Type"":""Long"",""Target Bone"":""Femur"",""Side"":""L""}",FALSE,,FALSE,
Ultimax Supply Sdn Bhd,36432538,Omnail Long- Left (10mm x 380mm),Intramedullary Nails,1000,10,0,Nos,WH-00348,0.25,Kg,0,Malaysia,,Omnail Long,FALSE,FALSE,,0,TRUE,1,0,0,Nos,MYR,99999999,Nos,MYR,0,Nos,MYR,TRUE,1,0,Nos,MYR,0,Nos,MYR,0,Nos,MYR,0,Nos,MYR,"{""Implant Type Category"":""Nail"",""Diameter"":10,""Length"":380,""Nail Type"":""Long"",""Target Bone"":""Femur"",""Side"":""L""}",FALSE,,FALSE,
Ultimax Supply Sdn Bhd,36432540,Omnail Long- Left (10mm x 400mm),Intramedullary Nails,1000,10,0,Nos,WH-00348,0.25,Kg,0,Malaysia,,Omnail Long,FALSE,FALSE,,0,TRUE,1,0,0,Nos,MYR,99999999,Nos,MYR,0,Nos,MYR,TRUE,1,0,Nos,MYR,0,Nos,MYR,0,Nos,MYR,0,Nos,MYR,"{""Implant Type Category"":""Nail"",""Diameter"":10,""Length"":400,""Nail Type"":""Long"",""Target Bone"":""Femur"",""Side"":""L""}",FALSE,,FALSE,
Ultimax Supply Sdn Bhd,36432542,Omnail Long- Left (10mm x 420mm),Intramedullary Nails,1000,10,0,Nos,WH-00348,0.25,Kg,0,Malaysia,,Omnail Long,FALSE,FALSE,,0,TRUE,1,0,0,Nos,MYR,99999999,Nos,MYR,0,Nos,MYR,TRUE,1,0,Nos,MYR,0,Nos,MYR,0,Nos,MYR,0,Nos,MYR,"{""Implant Type Category"":""Nail"",""Diameter"":10,""Length"":420,""Nail Type"":""Long"",""Target Bone"":""Femur"",""Side"":""L""}",FALSE,,FALSE,
Ultimax Supply Sdn Bhd,36432632,Omnail Long- Right (10mm x 320mm),Intramedullary Nails,1000,10,0,Nos,WH-00348,0.2,Kg,0,Malaysia,,Omnail Long,FALSE,FALSE,,0,TRUE,1,0,0,Nos,MYR,99999999,Nos,MYR,0,Nos,MYR,TRUE,1,0,Nos,MYR,0,Nos,MYR,0,Nos,MYR,0,Nos,MYR,"{""Implant Type Category"":""Nail"",""Diameter"":10,""Length"":320,""Nail Type"":""Long"",""Target Bone"":""Femur"",""Side"":""R""}",FALSE,,FALSE,
Ultimax Supply Sdn Bhd,36432634,Omnail Long- Right (10mm x 340mm),Intramedullary Nails,1000,10,0,Nos,WH-00348,0.2,Kg,0,Malaysia,,Omnail Long,FALSE,FALSE,,0,TRUE,1,0,0,Nos,MYR,99999999,Nos,MYR,0,Nos,MYR,TRUE,1,0,Nos,MYR,0,Nos,MYR,0,Nos,MYR,0,Nos,MYR,"{""Implant Type Category"":""Nail"",""Diameter"":10,""Length"":340,""Nail Type"":""Long"",""Target Bone"":""Femur"",""Side"":""R""}",FALSE,,FALSE,
Ultimax Supply Sdn Bhd,36432636,Omnail Long- Right (10mm x 360mm),Intramedullary Nails,1000,10,0,Nos,WH-00348,0.25,Kg,0,Malaysia,,Omnail Long,FALSE,FALSE,,0,TRUE,1,0,0,Nos,MYR,99999999,Nos,MYR,0,Nos,MYR,TRUE,1,0,Nos,MYR,0,Nos,MYR,0,Nos,MYR,0,Nos,MYR,"{""Implant Type Category"":""Nail"",""Diameter"":10,""Length"":360,""Nail Type"":""Long"",""Target Bone"":""Femur"",""Side"":""R""}",FALSE,,FALSE,
Ultimax Supply Sdn Bhd,36432638,Omnail Long- Right (10mm x 380mm),Intramedullary Nails,1000,10,0,Nos,WH-00348,0.25,Kg,0,Malaysia,,Omnail Long,FALSE,FALSE,,0,TRUE,1,0,0,Nos,MYR,99999999,Nos,MYR,0,Nos,MYR,TRUE,1,0,Nos,MYR,0,Nos,MYR,0,Nos,MYR,0,Nos,MYR,"{""Implant Type Category"":""Nail"",""Diameter"":10,""Length"":380,""Nail Type"":""Long"",""Target Bone"":""Femur"",""Side"":""R""}",FALSE,,FALSE,
Ultimax Supply Sdn Bhd,36432640,Omnail Long- Right (10mm x 400mm),Intramedullary Nails,1000,10,0,Nos,WH-00348,0.25,Kg,0,Malaysia,,Omnail Long,FALSE,FALSE,,0,TRUE,1,0,0,Nos,MYR,99999999,Nos,MYR,0,Nos,MYR,TRUE,1,0,Nos,MYR,0,Nos,MYR,0,Nos,MYR,0,Nos,MYR,"{""Implant Type Category"":""Nail"",""Diameter"":10,""Length"":400,""Nail Type"":""Long"",""Target Bone"":""Femur"",""Side"":""R""}",FALSE,,FALSE,
Ultimax Supply Sdn Bhd,36432642,Omnail Long- Right (10mm x 420mm),Intramedullary Nails,1000,10,0,Nos,WH-00348,0.25,Kg,0,Malaysia,,Omnail Long,FALSE,FALSE,,0,TRUE,1,0,0,Nos,MYR,99999999,Nos,MYR,0,Nos,MYR,TRUE,1,0,Nos,MYR,0,Nos,MYR,0,Nos,MYR,0,Nos,MYR,"{""Implant Type Category"":""Nail"",""Diameter"":10,""Length"":420,""Nail Type"":""Long"",""Target Bone"":""Femur"",""Side"":""R""}",FALSE,,FALSE,
Ultimax Supply Sdn Bhd,36433532,Omnail Long- Left (11mm x 320mm),Intramedullary Nails,1000,10,0,Nos,WH-00348,0.25,Kg,0,Malaysia,,Omnail Long,FALSE,FALSE,,0,TRUE,1,0,0,Nos,MYR,99999999,Nos,MYR,0,Nos,MYR,TRUE,1,0,Nos,MYR,0,Nos,MYR,0,Nos,MYR,0,Nos,MYR,"{""Implant Type Category"":""Nail"",""Diameter"":11,""Length"":320,""Nail Type"":""Long"",""Target Bone"":""Femur"",""Side"":""L""}",FALSE,,FALSE,
Ultimax Supply Sdn Bhd,36433534,Omnail Long- Left (11mm x 340mm),Intramedullary Nails,1000,10,0,Nos,WH-00348,0.25,Kg,0,Malaysia,,Omnail Long,FALSE,FALSE,,0,TRUE,1,0,0,Nos,MYR,99999999,Nos,MYR,0,Nos,MYR,TRUE,1,0,Nos,MYR,0,Nos,MYR,0,Nos,MYR,0,Nos,MYR,"{""Implant Type Category"":""Nail"",""Diameter"":11,""Length"":340,""Nail Type"":""Long"",""Target Bone"":""Femur"",""Side"":""L""}",FALSE,,FALSE,
Ultimax Supply Sdn Bhd,36433536,Omnail Long- Left (11mm x 360mm),Intramedullary Nails,1000,10,0,Nos,WH-00348,0.25,Kg,0,Malaysia,,Omnail Long,FALSE,FALSE,,0,TRUE,1,0,0,Nos,MYR,99999999,Nos,MYR,0,Nos,MYR,TRUE,1,0,Nos,MYR,0,Nos,MYR,0,Nos,MYR,0,Nos,MYR,"{""Implant Type Category"":""Nail"",""Diameter"":11,""Length"":360,""Nail Type"":""Long"",""Target Bone"":""Femur"",""Side"":""L""}",FALSE,,FALSE,
Ultimax Supply Sdn Bhd,36433538,Omnail Long- Left (11mm x 380mm),Intramedullary Nails,1000,10,0,Nos,WH-00348,0.25,Kg,0,Malaysia,,Omnail Long,FALSE,FALSE,,0,TRUE,1,0,0,Nos,MYR,99999999,Nos,MYR,0,Nos,MYR,TRUE,1,0,Nos,MYR,0,Nos,MYR,0,Nos,MYR,0,Nos,MYR,"{""Implant Type Category"":""Nail"",""Diameter"":11,""Length"":380,""Nail Type"":""Long"",""Target Bone"":""Femur"",""Side"":""L""}",FALSE,,FALSE,
Ultimax Supply Sdn Bhd,36433540,Omnail Long- Left (11mm x 400mm),Intramedullary Nails,1000,10,0,Nos,WH-00348,0.25,Kg,0,Malaysia,,Omnail Long,FALSE,FALSE,,0,TRUE,1,0,0,Nos,MYR,99999999,Nos,MYR,0,Nos,MYR,TRUE,1,0,Nos,MYR,0,Nos,MYR,0,Nos,MYR,0,Nos,MYR,"{""Implant Type Category"":""Nail"",""Diameter"":11,""Length"":400,""Nail Type"":""Long"",""Target Bone"":""Femur"",""Side"":""L""}",FALSE,,FALSE,
Ultimax Supply Sdn Bhd,36433542,Omnail Long- Left (11mm x 420mm),Intramedullary Nails,1000,10,0,Nos,WH-00348,0.25,Kg,0,Malaysia,,Omnail Long,FALSE,FALSE,,0,TRUE,1,0,0,Nos,MYR,99999999,Nos,MYR,0,Nos,MYR,TRUE,1,0,Nos,MYR,0,Nos,MYR,0,Nos,MYR,0,Nos,MYR,"{""Implant Type Category"":""Nail"",""Diameter"":11,""Length"":420,""Nail Type"":""Long"",""Target Bone"":""Femur"",""Side"":""L""}",FALSE,,FALSE,
Ultimax Supply Sdn Bhd,36433632,Omnail Long- Right (11mm x 320mm),Intramedullary Nails,1000,10,0,Nos,WH-00348,0.25,Kg,0,Malaysia,,Omnail Long,FALSE,FALSE,,0,TRUE,1,0,0,Nos,MYR,99999999,Nos,MYR,0,Nos,MYR,TRUE,1,0,Nos,MYR,0,Nos,MYR,0,Nos,MYR,0,Nos,MYR,"{""Implant Type Category"":""Nail"",""Diameter"":11,""Length"":320,""Nail Type"":""Long"",""Target Bone"":""Femur"",""Side"":""R""}",FALSE,,FALSE,
Ultimax Supply Sdn Bhd,36433634,Omnail Long- Right (11mm x 340mm),Intramedullary Nails,1000,10,0,Nos,WH-00348,0.25,Kg,0,Malaysia,,Omnail Long,FALSE,FALSE,,0,TRUE,1,0,0,Nos,MYR,99999999,Nos,MYR,0,Nos,MYR,TRUE,1,0,Nos,MYR,0,Nos,MYR,0,Nos,MYR,0,Nos,MYR,"{""Implant Type Category"":""Nail"",""Diameter"":11,""Length"":340,""Nail Type"":""Long"",""Target Bone"":""Femur"",""Side"":""R""}",FALSE,,FALSE,
Ultimax Supply Sdn Bhd,36433636,Omnail Long- Right (11mm x 360mm),Intramedullary Nails,1000,10,0,Nos,WH-00348,0.25,Kg,0,Malaysia,,Omnail Long,FALSE,FALSE,,0,TRUE,1,0,0,Nos,MYR,99999999,Nos,MYR,0,Nos,MYR,TRUE,1,0,Nos,MYR,0,Nos,MYR,0,Nos,MYR,0,Nos,MYR,"{""Implant Type Category"":""Nail"",""Diameter"":11,""Length"":360,""Nail Type"":""Long"",""Target Bone"":""Femur"",""Side"":""R""}",FALSE,,FALSE,
Ultimax Supply Sdn Bhd,36433638,Omnail Long- Right (11mm x 380mm),Intramedullary Nails,1000,10,0,Nos,WH-00348,0.25,Kg,0,Malaysia,,Omnail Long,FALSE,FALSE,,0,TRUE,1,0,0,Nos,MYR,99999999,Nos,MYR,0,Nos,MYR,TRUE,1,0,Nos,MYR,0,Nos,MYR,0,Nos,MYR,0,Nos,MYR,"{""Implant Type Category"":""Nail"",""Diameter"":11,""Length"":380,""Nail Type"":""Long"",""Target Bone"":""Femur"",""Side"":""R""}",FALSE,,FALSE,
Ultimax Supply Sdn Bhd,36433640,Omnail Long- Right (11mm x 400mm),Intramedullary Nails,1000,10,0,Nos,WH-00348,0.25,Kg,0,Malaysia,,Omnail Long,FALSE,FALSE,,0,TRUE,1,0,0,Nos,MYR,99999999,Nos,MYR,0,Nos,MYR,TRUE,1,0,Nos,MYR,0,Nos,MYR,0,Nos,MYR,0,Nos,MYR,"{""Implant Type Category"":""Nail"",""Diameter"":11,""Length"":400,""Nail Type"":""Long"",""Target Bone"":""Femur"",""Side"":""R""}",FALSE,,FALSE,
Ultimax Supply Sdn Bhd,36433642,Omnail Long- Right (11mm x 420mm),Intramedullary Nails,1000,10,0,Nos,WH-00348,0.25,Kg,0,Malaysia,,Omnail Long,FALSE,FALSE,,0,TRUE,1,0,0,Nos,MYR,99999999,Nos,MYR,0,Nos,MYR,TRUE,1,0,Nos,MYR,0,Nos,MYR,0,Nos,MYR,0,Nos,MYR,"{""Implant Type Category"":""Nail"",""Diameter"":11,""Length"":420,""Nail Type"":""Long"",""Target Bone"":""Femur"",""Side"":""R""}",FALSE,,FALSE,
Ultimax Supply Sdn Bhd,36434534,Omnail Long- Left (12mm x 340mm),Intramedullary Nails,1000,10,0,Nos,WH-00348,0.25,Kg,0,Malaysia,,Omnail Long,FALSE,FALSE,,0,TRUE,1,0,0,Nos,MYR,99999999,Nos,MYR,0,Nos,MYR,TRUE,1,0,Nos,MYR,0,Nos,MYR,0,Nos,MYR,0,Nos,MYR,"{""Implant Type Category"":""Nail"",""Diameter"":12,""Length"":340,""Nail Type"":""Long"",""Target Bone"":""Femur"",""Side"":""L""}",FALSE,,FALSE,
Ultimax Supply Sdn Bhd,36434536,Omnail Long- Left (12mm x 360mm),Intramedullary Nails,1000,10,0,Nos,WH-00348,0.25,Kg,0,Malaysia,,Omnail Long,FALSE,FALSE,,0,TRUE,1,0,0,Nos,MYR,99999999,Nos,MYR,0,Nos,MYR,TRUE,1,0,Nos,MYR,0,Nos,MYR,0,Nos,MYR,0,Nos,MYR,"{""Implant Type Category"":""Nail"",""Diameter"":12,""Length"":360,""Nail Type"":""Long"",""Target Bone"":""Femur"",""Side"":""L""}",FALSE,,FALSE,
Ultimax Supply Sdn Bhd,36434538,Omnail Long- Left (12mm x 380mm),Intramedullary Nails,1000,10,0,Nos,WH-00348,0.25,Kg,0,Malaysia,,Omnail Long,FALSE,FALSE,,0,TRUE,1,0,0,Nos,MYR,99999999,Nos,MYR,0,Nos,MYR,TRUE,1,0,Nos,MYR,0,Nos,MYR,0,Nos,MYR,0,Nos,MYR,"{""Implant Type Category"":""Nail"",""Diameter"":12,""Length"":380,""Nail Type"":""Long"",""Target Bone"":""Femur"",""Side"":""L""}",FALSE,,FALSE,
Ultimax Supply Sdn Bhd,36434540,Omnail Long- Left (12mm x 400mm),Intramedullary Nails,1000,10,0,Nos,WH-00348,0.25,Kg,0,Malaysia,,Omnail Long,FALSE,FALSE,,0,TRUE,1,0,0,Nos,MYR,99999999,Nos,MYR,0,Nos,MYR,TRUE,1,0,Nos,MYR,0,Nos,MYR,0,Nos,MYR,0,Nos,MYR,"{""Implant Type Category"":""Nail"",""Diameter"":12,""Length"":400,""Nail Type"":""Long"",""Target Bone"":""Femur"",""Side"":""L""}",FALSE,,FALSE,
Ultimax Supply Sdn Bhd,36434634,Omnail Long- Right (12mm x 340mm),Intramedullary Nails,1000,10,0,Nos,WH-00348,0.25,Kg,0,Malaysia,,Omnail Long,FALSE,FALSE,,0,TRUE,1,0,0,Nos,MYR,99999999,Nos,MYR,0,Nos,MYR,TRUE,1,0,Nos,MYR,0,Nos,MYR,0,Nos,MYR,0,Nos,MYR,"{""Implant Type Category"":""Nail"",""Diameter"":12,""Length"":340,""Nail Type"":""Long"",""Target Bone"":""Femur"",""Side"":""R""}",FALSE,,FALSE,
Ultimax Supply Sdn Bhd,36434636,Omnail Long- Right (12mm x 360mm),Intramedullary Nails,1000,10,0,Nos,WH-00348,0.25,Kg,0,Malaysia,,Omnail Long,FALSE,FALSE,,0,TRUE,1,0,0,Nos,MYR,99999999,Nos,MYR,0,Nos,MYR,TRUE,1,0,Nos,MYR,0,Nos,MYR,0,Nos,MYR,0,Nos,MYR,"{""Implant Type Category"":""Nail"",""Diameter"":12,""Length"":360,""Nail Type"":""Long"",""Target Bone"":""Femur"",""Side"":""R""}",FALSE,,FALSE,
Ultimax Supply Sdn Bhd,36434638,Omnail Long- Right (12mm x 380mm),Intramedullary Nails,1000,10,0,Nos,WH-00348,0.25,Kg,0,Malaysia,,Omnail Long,FALSE,FALSE,,0,TRUE,1,0,0,Nos,MYR,99999999,Nos,MYR,0,Nos,MYR,TRUE,1,0,Nos,MYR,0,Nos,MYR,0,Nos,MYR,0,Nos,MYR,"{""Implant Type Category"":""Nail"",""Diameter"":12,""Length"":380,""Nail Type"":""Long"",""Target Bone"":""Femur"",""Side"":""R""}",FALSE,,FALSE,
Ultimax Supply Sdn Bhd,36434640,Omnail Long- Right (12mm x 400mm),Intramedullary Nails,1000,10,0,Nos,WH-00348,0.25,Kg,0,Malaysia,,Omnail Long,FALSE,FALSE,,0,TRUE,1,0,0,Nos,MYR,99999999,Nos,MYR,0,Nos,MYR,TRUE,1,0,Nos,MYR,0,Nos,MYR,0,Nos,MYR,0,Nos,MYR,"{""Implant Type Category"":""Nail"",""Diameter"":12,""Length"":400,""Nail Type"":""Long"",""Target Bone"":""Femur"",""Side"":""R""}",FALSE,,FALSE,
Ultimax Supply Sdn Bhd,36435417,Omnail Short (11.5mm x 170mm),Intramedullary Nails,1000,10,0,Nos,WH-00348,0.25,Kg,0,Malaysia,,"Omnail Short, Omnail Long",FALSE,FALSE,,0,TRUE,1,0,0,Nos,MYR,99999999,Nos,MYR,0,Nos,MYR,TRUE,1,0,Nos,MYR,0,Nos,MYR,0,Nos,MYR,0,Nos,MYR,"{""Implant Type Category"":""Nail"",""Diameter"":11.5,""Length"":170,""Nail Type"":""Short"",""Target Bone"":""Femur""}",FALSE,,FALSE,
Ultimax Supply Sdn Bhd,36435420,Omnail Short (11.5mm x 200mm),Intramedullary Nails,1000,10,0,Nos,WH-00348,0.25,Kg,0,Malaysia,,"Omnail Short, Omnail Long",FALSE,FALSE,,0,TRUE,1,0,0,Nos,MYR,99999999,Nos,MYR,0,Nos,MYR,TRUE,1,0,Nos,MYR,0,Nos,MYR,0,Nos,MYR,0,Nos,MYR,"{""Implant Type Category"":""Nail"",""Diameter"":11.5,""Length"":200,""Nail Type"":""Short"",""Target Bone"":""Femur""}",FALSE,,FALSE,
Ultimax Supply Sdn Bhd,36463130,Omnail Screw 5.0mm (5.0mm x 30mm),Screws,1000,10,0,Nos,WH-00350,0.035,Kg,0,Malaysia,,"Neosupra set (Screws), Omnail set (Screws)",FALSE,FALSE,,0,TRUE,1,0,150,Nos,MYR,99999999,Nos,MYR,0,Nos,MYR,TRUE,1,0,Nos,MYR,0,Nos,MYR,0,Nos,MYR,0,Nos,MYR,"{""Implant Type Category"":""Large Fragment Screw"",""Diameter"":5,""Length"":30,""Screw Category"":""Large Fragment""}",FALSE,,FALSE,
Ultimax Supply Sdn Bhd,36463132,Omnail Screw 5.0mm (5.0mm x 32mm),Screws,1000,10,0,Nos,WH-00350,0.035,Kg,0,Malaysia,,Omnail set (Screws),FALSE,FALSE,,0,TRUE,1,0,150,Nos,MYR,99999999,Nos,MYR,0,Nos,MYR,TRUE,1,0,Nos,MYR,0,Nos,MYR,0,Nos,MYR,0,Nos,MYR,"{""Implant Type Category"":""Large Fragment Screw"",""Diameter"":5,""Length"":32,""Screw Category"":""Large Fragment""}",FALSE,,FALSE,
Ultimax Supply Sdn Bhd,36463134,Omnail Screw 5.0mm (5.0mm x 34mm),Screws,1000,10,0,Nos,WH-00350,0.035,Kg,0,Malaysia,,Omnail set (Screws),FALSE,FALSE,,0,TRUE,1,0,150,Nos,MYR,99999999,Nos,MYR,0,Nos,MYR,TRUE,1,0,Nos,MYR,0,Nos,MYR,0,Nos,MYR,0,Nos,MYR,"{""Implant Type Category"":""Large Fragment Screw"",""Diameter"":5,""Length"":34,""Screw Category"":""Large Fragment""}",FALSE,,FALSE,
Ultimax Supply Sdn Bhd,36463136,Omnail Screw 5.0mm (5.0mm x 36mm),Screws,1000,10,0,Nos,WH-00350,0.035,Kg,0,Malaysia,,"Neosupra set (Screws), Omnail set (Screws)",FALSE,FALSE,,0,TRUE,1,0,150,Nos,MYR,99999999,Nos,MYR,0,Nos,MYR,TRUE,1,0,Nos,MYR,0,Nos,MYR,0,Nos,MYR,0,Nos,MYR,"{""Implant Type Category"":""Large Fragment Screw"",""Diameter"":5,""Length"":36,""Screw Category"":""Large Fragment""}",FALSE,,FALSE,
Ultimax Supply Sdn Bhd,36463138,Omnail Screw 5.0mm (5.0mm x 38mm),Screws,1000,10,0,Nos,WH-00350,0.035,Kg,0,Malaysia,,Omnail set (Screws),FALSE,FALSE,,0,TRUE,1,0,150,Nos,MYR,99999999,Nos,MYR,0,Nos,MYR,TRUE,1,0,Nos,MYR,0,Nos,MYR,0,Nos,MYR,0,Nos,MYR,"{""Implant Type Category"":""Large Fragment Screw"",""Diameter"":5,""Length"":38,""Screw Category"":""Large Fragment""}",FALSE,,FALSE,
Ultimax Supply Sdn Bhd,36463140,Omnail Screw 5.0mm (5.0mm x 40mm),Screws,1000,10,0,Nos,WH-00350,0.035,Kg,0,Malaysia,,"Neosupra set (Screws), Omnail set (Screws)",FALSE,FALSE,,0,TRUE,1,0,150,Nos,MYR,99999999,Nos,MYR,0,Nos,MYR,TRUE,1,0,Nos,MYR,0,Nos,MYR,0,Nos,MYR,0,Nos,MYR,"{""Implant Type Category"":""Large Fragment Screw"",""Diameter"":5,""Length"":40,""Screw Category"":""Large Fragment""}",FALSE,,FALSE,
Ultimax Supply Sdn Bhd,36463142,Omnail Screw 5.0mm (5.0mm x 42mm),Screws,1000,10,0,Nos,WH-00350,0.035,Kg,0,Malaysia,,Omnail set (Screws),FALSE,FALSE,,0,TRUE,1,0,150,Nos,MYR,99999999,Nos,MYR,0,Nos,MYR,TRUE,1,0,Nos,MYR,0,Nos,MYR,0,Nos,MYR,0,Nos,MYR,"{""Implant Type Category"":""Large Fragment Screw"",""Diameter"":5,""Length"":42,""Screw Category"":""Large Fragment""}",FALSE,,FALSE,
Ultimax Supply Sdn Bhd,36463144,Omnail Screw 5.0mm (5.0mm x 44mm),Screws,1000,10,0,Nos,WH-00350,0.035,Kg,0,Malaysia,,Omnail set (Screws),FALSE,FALSE,,0,TRUE,1,0,150,Nos,MYR,99999999,Nos,MYR,0,Nos,MYR,TRUE,1,0,Nos,MYR,0,Nos,MYR,0,Nos,MYR,0,Nos,MYR,"{""Implant Type Category"":""Large Fragment Screw"",""Diameter"":5,""Length"":44,""Screw Category"":""Large Fragment""}",FALSE,,FALSE,
Ultimax Supply Sdn Bhd,36463146,Omnail Screw 5.0mm (5.0mm x 46mm),Screws,1000,10,0,Nos,WH-00350,0.035,Kg,0,Malaysia,,"Neosupra set (Screws), Omnail set (Screws)",FALSE,FALSE,,0,TRUE,1,0,150,Nos,MYR,99999999,Nos,MYR,0,Nos,MYR,TRUE,1,0,Nos,MYR,0,Nos,MYR,0,Nos,MYR,0,Nos,MYR,"{""Implant Type Category"":""Large Fragment Screw"",""Diameter"":5,""Length"":46,""Screw Category"":""Large Fragment""}",FALSE,,FALSE,
Ultimax Supply Sdn Bhd,36463148,Omnail Screw 5.0mm (5.0mm x 48mm),Screws,1000,10,0,Nos,WH-00350,0.035,Kg,0,Malaysia,,Omnail set (Screws),FALSE,FALSE,,0,TRUE,1,0,150,Nos,MYR,99999999,Nos,MYR,0,Nos,MYR,TRUE,1,0,Nos,MYR,0,Nos,MYR,0,Nos,MYR,0,Nos,MYR,"{""Implant Type Category"":""Large Fragment Screw"",""Diameter"":5,""Length"":48,""Screw Category"":""Large Fragment""}",FALSE,,FALSE,
Ultimax Supply Sdn Bhd,36463150,Omnail Screw 5.0mm (5.0mm x 50mm),Screws,1000,10,0,Nos,WH-00350,0.035,Kg,0,Malaysia,,"Neosupra set (Screws), Omnail set (Screws)",FALSE,FALSE,,0,TRUE,1,0,150,Nos,MYR,99999999,Nos,MYR,0,Nos,MYR,TRUE,1,0,Nos,MYR,0,Nos,MYR,0,Nos,MYR,0,Nos,MYR,"{""Implant Type Category"":""Large Fragment Screw"",""Diameter"":5,""Length"":50,""Screw Category"":""Large Fragment""}",FALSE,,FALSE,
Ultimax Supply Sdn Bhd,36463155,Omnail Screw 5.0mm (5.0mm x 55mm),Screws,1000,10,0,Nos,WH-00350,0.035,Kg,0,Malaysia,,"Neosupra set (Screws), Omnail set (Screws)",FALSE,FALSE,,0,TRUE,1,0,150,Nos,MYR,99999999,Nos,MYR,0,Nos,MYR,TRUE,1,0,Nos,MYR,0,Nos,MYR,0,Nos,MYR,0,Nos,MYR,"{""Implant Type Category"":""Large Fragment Screw"",""Diameter"":5,""Length"":55,""Screw Category"":""Large Fragment""}",FALSE,,FALSE,
Ultimax Supply Sdn Bhd,36463160,Omnail Screw 5.0mm (5.0mm x 60mm),Screws,1000,10,0,Nos,WH-00350,0.035,Kg,0,Malaysia,,"Neosupra set (Screws), Omnail set (Screws)",FALSE,FALSE,,0,TRUE,1,0,150,Nos,MYR,99999999,Nos,MYR,0,Nos,MYR,TRUE,1,0,Nos,MYR,0,Nos,MYR,0,Nos,MYR,0,Nos,MYR,"{""Implant Type Category"":""Large Fragment Screw"",""Diameter"":5,""Length"":60,""Screw Category"":""Large Fragment""}",FALSE,,FALSE,
Ultimax Supply Sdn Bhd,36463165,Omnail Screw 5.0mm (5.0mm x 65mm),Screws,1000,10,0,Nos,WH-00350,0.035,Kg,0,Malaysia,,"Neosupra set (Screws), Omnail set (Screws)",FALSE,FALSE,,0,TRUE,1,0,150,Nos,MYR,99999999,Nos,MYR,0,Nos,MYR,TRUE,1,0,Nos,MYR,0,Nos,MYR,0,Nos,MYR,0,Nos,MYR,"{""Implant Type Category"":""Large Fragment Screw"",""Diameter"":5,""Length"":65,""Screw Category"":""Large Fragment""}",FALSE,,FALSE,
Ultimax Supply Sdn Bhd,36463170,Omnail Screw 5.0mm (5.0mm x 70mm),Screws,1000,10,0,Nos,WH-00350,0.035,Kg,0,Malaysia,,"Neosupra set (Screws), Omnail set (Screws)",FALSE,FALSE,,0,TRUE,1,0,150,Nos,MYR,99999999,Nos,MYR,0,Nos,MYR,TRUE,1,0,Nos,MYR,0,Nos,MYR,0,Nos,MYR,0,Nos,MYR,"{""Implant Type Category"":""Large Fragment Screw"",""Diameter"":5,""Length"":70,""Screw Category"":""Large Fragment""}",FALSE,,FALSE,
Ultimax Supply Sdn Bhd,36463175,Omnail Screw 5.0mm (5.0mm x 75mm),Screws,1000,10,0,Nos,WH-00350,0.035,Kg,0,Malaysia,,Omnail set (Screws),FALSE,FALSE,,0,TRUE,1,0,150,Nos,MYR,99999999,Nos,MYR,0,Nos,MYR,TRUE,1,0,Nos,MYR,0,Nos,MYR,0,Nos,MYR,0,Nos,MYR,"{""Implant Type Category"":""Large Fragment Screw"",""Diameter"":5,""Length"":75,""Screw Category"":""Large Fragment""}",FALSE,,FALSE,
Ultimax Supply Sdn Bhd,36470100,Omnail End Cap (0mm),Screws,1000,10,0,Nos,WH-00353,0.01,Kg,0,Malaysia,,Omnail set (Screws),FALSE,FALSE,,0,TRUE,1,0,250,Nos,MYR,99999999,Nos,MYR,0,Nos,MYR,TRUE,1,0,Nos,MYR,0,Nos,MYR,0,Nos,MYR,0,Nos,MYR,"{""Implant Type Category"":""Small Fragment Screw"",""Screw Category"":""Small Fragment""}",FALSE,,FALSE,
Ultimax Supply Sdn Bhd,36470105,Omnail End Cap (5mm),Screws,1000,10,0,Nos,WH-00353,0.01,Kg,0,Malaysia,,Omnail set (Screws),FALSE,FALSE,,0,TRUE,1,0,250,Nos,MYR,99999999,Nos,MYR,0,Nos,MYR,TRUE,1,0,Nos,MYR,0,Nos,MYR,0,Nos,MYR,0,Nos,MYR,"{""Implant Type Category"":""Large Fragment Screw"",""Diameter"":5,""Length"":5,""Screw Category"":""Large Fragment""}",FALSE,,FALSE,
Ultimax Supply Sdn Bhd,36470110,Omnail End Cap (10mm),Screws,1000,10,0,Nos,WH-00353,0.01,Kg,0,Malaysia,,Omnail set (Screws),FALSE,FALSE,,0,TRUE,1,0,250,Nos,MYR,99999999,Nos,MYR,0,Nos,MYR,TRUE,1,0,Nos,MYR,0,Nos,MYR,0,Nos,MYR,0,Nos,MYR,"{""Implant Type Category"":""Large Fragment Screw"",""Diameter"":10,""Length"":10,""Screw Category"":""Large Fragment""}",FALSE,,FALSE,
Ultimax Supply Sdn Bhd,36470115,Omnail End Cap (15mm),Screws,1000,10,0,Nos,WH-00353,0.01,Kg,0,Malaysia,,Omnail set (Screws),FALSE,FALSE,,0,TRUE,1,0,250,Nos,MYR,99999999,Nos,MYR,0,Nos,MYR,TRUE,1,0,Nos,MYR,0,Nos,MYR,0,Nos,MYR,0,Nos,MYR,"{""Implant Type Category"":""Large Fragment Screw"",""Diameter"":15,""Length"":15,""Screw Category"":""Large Fragment""}",FALSE,,FALSE,
Ultimax Supply Sdn Bhd,36473100,Omnail Blade (10.5mm x 100mm),Screws,1000,10,0,Nos,WH-00353,0.15,Kg,0,Malaysia,,Omnail set (Screws),FALSE,FALSE,,0,TRUE,1,0,1000,Nos,MYR,99999999,Nos,MYR,0,Nos,MYR,TRUE,1,0,Nos,MYR,0,Nos,MYR,0,Nos,MYR,0,Nos,MYR,"{""Implant Type Category"":""Large Fragment Screw"",""Diameter"":10.5,""Length"":100,""Screw Category"":""Large Fragment""}",FALSE,,FALSE,
Ultimax Supply Sdn Bhd,36473105,Omnail Blade (10.5mm x 105mm),Screws,1000,10,0,Nos,WH-00353,0.15,Kg,0,Malaysia,,Omnail set (Screws),FALSE,FALSE,,0,TRUE,1,0,1000,Nos,MYR,99999999,Nos,MYR,0,Nos,MYR,TRUE,1,0,Nos,MYR,0,Nos,MYR,0,Nos,MYR,0,Nos,MYR,"{""Implant Type Category"":""Large Fragment Screw"",""Diameter"":10.5,""Length"":105,""Screw Category"":""Large Fragment""}",FALSE,,FALSE,
Ultimax Supply Sdn Bhd,36473110,Omnail Blade (10.5mm x 110mm),Screws,1000,10,0,Nos,WH-00353,0.15,Kg,0,Malaysia,,Omnail set (Screws),FALSE,FALSE,,0,TRUE,1,0,1000,Nos,MYR,99999999,Nos,MYR,0,Nos,MYR,TRUE,1,0,Nos,MYR,0,Nos,MYR,0,Nos,MYR,0,Nos,MYR,"{""Implant Type Category"":""Large Fragment Screw"",""Diameter"":10.5,""Length"":110,""Screw Category"":""Large Fragment""}",FALSE,,FALSE,
Ultimax Supply Sdn Bhd,36473115,Omnail Blade (10.5mm x 115mm),Screws,1000,10,0,Nos,WH-00353,0.15,Kg,0,Malaysia,,Omnail set (Screws),FALSE,FALSE,,0,TRUE,1,0,1000,Nos,MYR,99999999,Nos,MYR,0,Nos,MYR,TRUE,1,0,Nos,MYR,0,Nos,MYR,0,Nos,MYR,0,Nos,MYR,"{""Implant Type Category"":""Large Fragment Screw"",""Diameter"":10.5,""Length"":115,""Screw Category"":""Large Fragment""}",FALSE,,FALSE,
Ultimax Supply Sdn Bhd,36473175,Omnail Blade (10.5mm x 75mm),Screws,1000,10,0,Nos,WH-00353,0.15,Kg,0,Malaysia,,Omnail set (Screws),FALSE,FALSE,,0,TRUE,1,0,1000,Nos,MYR,99999999,Nos,MYR,0,Nos,MYR,TRUE,1,0,Nos,MYR,0,Nos,MYR,0,Nos,MYR,0,Nos,MYR,"{""Implant Type Category"":""Large Fragment Screw"",""Diameter"":10.5,""Length"":75,""Screw Category"":""Large Fragment""}",FALSE,,FALSE,
Ultimax Supply Sdn Bhd,36473180,Omnail Blade (10.5mm x 80mm),Screws,1000,10,0,Nos,WH-00353,0.15,Kg,0,Malaysia,,Omnail set (Screws),FALSE,FALSE,,0,TRUE,1,0,1000,Nos,MYR,99999999,Nos,MYR,0,Nos,MYR,TRUE,1,0,Nos,MYR,0,Nos,MYR,0,Nos,MYR,0,Nos,MYR,"{""Implant Type Category"":""Large Fragment Screw"",""Diameter"":10.5,""Length"":80,""Screw Category"":""Large Fragment""}",FALSE,,FALSE,
Ultimax Supply Sdn Bhd,36473185,Omnail Blade (10.5mm x 85mm),Screws,1000,10,0,Nos,WH-00353,0.15,Kg,0,Malaysia,,Omnail set (Screws),FALSE,FALSE,,0,TRUE,1,0,1000,Nos,MYR,99999999,Nos,MYR,0,Nos,MYR,TRUE,1,0,Nos,MYR,0,Nos,MYR,0,Nos,MYR,0,Nos,MYR,"{""Implant Type Category"":""Large Fragment Screw"",""Diameter"":10.5,""Length"":85,""Screw Category"":""Large Fragment""}",FALSE,,FALSE,
Ultimax Supply Sdn Bhd,36473190,Omnail Blade (10.5mm x 90mm),Screws,1000,10,0,Nos,WH-00353,0.15,Kg,0,Malaysia,,Omnail set (Screws),FALSE,FALSE,,0,TRUE,1,0,1000,Nos,MYR,99999999,Nos,MYR,0,Nos,MYR,TRUE,1,0,Nos,MYR,0,Nos,MYR,0,Nos,MYR,0,Nos,MYR,"{""Implant Type Category"":""Large Fragment Screw"",""Diameter"":10.5,""Length"":90,""Screw Category"":""Large Fragment""}",FALSE,,FALSE,
Ultimax Supply Sdn Bhd,36473195,Omnail Blade (10.5mm x 95mm),Screws,1000,10,0,Nos,WH-00353,0.15,Kg,0,Malaysia,,Omnail set (Screws),FALSE,FALSE,,0,TRUE,1,0,1000,Nos,MYR,99999999,Nos,MYR,0,Nos,MYR,TRUE,1,0,Nos,MYR,0,Nos,MYR,0,Nos,MYR,0,Nos,MYR,"{""Implant Type Category"":""Large Fragment Screw"",""Diameter"":10.5,""Length"":95,""Screw Category"":""Large Fragment""}",FALSE,,FALSE,
Ultimax Supply Sdn Bhd,36474100,Omnail Lag Screw (10.5mm x 100mm),Screws,1000,10,0,Nos,WH-00350,0.05,Kg,0,Malaysia,,Omnail set (Screws),FALSE,FALSE,,0,TRUE,1,0,1000,Nos,MYR,99999999,Nos,MYR,0,Nos,MYR,TRUE,1,0,Nos,MYR,0,Nos,MYR,0,Nos,MYR,0,Nos,MYR,"{""Implant Type Category"":""Large Fragment Screw"",""Diameter"":10.5,""Length"":100,""Screw Category"":""Large Fragment"",""Screw Type"":""Lag"",""Head Type"":""Non-Locking""}",FALSE,,FALSE,
Ultimax Supply Sdn Bhd,36474105,Omnail Lag Screw (10.5mm x 105mm),Screws,1000,10,0,Nos,WH-00350,0.05,Kg,0,Malaysia,,Omnail set (Screws),FALSE,FALSE,,0,TRUE,1,0,1000,Nos,MYR,99999999,Nos,MYR,0,Nos,MYR,TRUE,1,0,Nos,MYR,0,Nos,MYR,0,Nos,MYR,0,Nos,MYR,"{""Implant Type Category"":""Large Fragment Screw"",""Diameter"":10.5,""Length"":105,""Screw Category"":""Large Fragment"",""Screw Type"":""Lag"",""Head Type"":""Non-Locking""}",FALSE,,FALSE,
Ultimax Supply Sdn Bhd,36474110,Omnail Lag Screw (10.5mm x 110mm),Screws,1000,10,0,Nos,WH-00350,0.05,Kg,0,Malaysia,,Omnail set (Screws),FALSE,FALSE,,0,TRUE,1,0,1000,Nos,MYR,99999999,Nos,MYR,0,Nos,MYR,TRUE,1,0,Nos,MYR,0,Nos,MYR,0,Nos,MYR,0,Nos,MYR,"{""Implant Type Category"":""Large Fragment Screw"",""Diameter"":10.5,""Length"":110,""Screw Category"":""Large Fragment"",""Screw Type"":""Lag"",""Head Type"":""Non-Locking""}",FALSE,,FALSE,
Ultimax Supply Sdn Bhd,36474115,Omnail Lag Screw (10.5mm x 115mm),Screws,1000,10,0,Nos,WH-00350,0.05,Kg,0,Malaysia,,Omnail set (Screws),FALSE,FALSE,,0,TRUE,1,0,1000,Nos,MYR,99999999,Nos,MYR,0,Nos,MYR,TRUE,1,0,Nos,MYR,0,Nos,MYR,0,Nos,MYR,0,Nos,MYR,"{""Implant Type Category"":""Large Fragment Screw"",""Diameter"":10.5,""Length"":115,""Screw Category"":""Large Fragment"",""Screw Type"":""Lag"",""Head Type"":""Non-Locking""}",FALSE,,FALSE,
Ultimax Supply Sdn Bhd,36474180,Omnail Lag Screw (10.5mm x 80mm),Screws,1000,10,0,Nos,WH-00350,0.05,Kg,0,Malaysia,,Omnail set (Screws),FALSE,FALSE,,0,TRUE,1,0,1000,Nos,MYR,99999999,Nos,MYR,0,Nos,MYR,TRUE,1,0,Nos,MYR,0,Nos,MYR,0,Nos,MYR,0,Nos,MYR,"{""Implant Type Category"":""Large Fragment Screw"",""Diameter"":10.5,""Length"":80,""Screw Category"":""Large Fragment"",""Screw Type"":""Lag"",""Head Type"":""Non-Locking""}",FALSE,,FALSE,
Ultimax Supply Sdn Bhd,36474185,Omnail Lag Screw (10.5mm x 85mm),Screws,1000,10,0,Nos,WH-00350,0.05,Kg,0,Malaysia,,Omnail set (Screws),FALSE,FALSE,,0,TRUE,1,0,1000,Nos,MYR,99999999,Nos,MYR,0,Nos,MYR,TRUE,1,0,Nos,MYR,0,Nos,MYR,0,Nos,MYR,0,Nos,MYR,"{""Implant Type Category"":""Large Fragment Screw"",""Diameter"":10.5,""Length"":85,""Screw Category"":""Large Fragment"",""Screw Type"":""Lag"",""Head Type"":""Non-Locking""}",FALSE,,FALSE,
Ultimax Supply Sdn Bhd,36474190,Omnail Lag Screw (10.5mm x 90mm),Screws,1000,10,0,Nos,WH-00350,0.05,Kg,0,Malaysia,,Omnail set (Screws),FALSE,FALSE,,0,TRUE,1,0,1000,Nos,MYR,99999999,Nos,MYR,0,Nos,MYR,TRUE,1,0,Nos,MYR,0,Nos,MYR,0,Nos,MYR,0,Nos,MYR,"{""Implant Type Category"":""Large Fragment Screw"",""Diameter"":10.5,""Length"":90,""Screw Category"":""Large Fragment"",""Screw Type"":""Lag"",""Head Type"":""Non-Locking""}",FALSE,,FALSE,
Ultimax Supply Sdn Bhd,36474195,Omnail Lag Screw (10.5mm x 95mm),Screws,1000,10,0,Nos,WH-00350,0.05,Kg,0,Malaysia,,Omnail set (Screws),FALSE,FALSE,,0,TRUE,1,0,1000,Nos,MYR,99999999,Nos,MYR,0,Nos,MYR,TRUE,1,0,Nos,MYR,0,Nos,MYR,0,Nos,MYR,0,Nos,MYR,"{""Implant Type Category"":""Large Fragment Screw"",""Diameter"":10.5,""Length"":95,""Screw Category"":""Large Fragment"",""Screw Type"":""Lag"",""Head Type"":""Non-Locking""}",FALSE,,FALSE,
Ultimax Supply Sdn Bhd,39591117,AR Nail- Short (12mm x 170mm),Intramedullary Nails,1000,10,0,Nos,WH-00348,0.25,Kg,0,Malaysia,,"Proximal Femoral Nail Long, Proximal Femoral Nail Short",FALSE,FALSE,,0,TRUE,1,0,0,Nos,MYR,99999999,Nos,MYR,0,Nos,MYR,TRUE,1,0,Nos,MYR,0,Nos,MYR,0,Nos,MYR,0,Nos,MYR,"{""Implant Type Category"":""Nail"",""Diameter"":12,""Length"":170,""Nail Type"":""Short"",""Target Bone"":""Femur""}",FALSE,,FALSE,
Ultimax Supply Sdn Bhd,39591120,AR Nail- Short (12mm x 200mm),Intramedullary Nails,1000,10,0,Nos,WH-00348,0.25,Kg,0,Malaysia,,"Proximal Femoral Nail Long, Proximal Femoral Nail Short",FALSE,FALSE,,0,TRUE,1,0,0,Nos,MYR,99999999,Nos,MYR,0,Nos,MYR,TRUE,1,0,Nos,MYR,0,Nos,MYR,0,Nos,MYR,0,Nos,MYR,"{""Implant Type Category"":""Nail"",""Diameter"":12,""Length"":200,""Nail Type"":""Short"",""Target Bone"":""Femur""}",FALSE,,FALSE,
Ultimax Supply Sdn Bhd,39591124,AR Nail- Short (12mm x 240mm),Intramedullary Nails,1000,10,0,Nos,WH-00348,0.25,Kg,0,Malaysia,,"Proximal Femoral Nail Long, Proximal Femoral Nail Short",FALSE,FALSE,,0,TRUE,1,0,0,Nos,MYR,99999999,Nos,MYR,0,Nos,MYR,TRUE,1,0,Nos,MYR,0,Nos,MYR,0,Nos,MYR,0,Nos,MYR,"{""Implant Type Category"":""Nail"",""Diameter"":12,""Length"":240,""Nail Type"":""Short"",""Target Bone"":""Femur""}",FALSE,,FALSE,
Ultimax Supply Sdn Bhd,050085,Reamer Head ⌀8.5,Drilling Instruments,1000,10,0,Nos,WH-00351,0.35,Kg,0,Malaysia,,"Neogen AR set (Instruments), Neogen ILN set (Instruments)",FALSE,FALSE,,0,TRUE,1,0,0,Nos,MYR,99999999,Nos,MYR,0,Nos,MYR,TRUE,1,0,Nos,MYR,0,Nos,MYR,0,Nos,MYR,0,Nos,MYR,"{""Instrument Category"":""Nail System"",""Diameter"":8.5,""Compatible Screw Diameter"":8.5}",FALSE,,FALSE,
Ultimax Supply Sdn Bhd,050090,Reamer Head ⌀9,Drilling Instruments,1000,10,0,Nos,WH-00351,0.35,Kg,0,Malaysia,,"Neogen AR set (Instruments), Neogen ILN set (Instruments)",FALSE,FALSE,,0,TRUE,1,0,0,Nos,MYR,99999999,Nos,MYR,0,Nos,MYR,TRUE,1,0,Nos,MYR,0,Nos,MYR,0,Nos,MYR,0,Nos,MYR,"{""Instrument Category"":""Nail System"",""Diameter"":9,""Compatible Screw Diameter"":9}",FALSE,,FALSE,
Ultimax Supply Sdn Bhd,050095,Reamer Head ⌀9.5,Drilling Instruments,1000,10,0,Nos,WH-00351,0.35,Kg,0,Malaysia,,"Neogen AR set (Instruments), Neogen ILN set (Instruments)",FALSE,FALSE,,0,TRUE,1,0,0,Nos,MYR,99999999,Nos,MYR,0,Nos,MYR,TRUE,1,0,Nos,MYR,0,Nos,MYR,0,Nos,MYR,0,Nos,MYR,"{""Instrument Category"":""Nail System"",""Diameter"":9.5,""Compatible Screw Diameter"":9.5}",FALSE,,FALSE,
Ultimax Supply Sdn Bhd,050100,Reamer Head ⌀10,Drilling Instruments,1000,10,0,Nos,WH-00351,0.35,Kg,0,Malaysia,,"Neogen AR set (Instruments), Neogen ILN set (Instruments)",FALSE,FALSE,,0,TRUE,1,0,0,Nos,MYR,99999999,Nos,MYR,0,Nos,MYR,TRUE,1,0,Nos,MYR,0,Nos,MYR,0,Nos,MYR,0,Nos,MYR,"{""Instrument Category"":""Nail System"",""Diameter"":10,""Compatible Screw Diameter"":10}",FALSE,,FALSE,
Ultimax Supply Sdn Bhd,050105,Reamer Head ⌀10.5,Drilling Instruments,1000,10,0,Nos,WH-00351,0.35,Kg,0,Malaysia,,"Neogen AR set (Instruments), Neogen ILN set (Instruments)",FALSE,FALSE,,0,TRUE,1,0,0,Nos,MYR,99999999,Nos,MYR,0,Nos,MYR,TRUE,1,0,Nos,MYR,0,Nos,MYR,0,Nos,MYR,0,Nos,MYR,"{""Instrument Category"":""Nail System"",""Diameter"":10.5}",FALSE,,FALSE,
Ultimax Supply Sdn Bhd,050110,Reamer Head ⌀11,Drilling Instruments,1000,10,0,Nos,WH-00351,0.35,Kg,0,Malaysia,,"Neogen AR set (Instruments), Neogen ILN set (Instruments)",FALSE,FALSE,,0,TRUE,1,0,0,Nos,MYR,99999999,Nos,MYR,0,Nos,MYR,TRUE,1,0,Nos,MYR,0,Nos,MYR,0,Nos,MYR,0,Nos,MYR,"{""Instrument Category"":""Nail System"",""Diameter"":11}",FALSE,,FALSE,
Ultimax Supply Sdn Bhd,050115,Reamer Head ⌀11.5,Drilling Instruments,1000,10,0,Nos,WH-00351,0.35,Kg,0,Malaysia,,"Neogen AR set (Instruments), Neogen ILN set (Instruments)",FALSE,FALSE,,0,TRUE,1,0,0,Nos,MYR,99999999,Nos,MYR,0,Nos,MYR,TRUE,1,0,Nos,MYR,0,Nos,MYR,0,Nos,MYR,0,Nos,MYR,"{""Instrument Category"":""Nail System"",""Diameter"":11.5}",FALSE,,FALSE,
Ultimax Supply Sdn Bhd,050120,Reamer Head ⌀12,Drilling Instruments,1000,10,0,Nos,WH-00351,0.35,Kg,0,Malaysia,,"Neogen AR set (Instruments), Neogen ILN set (Instruments)",FALSE,FALSE,,0,TRUE,1,0,0,Nos,MYR,99999999,Nos,MYR,0,Nos,MYR,TRUE,1,0,Nos,MYR,0,Nos,MYR,0,Nos,MYR,0,Nos,MYR,"{""Instrument Category"":""Nail System"",""Diameter"":12}",FALSE,,FALSE,
Ultimax Supply Sdn Bhd,050125,Reamer Head ⌀12.5,Drilling Instruments,1000,10,0,Nos,WH-00351,0.35,Kg,0,Malaysia,,"Neogen AR set (Instruments), Neogen ILN set (Instruments)",FALSE,FALSE,,0,TRUE,1,0,0,Nos,MYR,99999999,Nos,MYR,0,Nos,MYR,TRUE,1,0,Nos,MYR,0,Nos,MYR,0,Nos,MYR,0,Nos,MYR,"{""Instrument Category"":""Nail System"",""Diameter"":12.5}",FALSE,,FALSE,
Ultimax Supply Sdn Bhd,050130,Reamer Head ⌀13,Drilling Instruments,1000,10,0,Nos,WH-00351,0.35,Kg,0,Malaysia,,"Neogen AR set (Instruments), Neogen ILN set (Instruments)",FALSE,FALSE,,0,TRUE,1,0,0,Nos,MYR,99999999,Nos,MYR,0,Nos,MYR,TRUE,1,0,Nos,MYR,0,Nos,MYR,0,Nos,MYR,0,Nos,MYR,"{""Instrument Category"":""Nail System"",""Diameter"":13}",FALSE,,FALSE,
Ultimax Supply Sdn Bhd,050135,Reamer Head ⌀13.5,Drilling Instruments,1000,10,0,Nos,WH-00351,0.35,Kg,0,Malaysia,,"Neogen AR set (Instruments), Neogen ILN set (Instruments)",FALSE,FALSE,,0,TRUE,1,0,0,Nos,MYR,99999999,Nos,MYR,0,Nos,MYR,TRUE,1,0,Nos,MYR,0,Nos,MYR,0,Nos,MYR,0,Nos,MYR,"{""Instrument Category"":""Nail System"",""Diameter"":13.5}",FALSE,,FALSE,
Ultimax Supply Sdn Bhd,EVDB2.1,Drill Bit ⌀2.1mm,Drilling Instruments,1000,10,0,Nos,WH-00351,0.05,Kg,0,Malaysia,,VA 2.7/3.5 mm set (Instruments),FALSE,FALSE,,0,TRUE,1,0,250,Nos,MYR,99999999,Nos,MYR,0,Nos,MYR,TRUE,1,0,Nos,MYR,0,Nos,MYR,0,Nos,MYR,0,Nos,MYR,"{""Instrument Category"":""Small Fragment System"",""Function Type"":""Drill Bit"",""Diameter"":2.1,""Drill Type"":""Drill Bit"",""Compatible Screw Diameter"":2.1}",FALSE,,FALSE,
Ultimax Supply Sdn Bhd,EVDB2.7,Drill Bit ⌀2.7mm(Long),Drilling Instruments,1000,10,0,Nos,WH-00351,0.05,Kg,0,Malaysia,,"VA 2.7/3.5 mm set (Instruments), VA 2.7/3.5 mm set (Instruments)",FALSE,FALSE,,0,TRUE,1,0,250,Nos,MYR,99999999,Nos,MYR,0,Nos,MYR,TRUE,1,0,Nos,MYR,0,Nos,MYR,0,Nos,MYR,0,Nos,MYR,"{""Instrument Category"":""Small Fragment System"",""Function Type"":""Drill Bit"",""Diameter"":2.7,""Drill Type"":""Drill Bit"",""Compatible Screw Diameter"":2.7}",FALSE,,FALSE,
Ultimax Supply Sdn Bhd,EVDGB2.1,Drill Bit Ø2.1mm,Drilling Instruments,1000,10,0,Nos,WH-00351,0.05,Kg,0,Malaysia,,VA 2.7 mm set (Instruments),FALSE,FALSE,,0,TRUE,1,0,0,Nos,MYR,99999999,Nos,MYR,0,Nos,MYR,TRUE,1,0,Nos,MYR,0,Nos,MYR,0,Nos,MYR,0,Nos,MYR,"{""Instrument Category"":""Small Fragment System"",""Function Type"":""Drill Bit"",""Diameter"":2.1,""Drill Type"":""Drill Bit"",""Compatible Screw Diameter"":2.1}",FALSE,,FALSE,
Ultimax Supply Sdn Bhd,EVDGB2.7,Drill Bit ⌀2.7mm,Drilling Instruments,1000,10,0,Nos,WH-00351,0.05,Kg,0,Malaysia,,"VA 2.7 mm set (Instruments), VA 3.5 mm set (Instruments), VA 3.5 mm set (Instruments)",FALSE,FALSE,,0,TRUE,1,0,0,Nos,MYR,99999999,Nos,MYR,0,Nos,MYR,TRUE,1,0,Nos,MYR,0,Nos,MYR,0,Nos,MYR,0,Nos,MYR,"{""Instrument Category"":""Small Fragment System"",""Function Type"":""Drill Bit"",""Diameter"":2.7,""Drill Type"":""Drill Bit"",""Compatible Screw Diameter"":2.7}",FALSE,,FALSE,
Ultimax Supply Sdn Bhd,EVGP4.0,Schanz Pin ⌀4.0mm,Drilling Instruments,1000,10,0,Nos,WH-00351,0.02,Kg,0,Malaysia,,Neogen ILN set (Instruments),FALSE,FALSE,,0,TRUE,1,0,250,Nos,MYR,99999999,Nos,MYR,0,Nos,MYR,TRUE,1,0,Nos,MYR,0,Nos,MYR,0,Nos,MYR,0,Nos,MYR,"{""Instrument Category"":""Nail System"",""Diameter"":4,""Compatible Screw Diameter"":4}",FALSE,,FALSE,
Ultimax Supply Sdn Bhd,EVTDB4.0,Trochar Drill Bit ⌀4.0mm,Drilling Instruments,1000,10,0,Nos,WH-00351,0.05,Kg,0,Malaysia,,"Neogen AR set (Instruments), Neogen ILN set (Instruments)",FALSE,FALSE,,0,TRUE,1,0,250,Nos,MYR,99999999,Nos,MYR,0,Nos,MYR,TRUE,1,0,Nos,MYR,0,Nos,MYR,0,Nos,MYR,0,Nos,MYR,"{""Instrument Category"":""Nail System"",""Function Type"":""Drill Bit"",""Diameter"":4,""Drill Type"":""Drill Bit"",""Tip Type"":""Trocar"",""Compatible Screw Diameter"":4}",FALSE,,FALSE,
Ultimax Supply Sdn Bhd,EVTDB4.3,Trochar Drill Bit ⌀4.3mm,Drilling Instruments,1000,10,0,Nos,WH-00351,0.05,Kg,0,Malaysia,,"Neogen AR set (Instruments), Neogen ILN set (Instruments)",FALSE,FALSE,,0,TRUE,1,0,250,Nos,MYR,99999999,Nos,MYR,0,Nos,MYR,TRUE,1,0,Nos,MYR,0,Nos,MYR,0,Nos,MYR,0,Nos,MYR,"{""Instrument Category"":""Nail System"",""Function Type"":""Drill Bit"",""Diameter"":4.3,""Drill Type"":""Drill Bit"",""Tip Type"":""Trocar"",""Compatible Screw Diameter"":4.3}",FALSE,,FALSE,
Ultimax Supply Sdn Bhd,HC-C4-7.5-D,Alamo 7.5cc,Bone Graft Materials,1000,10,0,Nos,WH-00352,0.02,Kg,0,Malaysia,,Bone Graft,FALSE,FALSE,,0,TRUE,1,0,0,Nos,MYR,99999999,Nos,MYR,0,Nos,MYR,TRUE,1,0,Nos,MYR,0,Nos,MYR,0,Nos,MYR,0,Nos,MYR,"{""Graft Type"":""Synthetic"",""Volume"":7.5}",FALSE,,FALSE,
Ultimax Supply Sdn Bhd,T43101INT,DBM Grafton 0.5cc,Bone Graft Materials,1000,10,0,Nos,WH-00352,0.005,Kg,0,Malaysia,,Bone Graft,FALSE,FALSE,,0,TRUE,1,0,250,Nos,MYR,99999999,Nos,MYR,0,Nos,MYR,TRUE,1,0,Nos,MYR,0,Nos,MYR,0,Nos,MYR,0,Nos,MYR,"{""Graft Type"":""Allograft"",""Volume"":0.5}",FALSE,,FALSE,
Ultimax Supply Sdn Bhd,T43102INT,DBM Grafton 1cc,Bone Graft Materials,1000,10,0,Nos,WH-00352,0.005,Kg,0,Malaysia,,Bone Graft,FALSE,FALSE,,0,TRUE,1,0,250,Nos,MYR,99999999,Nos,MYR,0,Nos,MYR,TRUE,1,0,Nos,MYR,0,Nos,MYR,0,Nos,MYR,0,Nos,MYR,"{""Graft Type"":""Allograft"",""Volume"":1}",FALSE,,FALSE,
Ultimax Supply Sdn Bhd,T43105INT,DBM Grafton 5cc,Bone Graft Materials,1000,10,0,Nos,WH-00352,0.01,Kg,0,Malaysia,,Bone Graft,FALSE,FALSE,,0,TRUE,1,0,250,Nos,MYR,99999999,Nos,MYR,0,Nos,MYR,TRUE,1,0,Nos,MYR,0,Nos,MYR,0,Nos,MYR,0,Nos,MYR,"{""Graft Type"":""Allograft"",""Volume"":5}",FALSE,,FALSE,
Ultimax Supply Sdn Bhd,TBGF25804,BionGraft Flex 20x80x4mm,Bone Graft Materials,1000,10,0,Nos,WH-00352,0.01,Kg,0,Malaysia,,Bone Graft,FALSE,FALSE,,0,TRUE,1,0,250,Nos,MYR,99999999,Nos,MYR,0,Nos,MYR,TRUE,1,0,Nos,MYR,0,Nos,MYR,0,Nos,MYR,0,Nos,MYR,"{""Graft Type"":""Synthetic"",""Form"":""Flex""}",FALSE,,FALSE,
Ultimax Supply Sdn Bhd,TBGG020405,BionGraft 5cc Granules,Bone Graft Materials,1000,10,0,Nos,WH-00352,0.01,Kg,0,Malaysia,,Bone Graft,FALSE,FALSE,,0,TRUE,1,0,250,Nos,MYR,99999999,Nos,MYR,0,Nos,MYR,TRUE,1,0,Nos,MYR,0,Nos,MYR,0,Nos,MYR,0,Nos,MYR,"{""Graft Type"":""Synthetic"",""Form"":""Granules"",""Volume"":5}",FALSE,,FALSE,
Ultimax Supply Sdn Bhd,TBGG020410,BionGraft 10cc Granules,Bone Graft Materials,1000,10,0,Nos,WH-00352,0.02,Kg,0,Malaysia,,Bone Graft,FALSE,FALSE,,0,TRUE,1,0,250,Nos,MYR,99999999,Nos,MYR,0,Nos,MYR,TRUE,1,0,Nos,MYR,0,Nos,MYR,0,Nos,MYR,0,Nos,MYR,"{""Graft Type"":""Synthetic"",""Form"":""Granules"",""Volume"":10}",FALSE,,FALSE,
Ultimax Supply Sdn Bhd,TBGP03,BionGraft 3cc Putty,Bone Graft Materials,1000,10,0,Nos,WH-00352,0.01,Kg,0,Malaysia,,Bone Graft,FALSE,FALSE,,0,TRUE,1,0,250,Nos,MYR,99999999,Nos,MYR,0,Nos,MYR,TRUE,1,0,Nos,MYR,0,Nos,MYR,0,Nos,MYR,0,Nos,MYR,"{""Graft Type"":""Synthetic"",""Form"":""Putty"",""Volume"":3}",FALSE,,FALSE,
Ultimax Supply Sdn Bhd,TBGP05,BionGraft 5cc Putty,Bone Graft Materials,1000,10,0,Nos,WH-00352,0.01,Kg,0,Malaysia,,Bone Graft,FALSE,FALSE,,0,TRUE,1,0,250,Nos,MYR,99999999,Nos,MYR,0,Nos,MYR,TRUE,1,0,Nos,MYR,0,Nos,MYR,0,Nos,MYR,0,Nos,MYR,"{""Graft Type"":""Synthetic"",""Form"":""Putty"",""Volume"":5}",FALSE,,FALSE,
Ultimax Supply Sdn Bhd,ZQ3413RN,Depth Gauge,Measurement Instruments,1000,10,0,Nos,WH-00351,0.15,Kg,0,Malaysia,,VA 4.5/ 5.0 mm set (Instruments),FALSE,FALSE,,0,TRUE,1,0,0,Nos,MYR,99999999,Nos,MYR,0,Nos,MYR,TRUE,1,0,Nos,MYR,0,Nos,MYR,0,Nos,MYR,0,Nos,MYR,"{""Instrument Category"":""Large Fragment System"",""Function Type"":""Depth Gauge"",""Measurement Type"":""Depth Gauge""}",FALSE,,FALSE,
Ultimax Supply Sdn Bhd,24284103,"Distal Radius Oblique T LCP (R,5+3H)",Plates,1000,10,0,Nos,WH-00347,0.03,Kg,0,Malaysia,,VA Distal Radius Volar Oblique-T LCP 2.7mm,FALSE,FALSE,,0,TRUE,1,0,0,Nos,MYR,99999999,Nos,MYR,0,Nos,MYR,TRUE,1,0,Nos,MYR,0,Nos,MYR,0,Nos,MYR,0,Nos,MYR,"{""Implant Type Category"":""Small Fragment Plate"",""Plate Category"":""Small Fragment"",""Plate Type"":""LCP"",""Plate Profile"":""Anatomical"",""Total Holes"":8,""Combi Holes"":true,""Side"":""R"",""Anatomy"":""Distal Radius Oblique T"",""Body Hole Count"":3}",FALSE,,FALSE,
Ultimax Supply Sdn Bhd,24284104,"Distal Radius Oblique T LCP (R,5+4H)",Plates,1000,10,0,Nos,WH-00347,0.03,Kg,0,Malaysia,,VA Distal Radius Volar Oblique-T LCP 2.7mm,FALSE,FALSE,,0,TRUE,1,0,0,Nos,MYR,99999999,Nos,MYR,0,Nos,MYR,TRUE,1,0,Nos,MYR,0,Nos,MYR,0,Nos,MYR,0,Nos,MYR,"{""Implant Type Category"":""Small Fragment Plate"",""Plate Category"":""Small Fragment"",""Plate Type"":""LCP"",""Plate Profile"":""Anatomical"",""Total Holes"":9,""Combi Holes"":true,""Side"":""R"",""Anatomy"":""Distal Radius Oblique T"",""Body Hole Count"":4}",FALSE,,FALSE,
Ultimax Supply Sdn Bhd,24284203,"Distal Radius Oblique T LCP (L,5+3H)",Plates,1000,10,0,Nos,WH-00347,0.03,Kg,0,Malaysia,,VA Distal Radius Volar Oblique-T LCP 2.7mm,FALSE,FALSE,,0,TRUE,1,0,0,Nos,MYR,99999999,Nos,MYR,0,Nos,MYR,TRUE,1,0,Nos,MYR,0,Nos,MYR,0,Nos,MYR,0,Nos,MYR,"{""Implant Type Category"":""Small Fragment Plate"",""Plate Category"":""Small Fragment"",""Plate Type"":""LCP"",""Plate Profile"":""Anatomical"",""Total Holes"":8,""Combi Holes"":true,""Side"":""L"",""Anatomy"":""Distal Radius Oblique T"",""Body Hole Count"":3}",FALSE,,FALSE,
Ultimax Supply Sdn Bhd,24284204,"Distal Radius Oblique T LCP (L,5+4H)",Plates,1000,10,0,Nos,WH-00347,0.03,Kg,0,Malaysia,,VA Distal Radius Volar Oblique-T LCP 2.7mm,FALSE,FALSE,,0,TRUE,1,0,0,Nos,MYR,99999999,Nos,MYR,0,Nos,MYR,TRUE,1,0,Nos,MYR,0,Nos,MYR,0,Nos,MYR,0,Nos,MYR,"{""Implant Type Category"":""Small Fragment Plate"",""Plate Category"":""Small Fragment"",""Plate Type"":""LCP"",""Plate Profile"":""Anatomical"",""Total Holes"":9,""Combi Holes"":true,""Side"":""L"",""Anatomy"":""Distal Radius Oblique T"",""Body Hole Count"":4}",FALSE,,FALSE,
Ultimax Supply Sdn Bhd,T0010,VA Distal Radius Two-Column LCP 2.7mm,Plates,,,,,WH-00347,0,kg ,0,Malaysia,,,TRUE,FALSE,,0,TRUE,0,0,2500,nos ,MYR,99999999,Nos ,MYR,0,Nos,MYR,FALSE,0,0,Nos,MYR,0,Nos,MYR,0,Nos,MYR,0,Nos,MYR,{},FALSE,,,
Ultimax Supply Sdn Bhd,T0011,VA Distal Radius Column LCP 2.7mm,Plates,,,,,WH-00347,0,kg ,0,Malaysia,,,TRUE,FALSE,,0,TRUE,0,0,3000,nos ,MYR,99999999,Nos ,MYR,0,Nos,MYR,FALSE,0,0,Nos,MYR,0,Nos,MYR,0,Nos,MYR,0,Nos,MYR,{},FALSE,,,
Ultimax Supply Sdn Bhd,T0012,VA Distal Radius Volar Juxta LCP 2.7mm,Plates,,,,,WH-00347,0,kg ,0,Malaysia,,,TRUE,FALSE,,0,TRUE,0,0,2500,nos ,MYR,99999999,Nos ,MYR,0,Nos,MYR,FALSE,0,0,Nos,MYR,0,Nos,MYR,0,Nos,MYR,0,Nos,MYR,{},FALSE,,,
Ultimax Supply Sdn Bhd,T0014,VA Distal Lateral Ulna LCP 2.7mm,Plates,,,,,WH-00347,0,kg ,0,Malaysia,,,TRUE,FALSE,,0,TRUE,0,0,1800,nos ,MYR,99999999,Nos ,MYR,0,Nos,MYR,FALSE,0,0,Nos,MYR,0,Nos,MYR,0,Nos,MYR,0,Nos,MYR,{},FALSE,,,
Ultimax Supply Sdn Bhd,T0013,VA Distal Radius Volar Oblique-T LCP 2.7mm,Plates,,,,,WH-00347,0,kg ,0,Malaysia,,,TRUE,FALSE,,0,TRUE,0,0,2500,nos ,MYR,99999999,Nos ,MYR,0,Nos,MYR,FALSE,0,0,Nos,MYR,0,Nos,MYR,0,Nos,MYR,0,Nos,MYR,{},FALSE,,,
Ultimax Supply Sdn Bhd,T0015,VA Clavicle Hook LCP 2.7/3.5mm,Plates,,,,,WH-00347,0,kg ,0,Malaysia,,,TRUE,FALSE,,0,TRUE,0,0,2000,nos ,MYR,99999999,Nos ,MYR,0,Nos,MYR,FALSE,0,0,Nos,MYR,0,Nos,MYR,0,Nos,MYR,0,Nos,MYR,{},FALSE,,,
Ultimax Supply Sdn Bhd,T0016,VA Recon Clavicle LCP 2.7/3.5mm,Plates,,,,,WH-00347,0,kg ,0,Malaysia,,,TRUE,FALSE,,0,TRUE,0,0,2200,nos ,MYR,99999999,Nos ,MYR,0,Nos,MYR,FALSE,0,0,Nos,MYR,0,Nos,MYR,0,Nos,MYR,0,Nos,MYR,{},FALSE,,,
Ultimax Supply Sdn Bhd,T0017,VA Anterolateral Clavicle LCP 2.7/3.5mm,Plates,,,,,WH-00347,0,kg ,0,Malaysia,,,TRUE,FALSE,,0,TRUE,0,0,2600,nos ,MYR,99999999,Nos ,MYR,0,Nos,MYR,FALSE,0,0,Nos,MYR,0,Nos,MYR,0,Nos,MYR,0,Nos,MYR,{},FALSE,,,
Ultimax Supply Sdn Bhd,T0018,VA Proximal Humerus LCP 3.5mm,Plates,,,,,WH-00347,0,kg ,0,Malaysia,,,TRUE,FALSE,,0,TRUE,0,0,2600,nos ,MYR,99999999,Nos ,MYR,0,Nos,MYR,FALSE,0,0,Nos,MYR,0,Nos,MYR,0,Nos,MYR,0,Nos,MYR,{},FALSE,,,
Ultimax Supply Sdn Bhd,T0019,VA Distal Medial Humerus LCP 2.7/3.5mm,Plates,,,,,WH-00347,0,kg ,0,Malaysia,,,TRUE,FALSE,,0,TRUE,0,0,3200,nos ,MYR,99999999,Nos ,MYR,0,Nos,MYR,FALSE,0,0,Nos,MYR,0,Nos,MYR,0,Nos,MYR,0,Nos,MYR,{},FALSE,,,
Ultimax Supply Sdn Bhd,T0020,VA Distal Dorsal Lateral Humerus LCP 2.7/3.5mm,Plates,,,,,WH-00347,0,kg ,0,Malaysia,,,TRUE,FALSE,,0,TRUE,0,0,3200,nos ,MYR,99999999,Nos ,MYR,0,Nos,MYR,FALSE,0,0,Nos,MYR,0,Nos,MYR,0,Nos,MYR,0,Nos,MYR,{},FALSE,,,
Ultimax Supply Sdn Bhd,T0022,VA Proximal Medial Posterior Tibial LCP 3.5mm,Plates,,,,,WH-00347,0,kg ,0,Malaysia,,,TRUE,FALSE,,0,TRUE,0,0,2600,nos ,MYR,99999999,Nos ,MYR,0,Nos,MYR,FALSE,0,0,Nos,MYR,0,Nos,MYR,0,Nos,MYR,0,Nos,MYR,{},FALSE,,,
Ultimax Supply Sdn Bhd,T0024,VA Proximal Lateral Tibial LCP 3.5mm,Plates,,,,,WH-00347,0,kg ,0,Malaysia,,,TRUE,FALSE,,0,TRUE,0,0,3000,nos ,MYR,99999999,Nos ,MYR,0,Nos,MYR,FALSE,0,0,Nos,MYR,0,Nos,MYR,0,Nos,MYR,0,Nos,MYR,{},FALSE,,,
Ultimax Supply Sdn Bhd,T0025,VA Proximal Lateral Tibial LCP 4.5/5.0mm,Plates,,,,,WH-00347,0,kg ,0,Malaysia,,,TRUE,FALSE,,0,TRUE,0,0,3000,nos ,MYR,99999999,Nos ,MYR,0,Nos,MYR,FALSE,0,0,Nos,MYR,0,Nos,MYR,0,Nos,MYR,0,Nos,MYR,{},FALSE,,,
Ultimax Supply Sdn Bhd,T0030,VA Proximal Femoral LCP 4.5/5.0mm,Plates,,,,,WH-00347,0,kg ,0,Malaysia,,,TRUE,FALSE,,0,TRUE,0,0,3500,nos ,MYR,99999999,Nos ,MYR,0,Nos,MYR,FALSE,0,0,Nos,MYR,0,Nos,MYR,0,Nos,MYR,0,Nos,MYR,{},FALSE,,,
Ultimax Supply Sdn Bhd,T0021,"VA Straight LCP 3.5mm, 3.2mm",Plates,,,,,WH-00347,0,kg ,0,Malaysia,,,TRUE,FALSE,,0,TRUE,0,0,1500,nos ,MYR,99999999,Nos ,MYR,0,Nos,MYR,FALSE,0,0,Nos,MYR,0,Nos,MYR,0,Nos,MYR,0,Nos,MYR,{},FALSE,,,
Ultimax Supply Sdn Bhd,T0063,"VA Straight LCP 3.5mm, 4.0mm",Plates,,,,,WH-00347,0,kg ,0,Malaysia,,,TRUE,FALSE,,0,TRUE,0,0,1500,nos ,MYR,99999999,Nos ,MYR,0,Nos,MYR,FALSE,0,0,Nos,MYR,0,Nos,MYR,0,Nos,MYR,0,Nos,MYR,{},FALSE,,,
Ultimax Supply Sdn Bhd,T0031,Broad LCP 4.5/5.0mm,Plates,,,,,WH-00347,0,kg ,0,Malaysia,,,TRUE,FALSE,,0,TRUE,0,0,2000,nos ,MYR,99999999,Nos ,MYR,0,Nos,MYR,FALSE,0,0,Nos,MYR,0,Nos,MYR,0,Nos,MYR,0,Nos,MYR,{},FALSE,,,
Ultimax Supply Sdn Bhd,T0029,VA Distal Femoral LCP 4.5/5.0mm,Plates,,,,,WH-00347,0,kg ,0,Malaysia,,,TRUE,FALSE,,0,TRUE,0,0,3000,nos ,MYR,99999999,Nos ,MYR,0,Nos,MYR,FALSE,0,0,Nos,MYR,0,Nos,MYR,0,Nos,MYR,0,Nos,MYR,{},FALSE,,,
Ultimax Supply Sdn Bhd,T0028,VA Distal Fibular LCP 2.7/3.5mm,Plates,,,,,WH-00347,0,kg ,0,Malaysia,,,TRUE,FALSE,,0,TRUE,0,0,2600,nos ,MYR,99999999,Nos ,MYR,0,Nos,MYR,FALSE,0,0,Nos,MYR,0,Nos,MYR,0,Nos,MYR,0,Nos,MYR,{},FALSE,,,
Ultimax Supply Sdn Bhd,T0026,VA Distal Tibial LCP 3.5mm,Plates,,,,,WH-00347,0,kg ,0,Malaysia,,,TRUE,FALSE,,0,TRUE,0,0,2700,nos ,MYR,99999999,Nos ,MYR,0,Nos,MYR,FALSE,0,0,Nos,MYR,0,Nos,MYR,0,Nos,MYR,0,Nos,MYR,{},FALSE,,,
Ultimax Supply Sdn Bhd,T0023,VA Proximal Medial Tibial LCP 3.5mm,Plates,,,,,WH-00347,0,kg ,0,Malaysia,,,TRUE,FALSE,,0,TRUE,0,0,2600,nos ,MYR,99999999,Nos ,MYR,0,Nos,MYR,FALSE,0,0,Nos,MYR,0,Nos,MYR,0,Nos,MYR,0,Nos,MYR,{},FALSE,,,
Ultimax Supply Sdn Bhd,T0052,Recon LCP 3.5mm,Plates,,,,,WH-00347,0,kg ,0,Malaysia,,,TRUE,FALSE,,0,TRUE,0,0,1500,nos ,MYR,99999999,Nos ,MYR,0,Nos,MYR,FALSE,0,0,Nos,MYR,0,Nos,MYR,0,Nos,MYR,0,Nos,MYR,{},FALSE,,,
Ultimax Supply Sdn Bhd,T0004,Proximal Femoral Nail Short,Intramedullary Nails,,,,,WH-00348,0,kg ,0,Malaysia,,,TRUE,FALSE,,0,TRUE,0,0,1700,nos ,MYR,99999999,Nos ,MYR,0,Nos,MYR,FALSE,0,0,Nos,MYR,0,Nos,MYR,0,Nos,MYR,0,Nos,MYR,{},FALSE,,,
Ultimax Supply Sdn Bhd,T0005,Proximal Femoral Nail Long,Intramedullary Nails,,,,,WH-00348,0,kg ,0,Malaysia,,,TRUE,FALSE,,0,TRUE,0,0,2400,nos ,MYR,99999999,Nos ,MYR,0,Nos,MYR,FALSE,0,0,Nos,MYR,0,Nos,MYR,0,Nos,MYR,0,Nos,MYR,{},FALSE,,,
Ultimax Supply Sdn Bhd,T0003,Interlocking Tibial Nail,Intramedullary Nails,,,,,WH-00348,0,kg ,0,Malaysia,,,TRUE,FALSE,,0,TRUE,0,0,1300,nos ,MYR,99999999,Nos ,MYR,0,Nos,MYR,FALSE,0,0,Nos,MYR,0,Nos,MYR,0,Nos,MYR,0,Nos,MYR,{},FALSE,,,
Ultimax Supply Sdn Bhd,T0001,Interlocking Femoral Nail Standard,Intramedullary Nails,,,,,WH-00348,0,kg ,0,Malaysia,,,TRUE,FALSE,,0,TRUE,0,0,1300,nos ,MYR,99999999,Nos ,MYR,0,Nos,MYR,FALSE,0,0,Nos,MYR,0,Nos,MYR,0,Nos,MYR,0,Nos,MYR,{},FALSE,,,
Ultimax Supply Sdn Bhd,T0002,Interlocking Femoral Nail Recon,Intramedullary Nails,,,,,WH-00348,0,kg ,0,Malaysia,,,TRUE,FALSE,,0,TRUE,0,0,1700,nos ,MYR,99999999,Nos ,MYR,0,Nos,MYR,FALSE,0,0,Nos,MYR,0,Nos,MYR,0,Nos,MYR,0,Nos,MYR,{},FALSE,,,
Ultimax Supply Sdn Bhd,T0007,Supra Patella Tibial Nail,Intramedullary Nails,,,,,WH-00348,0,kg ,0,Malaysia,,,TRUE,FALSE,,0,TRUE,0,0,2000,nos ,MYR,99999999,Nos ,MYR,0,Nos,MYR,FALSE,0,0,Nos,MYR,0,Nos,MYR,0,Nos,MYR,0,Nos,MYR,{},FALSE,,,
Ultimax Supply Sdn Bhd,T0008,Omnail Short,Intramedullary Nails,,,,,WH-00348,0,kg ,0,Malaysia,,,TRUE,FALSE,,0,TRUE,0,0,2400,nos ,MYR,99999999,Nos ,MYR,0,Nos,MYR,FALSE,0,0,Nos,MYR,0,Nos,MYR,0,Nos,MYR,0,Nos,MYR,{},FALSE,,,
Ultimax Supply Sdn Bhd,T0009,Omnail Long,Intramedullary Nails,,,,,WH-00348,0,kg ,0,Malaysia,,,TRUE,FALSE,,0,TRUE,0,0,3800,nos ,MYR,99999999,Nos ,MYR,0,Nos,MYR,FALSE,0,0,Nos,MYR,0,Nos,MYR,0,Nos,MYR,0,Nos,MYR,{},FALSE,,,
Ultimax Supply Sdn Bhd,T0006,Retrograde Femoral Nail,Intramedullary Nails,,,,,WH-00348,0,kg ,0,Malaysia,,,TRUE,FALSE,,0,TRUE,0,0,2200,nos ,MYR,99999999,Nos ,MYR,0,Nos,MYR,FALSE,0,0,Nos,MYR,0,Nos,MYR,0,Nos,MYR,0,Nos,MYR,{},FALSE,,,
Ultimax Supply Sdn Bhd,T0033,7.3mm Cannulated Screw,Cannulated Screws (KCS),,,,,WH-00349,0,kg ,0,Malaysia,,,TRUE,FALSE,,0,TRUE,0,0,500,nos ,MYR,99999999,Nos ,MYR,0,Nos,MYR,FALSE,0,0,Nos,MYR,0,Nos,MYR,0,Nos,MYR,0,Nos,MYR,{},FALSE,,,
Ultimax Supply Sdn Bhd,T0032,4.0mm Cannulated Screw,Cannulated Screws (KCS),,,,,WH-00349,0,kg ,0,Malaysia,,,TRUE,FALSE,,0,TRUE,0,0,500,nos ,MYR,99999999,Nos ,MYR,0,Nos,MYR,FALSE,0,0,Nos,MYR,0,Nos,MYR,0,Nos,MYR,0,Nos,MYR,{},FALSE,,,
Ultimax Supply Sdn Bhd,BG001,Bone Graft,Bone Graft Materials,,,,,WH-00352,0,kg ,0,Malaysia,,,TRUE,FALSE,,0,TRUE,0,0,0,nos ,MYR,99999999,Nos ,MYR,0,Nos,MYR,FALSE,0,0,Nos,MYR,0,Nos,MYR,0,Nos,MYR,0,Nos,MYR,{},FALSE,,,
Ultimax Supply Sdn Bhd,PT001,Power Tool,-,,,,,,0,kg ,0,Malaysia,,,TRUE,FALSE,,0,TRUE,0,0,0,nos ,MYR,99999999,Nos ,MYR,0,Nos,MYR,FALSE,0,0,Nos,MYR,0,Nos,MYR,0,Nos,MYR,0,Nos,MYR,{},FALSE,,,
Ultimax Supply Sdn Bhd,I0001,VA 2.7 mm set (Instruments),Orthopedic Instruments,,,,,WH-00351,0,kg ,0,Malaysia,,,TRUE,FALSE,,0,TRUE,0,0,0,nos ,MYR,99999999,Nos ,MYR,0,Nos,MYR,FALSE,0,0,Nos,MYR,0,Nos,MYR,0,Nos,MYR,0,Nos,MYR,{},FALSE,,,
Ultimax Supply Sdn Bhd,I0002,VA 2.7/3.5 mm set (Instruments),Orthopedic Instruments,,,,,WH-00351,0,kg ,0,Malaysia,,,TRUE,FALSE,,0,TRUE,0,0,0,nos ,MYR,99999999,Nos ,MYR,0,Nos,MYR,FALSE,0,0,Nos,MYR,0,Nos,MYR,0,Nos,MYR,0,Nos,MYR,{},FALSE,,,
Ultimax Supply Sdn Bhd,I0003,VA 3.5 mm set (Instruments),Orthopedic Instruments,,,,,WH-00351,0,kg ,0,Malaysia,,,TRUE,FALSE,,0,TRUE,0,0,0,nos ,MYR,99999999,Nos ,MYR,0,Nos,MYR,FALSE,0,0,Nos,MYR,0,Nos,MYR,0,Nos,MYR,0,Nos,MYR,{},FALSE,,,
Ultimax Supply Sdn Bhd,I0004,VA 4.5/ 5.0 mm set (Instruments),Orthopedic Instruments,,,,,WH-00351,0,kg ,0,Malaysia,,,TRUE,FALSE,,0,TRUE,0,0,0,nos ,MYR,99999999,Nos ,MYR,0,Nos,MYR,FALSE,0,0,Nos,MYR,0,Nos,MYR,0,Nos,MYR,0,Nos,MYR,{},FALSE,,,
Ultimax Supply Sdn Bhd,I0005,Neogen ILN set (Instruments),Orthopedic Instruments,,,,,WH-00351,0,kg ,0,Malaysia,,,TRUE,FALSE,,0,TRUE,0,0,0,nos ,MYR,99999999,Nos ,MYR,0,Nos,MYR,FALSE,0,0,Nos,MYR,0,Nos,MYR,0,Nos,MYR,0,Nos,MYR,{},FALSE,,,
Ultimax Supply Sdn Bhd,I0006,Neogen AR set (Instruments),Orthopedic Instruments,,,,,WH-00351,0,kg ,0,Malaysia,,,TRUE,FALSE,,0,TRUE,0,0,0,nos ,MYR,99999999,Nos ,MYR,0,Nos,MYR,FALSE,0,0,Nos,MYR,0,Nos,MYR,0,Nos,MYR,0,Nos,MYR,{},FALSE,,,
Ultimax Supply Sdn Bhd,I0007,Neosupra set (Instruments),Orthopedic Instruments,,,,,WH-00351,0,kg ,0,Malaysia,,,TRUE,FALSE,,0,TRUE,0,0,0,nos ,MYR,99999999,Nos ,MYR,0,Nos,MYR,FALSE,0,0,Nos,MYR,0,Nos,MYR,0,Nos,MYR,0,Nos,MYR,{},FALSE,,,
Ultimax Supply Sdn Bhd,I0008,Omnail set (Instruments),Orthopedic Instruments,,,,,WH-00351,0,kg ,0,Malaysia,,,TRUE,FALSE,,0,TRUE,0,0,0,nos ,MYR,99999999,Nos ,MYR,0,Nos,MYR,FALSE,0,0,Nos,MYR,0,Nos,MYR,0,Nos,MYR,0,Nos,MYR,{},FALSE,,,
Ultimax Supply Sdn Bhd,I0009,4.0mm KCS set (Insturment),Orthopedic Instruments,,,,,WH-00351,0,kg ,0,Malaysia,,,TRUE,FALSE,,0,TRUE,0,0,0,nos ,MYR,99999999,Nos ,MYR,0,Nos,MYR,FALSE,0,0,Nos,MYR,0,Nos,MYR,0,Nos,MYR,0,Nos,MYR,{},FALSE,,,
Ultimax Supply Sdn Bhd,I0010,7.3mm KCS set (Insturment),Orthopedic Instruments,,,,,WH-00351,0,kg ,0,Malaysia,,,TRUE,FALSE,,0,TRUE,0,0,0,nos ,MYR,99999999,Nos ,MYR,0,Nos,MYR,FALSE,0,0,Nos,MYR,0,Nos,MYR,0,Nos,MYR,0,Nos,MYR,{},FALSE,,,
Ultimax Supply Sdn Bhd,S0001,VA 2.7 mm set (Screws),Screws,,,,,WH-00350,0,kg ,0,Malaysia,,,TRUE,FALSE,,0,TRUE,0,0,0,nos ,MYR,99999999,Nos ,MYR,0,Nos,MYR,FALSE,0,0,Nos,MYR,0,Nos,MYR,0,Nos,MYR,0,Nos,MYR,{},FALSE,,,
Ultimax Supply Sdn Bhd,S0002,VA 2.7/3.5 mm set (Screws),Screws,,,,,WH-00350,0,kg ,0,Malaysia,,,TRUE,FALSE,,0,TRUE,0,0,0,nos ,MYR,99999999,Nos ,MYR,0,Nos,MYR,FALSE,0,0,Nos,MYR,0,Nos,MYR,0,Nos,MYR,0,Nos,MYR,{},FALSE,,,
Ultimax Supply Sdn Bhd,S0003,VA 3.5 mm set (Screws),Screws,,,,,WH-00350,0,kg ,0,Malaysia,,,TRUE,FALSE,,0,TRUE,0,0,0,nos ,MYR,99999999,Nos ,MYR,0,Nos,MYR,FALSE,0,0,Nos,MYR,0,Nos,MYR,0,Nos,MYR,0,Nos,MYR,{},FALSE,,,
Ultimax Supply Sdn Bhd,S0004,VA 4.5/ 5.0 mm set (Screws),Screws,,,,,WH-00350,0,kg ,0,Malaysia,,,TRUE,FALSE,,0,TRUE,0,0,0,nos ,MYR,99999999,Nos ,MYR,0,Nos,MYR,FALSE,0,0,Nos,MYR,0,Nos,MYR,0,Nos,MYR,0,Nos,MYR,{},FALSE,,,
Ultimax Supply Sdn Bhd,S0005,Neogen ILN set (Screws),Screws,,,,,WH-00350,0,kg ,0,Malaysia,,,TRUE,FALSE,,0,TRUE,0,0,0,nos ,MYR,99999999,Nos ,MYR,0,Nos,MYR,FALSE,0,0,Nos,MYR,0,Nos,MYR,0,Nos,MYR,0,Nos,MYR,{},FALSE,,,
Ultimax Supply Sdn Bhd,S0006,Neogen AR set (Screws),Screws,,,,,WH-00350,0,kg ,0,Malaysia,,,TRUE,FALSE,,0,TRUE,0,0,0,nos ,MYR,99999999,Nos ,MYR,0,Nos,MYR,FALSE,0,0,Nos,MYR,0,Nos,MYR,0,Nos,MYR,0,Nos,MYR,{},FALSE,,,
Ultimax Supply Sdn Bhd,S0007,Neosupra set (Screws),Screws,,,,,WH-00350,0,kg ,0,Malaysia,,,TRUE,FALSE,,0,TRUE,0,0,0,nos ,MYR,99999999,Nos ,MYR,0,Nos,MYR,FALSE,0,0,Nos,MYR,0,Nos,MYR,0,Nos,MYR,0,Nos,MYR,{},FALSE,,,
Ultimax Supply Sdn Bhd,S0008,Omnail set (Screws),Screws,,,,,WH-00350,0,kg ,0,Malaysia,,,TRUE,FALSE,,0,TRUE,0,0,0,nos ,MYR,99999999,Nos ,MYR,0,Nos,MYR,FALSE,0,0,Nos,MYR,0,Nos,MYR,0,Nos,MYR,0,Nos,MYR,{},FALSE,,,